-- MySQL dump 10.11
--
-- Host: localhost    Database: t38891_gudang
-- ------------------------------------------------------
-- Server version	5.0.51a-24+lenny4

/*!40101 SET @OLD_CHARACTER_SET_CLIENT=@@CHARACTER_SET_CLIENT */;
/*!40101 SET @OLD_CHARACTER_SET_RESULTS=@@CHARACTER_SET_RESULTS */;
/*!40101 SET @OLD_COLLATION_CONNECTION=@@COLLATION_CONNECTION */;
/*!40101 SET NAMES utf8 */;
/*!40103 SET @OLD_TIME_ZONE=@@TIME_ZONE */;
/*!40103 SET TIME_ZONE='+00:00' */;
/*!40014 SET @OLD_UNIQUE_CHECKS=@@UNIQUE_CHECKS, UNIQUE_CHECKS=0 */;
/*!40014 SET @OLD_FOREIGN_KEY_CHECKS=@@FOREIGN_KEY_CHECKS, FOREIGN_KEY_CHECKS=0 */;
/*!40101 SET @OLD_SQL_MODE=@@SQL_MODE, SQL_MODE='NO_AUTO_VALUE_ON_ZERO' */;
/*!40111 SET @OLD_SQL_NOTES=@@SQL_NOTES, SQL_NOTES=0 */;

--
-- Table structure for table `cities`
--

DROP TABLE IF EXISTS `cities`;
SET @saved_cs_client     = @@character_set_client;
SET character_set_client = utf8;
CREATE TABLE `cities` (
  `id` int(11) unsigned NOT NULL auto_increment,
  `province_id` int(11) unsigned NOT NULL default '0',
  `name` varchar(60) default NULL,
  `other_name` varchar(255) default NULL,
  `created_by` varchar(30) default NULL,
  `created` datetime default NULL,
  `modified_by` varchar(30) default NULL,
  `modified` datetime default NULL,
  PRIMARY KEY  (`id`),
  KEY `province_id` (`province_id`),
  KEY `name` (`name`),
  KEY `other_name` (`other_name`)
) ENGINE=MyISAM AUTO_INCREMENT=458 DEFAULT CHARSET=latin1;
SET character_set_client = @saved_cs_client;

--
-- Dumping data for table `cities`
--

LOCK TABLES `cities` WRITE;
/*!40000 ALTER TABLE `cities` DISABLE KEYS */;
INSERT INTO `cities` VALUES (10,37,'KABUPATEN ACEH SELATAN','TAPAKTUAN',NULL,NULL,'1','2009-12-17 00:18:29'),(11,37,'KABUPATEN ACEH TENGGARA','KUTACANE',NULL,NULL,'admin','2009-06-24 10:47:44'),(12,37,'KABUPATEN ACEH TIMUR DAN KOTA LANGSA','LANGSA',NULL,NULL,NULL,NULL),(13,37,'KABUPATEN ACEH TENGAH','TAKENGON',NULL,NULL,NULL,NULL),(14,37,'KABUPATEN ACEH BARAT','MEULABOH',NULL,NULL,NULL,NULL),(15,37,'KABUPATEN ACEH BESAR','JANTHO',NULL,NULL,NULL,NULL),(16,37,'KABUPATEN PIDIE','SIGLI',NULL,NULL,NULL,NULL),(17,37,'KABUPATEN ACEH UTARA DAN KOTA LHOKSEUMAWE','LHOKSEUMAWE',NULL,NULL,NULL,NULL),(18,37,'KABUPATEN SIMEULUE','SINABANG',NULL,NULL,NULL,NULL),(19,37,'KABUPATEN ACEH SINGKIL','SINGKIL',NULL,NULL,NULL,NULL),(20,37,'KABUPATEN BIREUEN','BIREUEN',NULL,NULL,NULL,NULL),(21,37,'KABUPATEN ACEH BARAT DAYA','BLANGPIDIE',NULL,NULL,NULL,NULL),(22,37,'KABUPATEN GAYO LUES','BLANGKEJERAN',NULL,NULL,NULL,NULL),(23,37,'KABUPATEN ACEH JAYA','CALANG',NULL,NULL,NULL,NULL),(24,37,'KABUPATEN NAGAN RAYA','SUKA MAKMUE',NULL,NULL,NULL,NULL),(25,37,'KABUPATEN ACEH TAMIANG','KARANG BARU',NULL,NULL,NULL,NULL),(26,37,'KABUPATEN BENER MERIAH','SIMPANG TIGA REDELONG',NULL,NULL,NULL,NULL),(27,37,'KABUPATEN PIDIE JAYA','MEUREUDU',NULL,NULL,NULL,NULL),(28,37,'KOTA BANDA ACEH','BANDA ACEH',NULL,NULL,NULL,NULL),(29,37,'KOTA SABANG','SABANG',NULL,NULL,NULL,NULL),(30,37,'KOTA SUBULUSSALAM','SUBULUSSALAM',NULL,NULL,NULL,NULL),(31,45,'KABUPATEN TAPANULI TENGAH DAN KOTA SIBOLGA','SIBOLGA',NULL,NULL,NULL,NULL),(32,45,'KABUPATEN TAPANULI UTARA','TARUTUNG',NULL,NULL,NULL,NULL),(33,45,'KABUPATEN TAPANULI SELATAN DAN KOTA PADANG SIDEMPUAN','PADANG SIDEMPUAN',NULL,NULL,NULL,NULL),(34,45,'KABUPATEN NIAS','GUNUNGSITOLI',NULL,NULL,NULL,NULL),(35,45,'KABUPATEN LANGKAT','STABAT',NULL,NULL,NULL,NULL),(36,45,'KABUPATEN KARO','KABANJAHE',NULL,NULL,NULL,NULL),(37,45,'KABUPATEN DELI SERDANG','LUBUKPAKAM',NULL,NULL,NULL,NULL),(38,45,'KABUPATEN SIMALUNGUN DAN KOTA PEMATANG SIANTAR','PEMATANGSIANTAR',NULL,NULL,NULL,NULL),(39,45,'KABUPATEN ASAHAN','KISARAN',NULL,NULL,NULL,NULL),(40,45,'KABUPATEN LABUHANBATU SELATAN','KOTA PINANG',NULL,NULL,NULL,NULL),(41,45,'KABUPATEN LABUHANBATU UTARA','AEK KANOPAN',NULL,NULL,NULL,NULL),(42,45,'KABUPATEN LABUHANBATU','RANTAUPRAPAT',NULL,NULL,NULL,NULL),(43,45,'KABUPATEN DAIRI','SIDIKALANG',NULL,NULL,NULL,NULL),(44,45,'KABUPATEN TOBA SAMOSIR','BALIGE',NULL,NULL,NULL,NULL),(45,45,'KABUPATEN MANDAILING NATAL','PENYABUNGAN',NULL,NULL,NULL,NULL),(46,45,'KABUPATEN NIAS SELATAN','TELUK DALAM',NULL,NULL,NULL,NULL),(47,45,'KABUPATEN PAKPAK BHARAT','SALAK',NULL,NULL,NULL,NULL),(48,45,'KABUPATEN HUMBANG HASUNDUTAN','DOLOK SANGGUL',NULL,NULL,NULL,NULL),(49,45,'KABUPATEN SAMOSIR','PANGURUAN',NULL,NULL,NULL,NULL),(50,45,'KABUPATEN SERDANG BEDAGAI','SEI RAMPAH',NULL,NULL,NULL,NULL),(51,45,'KABUPATEN BATU BARA','LIMA PULUH',NULL,NULL,NULL,NULL),(52,45,'KABUPATEN PADANG LAWAS UTARA','GUNUNG TUA',NULL,NULL,NULL,NULL),(53,45,'KABUPATEN PADANG LAWAS','SIBUHUAN',NULL,NULL,NULL,NULL),(54,45,'KOTA MEDAN','MEDAN',NULL,NULL,NULL,NULL),(55,45,'KOTA TANJUNG BALAI','TANJUNG BALAI',NULL,NULL,NULL,NULL),(56,45,'KOTA BINJAI','BINJAI',NULL,NULL,NULL,NULL),(57,45,'KOTA TEBING TINGGI','TEBING TINGGI',NULL,NULL,NULL,NULL),(58,2,'KABUPATEN BENGKULU SELATAN','MANNA',NULL,NULL,NULL,NULL),(59,2,'KABUPATEN REJANG LEBONG','CURUP',NULL,NULL,NULL,NULL),(60,2,'KABUPATEN BENGKULU UTARA','ARGAMAKMUR',NULL,NULL,NULL,NULL),(61,2,'KABUPATEN KAUR','BINTUHAN',NULL,NULL,NULL,NULL),(62,2,'KABUPATEN SELUMA','TAIS',NULL,NULL,NULL,NULL),(63,2,'KABUPATEN MUKOMUKO','MUKOMUKO',NULL,NULL,NULL,NULL),(64,2,'KABUPATEN LEBONG','TUBEI',NULL,NULL,NULL,NULL),(65,2,'KABUPATEN KEPAHIANG','KEPAHIANG',NULL,NULL,NULL,NULL),(66,2,'KABUPATEN BENGKULU TENGAH','KARANG TINGGI',NULL,NULL,NULL,NULL),(67,2,'KOTA BENGKULU','BENGKULU',NULL,NULL,NULL,NULL),(68,31,'KABUPATEN KERINCI DAN KOTA SUNGAI PENUH','SUNGAIPENUH',NULL,NULL,NULL,NULL),(69,31,'KABUPATEN MERANGIN','BANGKO',NULL,NULL,NULL,NULL),(70,31,'KABUPATEN SAROLANGUN','SAROLANGUN',NULL,NULL,NULL,NULL),(71,31,'KABUPATEN BATANG HARI','MUARA BULIAN',NULL,NULL,NULL,NULL),(72,31,'KABUPATEN MUARO JAMBI','SENGETI',NULL,NULL,NULL,NULL),(73,31,'KABUPATEN TANJUNG JABUNG BARAT','KUALA TUNGKAL',NULL,NULL,NULL,NULL),(74,31,'KABUPATEN TANJUNG JABUNG TIMUR','MUARA SABAK',NULL,NULL,NULL,NULL),(75,31,'KABUPATEN BUNGO','MUARA BUNGO',NULL,NULL,NULL,NULL),(76,31,'KABUPATEN TEBO','MUARA TEBO',NULL,NULL,NULL,NULL),(77,31,'KOTA JAMBI','JAMBI',NULL,NULL,NULL,NULL),(78,42,'KABUPATEN KAMPAR','BANGKINANG',NULL,NULL,NULL,NULL),(79,42,'KABUPATEN INDRAGIRI HULU','RENGAT',NULL,NULL,NULL,NULL),(80,42,'KABUPATEN BENGKALIS','BENGKALIS',NULL,NULL,NULL,NULL),(81,42,'KABUPATEN INDRAGIRI HILIR','TEMBILAHAN',NULL,NULL,NULL,NULL),(82,42,'KABUPATEN PELALAWAN','PANGKALAN KERINCI',NULL,NULL,NULL,NULL),(83,42,'KABUPATEN ROKAN HULU','PASIR PANGARAIAN',NULL,NULL,NULL,NULL),(84,42,'KABUPATEN ROKAN HILIR','UJUNG TANJUNG',NULL,NULL,NULL,NULL),(85,42,'KABUPATEN SIAK','SIAK SRIINDRAPURA',NULL,NULL,NULL,NULL),(86,42,'KABUPATEN KUANTAN SINGINGI','TELUK KUANTAN',NULL,NULL,NULL,NULL),(87,42,'KOTA PEKANBARU','PEKANBARU',NULL,NULL,NULL,NULL),(88,42,'KOTA DUMAI','DUMAI',NULL,NULL,NULL,NULL),(89,43,'KABUPATEN PESISIR SELATAN','PAINAN',NULL,NULL,NULL,NULL),(90,43,'KABUPATEN SOLOK DAN KOTA SOLOK','SOLOK',NULL,NULL,NULL,NULL),(91,43,'KABUPATEN SIJUNJUNG','MUARO SIJUNJUNG',NULL,NULL,NULL,NULL),(92,43,'KABUPATEN TANAH DATAR','BATUSANGKAR',NULL,NULL,NULL,NULL),(93,43,'KABUPATEN PADANG PARIAMAN DAN KOTA PARIAMAN','PARIAMAN',NULL,NULL,NULL,NULL),(94,43,'KABUPATEN AGAM','LUBUKBASUNG',NULL,NULL,NULL,NULL),(95,43,'KABUPATEN LIMA PULUH KOTA DAN KOTA PAYAKUMBUH','PAYAKUMBUH',NULL,NULL,NULL,NULL),(96,43,'KABUPATEN PASAMAN','LUBUKSIKAPING',NULL,NULL,NULL,NULL),(97,43,'KABUPATEN KEPULAUAN MENTAWAI','TUA PEJAT',NULL,NULL,NULL,NULL),(98,43,'KABUPATEN DHARMASRAYA','PULAU PUNJUNG',NULL,NULL,NULL,NULL),(99,43,'KABUPATEN SOLOK SELATAN','PADANG ARO',NULL,NULL,NULL,NULL),(100,43,'KABUPATEN PASAMAN BARAT','SIMPANG EMPAT',NULL,NULL,NULL,NULL),(101,43,'KOTA PADANG','PADANG',NULL,NULL,NULL,NULL),(102,43,'KOTA SAWAHLUNTO','SAWAHLUNTO',NULL,NULL,NULL,NULL),(103,43,'KOTA PADANGPANJANG','PADANGPANJANG',NULL,NULL,NULL,NULL),(104,43,'KOTA BUKITTINGGI','BUKITTINGGI',NULL,NULL,NULL,NULL),(105,44,'KABUPATEN OGAN KOMERING ULU','BATURAJA',NULL,NULL,NULL,NULL),(106,44,'KABUPATEN OGAN KOMERING ILIR','KAYU AGUNG',NULL,NULL,NULL,NULL),(107,44,'KABUPATEN MUARA ENIM','MUARA ENIM',NULL,NULL,NULL,NULL),(108,44,'KABUPATEN LAHAT','LAHAT',NULL,NULL,NULL,NULL),(109,44,'KABUPATEN MUSI RAWAS DAN KOTA LUBUK LINGGAU','LUBUK LINGGAU',NULL,NULL,NULL,NULL),(110,44,'KABUPATEN MUSI BANYUASIN','SEKAYU',NULL,NULL,NULL,NULL),(111,44,'KABUPATEN BANYUASIN','BANYUASIN',NULL,NULL,NULL,NULL),(112,44,'KABUPATEN OGAN KOMERING ULU TIMUR','MARTAPURA',NULL,NULL,NULL,NULL),(113,44,'KABUPATEN OGAN KOMERING ULU SELATAN','MUARADUA',NULL,NULL,NULL,NULL),(114,44,'KABUPATEN OGAN ILIR','INDRALAYA',NULL,NULL,NULL,NULL),(115,44,'KABUPATEN EMPAT LAWANG','TEBING TINGGI',NULL,NULL,NULL,NULL),(116,44,'KOTA PALEMBANG','PALEMBANG',NULL,NULL,NULL,NULL),(117,44,'KOTA PAGAR ALAM','PAGAR ALAM',NULL,NULL,NULL,NULL),(118,44,'KOTA PRABUMULIH','PRABUMULIH',NULL,NULL,NULL,NULL),(119,22,'KABUPATEN LAMPUNG SELATAN','KALIANDA',NULL,NULL,NULL,NULL),(120,22,'KABUPATEN LAMPUNG TENGAH','GUNUNGSUGIH',NULL,NULL,NULL,NULL),(121,22,'KABUPATEN LAMPUNG UTARA','KOTABUMI',NULL,NULL,NULL,NULL),(122,22,'KABUPATEN LAMPUNG BARAT','LIWA',NULL,NULL,NULL,NULL),(123,22,'KABUPATEN TULANG BAWANG','MENGGALA',NULL,NULL,NULL,NULL),(124,22,'KABUPATEN TANGGAMUS','KOTAAGUNG',NULL,NULL,NULL,NULL),(125,22,'KABUPATEN LAMPUNG TIMUR','SUKADANA',NULL,NULL,NULL,NULL),(126,22,'KABUPATEN WAY KANAN','BLAMBANGAN UMPU',NULL,NULL,NULL,NULL),(127,22,'KABUPATEN PESAWARAN','GEDONG TATAAN',NULL,NULL,NULL,NULL),(128,22,'KOTA BANDAR LAMPUNG','BANDAR LAMPUNG',NULL,NULL,NULL,NULL),(129,22,'KOTA METRO','METRO',NULL,NULL,NULL,NULL),(130,1,'KABUPATEN BANGKA','SUNGAILIAT',NULL,NULL,NULL,NULL),(131,1,'KABUPATEN BELITUNG','TANJUNGPANDAN',NULL,NULL,NULL,NULL),(132,1,'KABUPATEN BANGKA SELATAN','MENTOK',NULL,NULL,NULL,NULL),(133,1,'KABUPATEN BANGKA TENGAH','KOBA',NULL,NULL,NULL,NULL),(134,1,'KABUPATEN BANGKA BARAT','TOBOALI',NULL,NULL,NULL,NULL),(135,1,'KABUPATEN BELITUNG TIMUR','MANGGAR',NULL,NULL,NULL,NULL),(136,1,'KOTA PANGKAL PINANG','PANGKAL PINANG',NULL,NULL,NULL,NULL),(137,19,'KABUPATEN BINTAN DAN KOTA TANJUNG PINANG','TANJUNGPINANG',NULL,NULL,NULL,NULL),(138,19,'KABUPATEN KARIMUN','TANJUNG BALAI KARIMUN',NULL,NULL,NULL,NULL),(139,19,'KABUPATEN NATUNA','RANAI',NULL,NULL,NULL,NULL),(140,19,'KABUPATEN LINGGA','DAIK LINGGA',NULL,NULL,NULL,NULL),(141,19,'KABUPATEN KEPULAUAN ANAMBAS','TAREMPA',NULL,NULL,NULL,NULL),(142,19,'KOTA BATAM','BATAM',NULL,NULL,NULL,NULL),(143,4,'KABUPATEN PANDEGLANG','PANDEGLANG',NULL,NULL,NULL,NULL),(144,4,'KABUPATEN LEBAK','RANGKASBITUNG',NULL,NULL,NULL,NULL),(145,4,'KABUPATEN TANGERANG DAN KOTA TANGERANG','TANGERANG',NULL,NULL,NULL,NULL),(146,4,'KABUPATEN SERANG DAN KOTA SERANG','SERANG',NULL,NULL,NULL,NULL),(147,4,'KOTA CILEGON','CILEGON',NULL,NULL,NULL,NULL),(148,11,'KABUPATEN BOGOR DAN KOTA BOGOR','CIBINONG',NULL,NULL,NULL,NULL),(149,11,'KABUPATEN SUKABUMI DAN KOTA SUKABUMI','SUKABUMI',NULL,NULL,NULL,NULL),(150,11,'KABUPATEN CIANJUR','CIANJUR',NULL,NULL,NULL,NULL),(151,11,'KABUPATEN BANDUNG DAN KOTA BANDUNG','SOREANG',NULL,NULL,NULL,NULL),(152,11,'KABUPATEN GARUT','GARUT',NULL,NULL,NULL,NULL),(153,11,'KABUPATEN TASIKMALAYA DAN KOTA TASIKMALAYA','SINGAPARNA',NULL,NULL,NULL,NULL),(154,11,'KABUPATEN CIAMIS','CIAMIS',NULL,NULL,NULL,NULL),(155,11,'KABUPATEN KUNINGAN','KUNINGAN',NULL,NULL,NULL,NULL),(156,11,'KABUPATEN CIREBON DAN KOTA CIREBON','SUMBER',NULL,NULL,NULL,NULL),(157,11,'KABUPATEN MAJALENGKA','MAJALENGKA',NULL,NULL,NULL,NULL),(158,11,'KABUPATEN SUMEDANG','SUMEDANG',NULL,NULL,NULL,NULL),(159,11,'KABUPATEN INDRAMAYU','INDRAMAYU',NULL,NULL,NULL,NULL),(160,11,'KABUPATEN SUBANG','SUBANG',NULL,NULL,NULL,NULL),(161,11,'KABUPATEN PURWAKARTA','PURWAKARTA',NULL,NULL,NULL,NULL),(162,11,'KABUPATEN KARAWANG','KARAWANG',NULL,NULL,NULL,NULL),(163,11,'KABUPATEN BEKASI DAN KOTA BEKASI','BEKASI',NULL,NULL,NULL,NULL),(164,11,'KABUPATEN BANDUNG BARAT','NGAMPRAH',NULL,NULL,NULL,NULL),(165,11,'KOTA DEPOK','DEPOK',NULL,NULL,NULL,NULL),(166,11,'KOTA CIMAHI','CIMAHI',NULL,NULL,NULL,NULL),(167,11,'KOTA BANJAR','BANJAR',NULL,NULL,NULL,NULL),(168,30,'KABUPATEN ADMINISTRASI KEPULAUAN SERIBU','PULAU PRAMUKA',NULL,NULL,NULL,NULL),(169,30,'KOTA ADMINISTRASI JAKARTA PUSAT','JAKARTA',NULL,NULL,NULL,NULL),(170,30,'KOTA ADMINISTRASI JAKARTA UTARA','JAKARTA',NULL,NULL,NULL,NULL),(171,30,'KOTA ADMINISTRASI JAKARTA BARAT','JAKARTA',NULL,NULL,NULL,NULL),(172,30,'KOTA ADMINISTRASI JAKARTA SELATAN','JAKARTA',NULL,NULL,NULL,NULL),(173,30,'KOTA ADMINISTRASI JAKARTA TIMUR','JAKARTA',NULL,NULL,NULL,NULL),(174,29,'KABUPATEN CILACAP','CILACAP',NULL,NULL,NULL,NULL),(175,29,'KABUPATEN BANYUMAS','PURWOKERTO',NULL,NULL,NULL,NULL),(176,29,'KABUPATEN PURBALINGGA','PURBALINGGA',NULL,NULL,NULL,NULL),(177,29,'KABUPATEN BANJARNEGARA','BANJARNEGARA',NULL,NULL,NULL,NULL),(178,29,'KABUPATEN KEBUMEN','KEBUMEN',NULL,NULL,NULL,NULL),(179,29,'KABUPATEN PURWOREJO','PURWOREJO',NULL,NULL,NULL,NULL),(180,29,'KABUPATEN WONOSOBO','WONOSOBO',NULL,NULL,NULL,NULL),(181,29,'KABUPATEN MAGELANG & KOTA MAGELANG','MUNGKID',NULL,NULL,NULL,NULL),(182,29,'KABUPATEN BOYOLALI','BOYOLALI',NULL,NULL,NULL,NULL),(183,29,'KABUPATEN KLATEN','KLATEN',NULL,NULL,NULL,NULL),(184,29,'KABUPATEN SUKOHARJO','SUKOHARJO',NULL,NULL,NULL,NULL),(185,29,'KABUPATEN WONOGIRI','WONOGIRI',NULL,NULL,NULL,NULL),(186,29,'KABUPATEN KARANGANYAR','KARANGANYAR',NULL,NULL,NULL,NULL),(187,29,'KABUPATEN SRAGEN','SRAGEN',NULL,NULL,NULL,NULL),(188,29,'KABUPATEN GROBOGAN','PURWODADI',NULL,NULL,NULL,NULL),(189,29,'KABUPATEN BLORA','BLORA',NULL,NULL,NULL,NULL),(190,29,'KABUPATEN REMBANG','REMBANG',NULL,NULL,NULL,NULL),(191,29,'KABUPATEN PATI','PATI',NULL,NULL,NULL,NULL),(192,29,'KABUPATEN KUDUS','KUDUS',NULL,NULL,NULL,NULL),(193,29,'KABUPATEN JEPARA','JEPARA',NULL,NULL,NULL,NULL),(194,29,'KABUPATEN DEMAK','DEMAK',NULL,NULL,NULL,NULL),(195,29,'KABUPATEN SEMARANG DAN KOTA SEMARANG','UNGARAN',NULL,NULL,NULL,NULL),(196,29,'KABUPATEN TEMANGGUNG','TEMANGGUNG',NULL,NULL,NULL,NULL),(197,29,'KABUPATEN KENDAL','KENDAL',NULL,NULL,NULL,NULL),(198,29,'KABUPATEN BATANG','BATANG',NULL,NULL,NULL,NULL),(199,29,'KABUPATEN PEKALONGAN DAN KOTA PEKALONGAN','KAJEN',NULL,NULL,NULL,NULL),(200,29,'KABUPATEN PEMALANG','PEMALANG',NULL,NULL,NULL,NULL),(201,29,'KABUPATEN TEGAL DAN KOTA TEGAL','SLAWI',NULL,NULL,NULL,NULL),(202,29,'KABUPATEN BREBES','BREBES',NULL,NULL,NULL,NULL),(203,29,'KOTA SURAKARTA','SOLO',NULL,NULL,NULL,NULL),(204,29,'KOTA SALATIGA','SALATIGA',NULL,NULL,NULL,NULL),(205,33,'KABUPATEN PACITAN','PACITAN',NULL,NULL,NULL,NULL),(206,33,'KABUPATEN PONOROGO','PONOROGO',NULL,NULL,NULL,NULL),(207,33,'KABUPATEN TRENGGALEK','TRENGGALEK',NULL,NULL,NULL,NULL),(208,33,'KABUPATEN TULUNGAGUNG','TULUNGAGUNG',NULL,NULL,NULL,NULL),(209,33,'KABUPATEN BLITAR DAN KOTA BLITAR','BLITAR',NULL,NULL,NULL,NULL),(210,33,'KABUPATEN KEDIRI DAN KOTA KEDIRI','KEDIRI',NULL,NULL,NULL,NULL),(211,33,'KABUPATEN MALANG DAN KOTA MALANG','KEPANJEN',NULL,NULL,NULL,NULL),(212,33,'KABUPATEN LUMAJANG','LUMAJANG',NULL,NULL,NULL,NULL),(213,33,'KABUPATEN JEMBER','JEMBER',NULL,NULL,NULL,NULL),(214,33,'KABUPATEN BANYUWANGI','BANYUWANGI',NULL,NULL,NULL,NULL),(215,33,'KABUPATEN BONDOWOSO','BONDOWOSO',NULL,NULL,NULL,NULL),(216,33,'KABUPATEN SITUBONDO','SITUBONDO',NULL,NULL,NULL,NULL),(217,33,'KABUPATEN PROBOLINGGO DAN KOTA PROBOLINGGO','PROBOLINGGO',NULL,NULL,NULL,NULL),(218,33,'KABUPATEN PASURUAN DAN KOTA PASURUAN','PASURUAN',NULL,NULL,NULL,NULL),(219,33,'KABUPATEN SIDOARJO','SIDOARJO',NULL,NULL,NULL,NULL),(220,33,'KABUPATEN MOJOKERTO DAN KOTA MOJOKERTO','MOJOKERTO',NULL,NULL,NULL,NULL),(221,33,'KABUPATEN JOMBANG','JOMBANG',NULL,NULL,NULL,NULL),(222,33,'KABUPATEN NGANJUK','NGANJUK',NULL,NULL,NULL,NULL),(223,33,'KABUPATEN MADIUN DAN KOTA MADIUN','MADIUN',NULL,NULL,NULL,NULL),(224,33,'KABUPATEN MAGETAN','MAGETAN',NULL,NULL,NULL,NULL),(225,33,'KABUPATEN NGAWI','NGAWI',NULL,NULL,NULL,NULL),(226,33,'KABUPATEN BOJONEGORO','BOJONEGORO',NULL,NULL,NULL,NULL),(227,33,'KABUPATEN TUBAN','TUBAN',NULL,NULL,NULL,NULL),(228,33,'KABUPATEN LAMONGAN','LAMONGAN',NULL,NULL,NULL,NULL),(229,33,'KABUPATEN GRESIK','GRESIK',NULL,NULL,NULL,NULL),(230,33,'KABUPATEN BANGKALAN','BANGKALAN',NULL,NULL,NULL,NULL),(231,33,'KABUPATEN SAMPANG','SAMPANG',NULL,NULL,NULL,NULL),(232,33,'KABUPATEN PAMEKASAN','PAMEKASAN',NULL,NULL,NULL,NULL),(233,33,'KABUPATEN SUMENEP','SUMENEP',NULL,NULL,NULL,NULL),(234,33,'KOTA SURABAYA','SURABAYA',NULL,NULL,NULL,NULL),(235,33,'KOTA BATU','BATU',NULL,NULL,NULL,NULL),(236,32,'KABUPATEN KULON PROGO','WATES',NULL,NULL,NULL,NULL),(237,32,'KABUPATEN BANTUL','BANTUL',NULL,NULL,NULL,NULL),(238,32,'KABUPATEN GUNUNG KIDUL','WONOSARI',NULL,NULL,NULL,NULL),(239,32,'KABUPATEN SLEMAN','SLEMAN',NULL,NULL,NULL,NULL),(240,32,'KOTA YOGYAKARTA','JOGJAKARTA',NULL,NULL,NULL,NULL),(241,3,'KABUPATEN JEMBRANA','NEGARA',NULL,NULL,NULL,NULL),(242,3,'KABUPATEN TABANAN','TABANAN',NULL,NULL,NULL,NULL),(243,3,'KABUPATEN BADUNG','BADUNG',NULL,NULL,NULL,NULL),(244,3,'KABUPATEN GIANYAR','GIANYAR',NULL,NULL,NULL,NULL),(245,3,'KABUPATEN KLUNGKUNG','KLUNGKUNG',NULL,NULL,NULL,NULL),(246,3,'KABUPATEN BANGLI','BANGLI',NULL,NULL,NULL,NULL),(247,3,'KABUPATEN KARANGASEM','KARANGASEM',NULL,NULL,NULL,NULL),(248,3,'KABUPATEN BULELENG','SINGARAJA',NULL,NULL,NULL,NULL),(249,3,'KOTA DENPASAR','DENPASAR',NULL,NULL,NULL,NULL),(250,38,'KABUPATEN LOMBOK BARAT DAN KOTA MATARAM','MATARAM',NULL,NULL,NULL,NULL),(251,38,'KABUPATEN LOMBOK TENGAH','PRAYA',NULL,NULL,NULL,NULL),(252,38,'KABUPATEN LOMBOK TIMUR','SELONG',NULL,NULL,NULL,NULL),(253,38,'KABUPATEN SUMBAWA','SUMBAWA BESAR',NULL,NULL,NULL,NULL),(254,38,'KABUPATEN DOMPU','DOMPU',NULL,NULL,NULL,NULL),(255,38,'KABUPATEN BIMA DAN KOTA BIMA','RABA',NULL,NULL,NULL,NULL),(256,38,'KABUPATEN SUMBAWA BARAT','TALIWANG',NULL,NULL,NULL,NULL),(257,38,'KABUPATEN LOMBOK UTARA','TANJUNG',NULL,NULL,NULL,NULL),(258,39,'KABUPATEN KUPANG DAN KOTA KUPANG','KUPANG',NULL,NULL,NULL,NULL),(259,39,'KABUPATEN TIMOR TENGAH SELATAN','SOE',NULL,NULL,NULL,NULL),(260,39,'KABUPATEN TIMOR TENGAH UTARA','KEFAMENANU',NULL,NULL,NULL,NULL),(261,39,'KABUPATEN BELU','ATAMBUA',NULL,NULL,NULL,NULL),(262,39,'KABUPATEN ALOR','KALABAHI',NULL,NULL,NULL,NULL),(263,39,'KABUPATEN FLORES TIMUR','LARANTUKA',NULL,NULL,NULL,NULL),(264,39,'KABUPATEN SIKKA','MAUMERE',NULL,NULL,NULL,NULL),(265,39,'KABUPATEN ENDE','ENDE',NULL,NULL,NULL,NULL),(266,39,'KABUPATEN NGADA','BAJAWA',NULL,NULL,NULL,NULL),(267,39,'KABUPATEN MANGGARAI','RUTENG',NULL,NULL,NULL,NULL),(268,39,'KABUPATEN SUMBA TIMUR','WAINGAPU',NULL,NULL,NULL,NULL),(269,39,'KABUPATEN SUMBA BARAT','WAIKABUBAK',NULL,NULL,NULL,NULL),(270,39,'KABUPATEN LEMBATA','LEWOLEBA',NULL,NULL,NULL,NULL),(271,39,'KABUPATEN ROTE NDAO','BAA',NULL,NULL,NULL,NULL),(272,39,'KABUPATEN MANGGARAI BARAT','LABUAN BAJO',NULL,NULL,NULL,NULL),(273,39,'KABUPATEN NAGEKEO','MBAY',NULL,NULL,NULL,NULL),(274,39,'KABUPATEN SUMBA TENGAH','WAIBAKUL',NULL,NULL,NULL,NULL),(275,39,'KABUPATEN SUMBA BARAT DAYA','TAMBOLAKA',NULL,NULL,NULL,NULL),(276,39,'KABUPATEN MANGGARAI TIMUR','BORONG',NULL,NULL,NULL,NULL),(277,34,'KABUPATEN SAMBAS','SAMBAS',NULL,NULL,NULL,NULL),(278,34,'KABUPATEN PONTIANAK DAN KOTA PONTIANAK','MEMPAWAH',NULL,NULL,NULL,NULL),(279,34,'KABUPATEN SANGGAU','BATANG TARANG',NULL,NULL,NULL,NULL),(280,34,'KABUPATEN KETAPANG','KETAPANG',NULL,NULL,NULL,NULL),(281,34,'KABUPATEN SINTANG','SINTANG',NULL,NULL,NULL,NULL),(282,34,'KABUPATEN KAPUAS HULU','PUTUSSIBAU',NULL,NULL,NULL,NULL),(283,34,'KABUPATEN BENGKAYANG','BENGKAYANG',NULL,NULL,NULL,NULL),(284,34,'KABUPATEN LANDAK','NGABANG',NULL,NULL,NULL,NULL),(285,34,'KABUPATEN MELAWI','NANGA PINOH',NULL,NULL,NULL,NULL),(286,34,'KABUPATEN SEKADAU','SEKADAU',NULL,NULL,NULL,NULL),(287,34,'KABUPATEN KAYONG UTARA','SUKADANA',NULL,NULL,NULL,NULL),(288,34,'KABUPATEN KUBU RAYA','SUNGAI RAYA',NULL,NULL,NULL,NULL),(289,34,'KOTA SINGKAWANG','SINGKAWANG',NULL,NULL,NULL,NULL),(290,20,'KABUPATEN TANAH LAUT','PELAIHARI',NULL,NULL,NULL,NULL),(291,20,'KABUPATEN KOTABARU','KOTABARU',NULL,NULL,NULL,NULL),(292,20,'KABUPATEN BANJAR','MARTAPURA',NULL,NULL,NULL,NULL),(293,20,'KABUPATEN BARITO KUALA','MARABAHAN',NULL,NULL,NULL,NULL),(294,20,'KABUPATEN TAPIN','RANTAU',NULL,NULL,NULL,NULL),(295,20,'KABUPATEN HULU SUNGAI SELATAN','KANDANGAN',NULL,NULL,NULL,NULL),(296,20,'KABUPATEN HULU SUNGAI TENGAH','BARABAI',NULL,NULL,NULL,NULL),(297,20,'KABUPATEN HULU SUNGAI UTARA','AMUNTAI',NULL,NULL,NULL,NULL),(298,20,'KABUPATEN TABALONG','TANJUNG',NULL,NULL,NULL,NULL),(299,20,'KABUPATEN TANAH BUMBU','BATULICIN',NULL,NULL,NULL,NULL),(300,20,'KABUPATEN BALANGAN','PARINGIN',NULL,NULL,NULL,NULL),(301,20,'KOTA BANJARMASIN','BANJARMASIN',NULL,NULL,NULL,NULL),(302,20,'KOTA BANJARBARU','BANJARBARU',NULL,NULL,NULL,NULL),(303,18,'KABUPATEN KOTAWARINGIN BARAT','PANGKALAN BUN',NULL,NULL,NULL,NULL),(304,18,'KABUPATEN KOTAWARINGIN TIMUR','SAMPIT',NULL,NULL,NULL,NULL),(305,18,'KABUPATEN KAPUAS','KUALA KAPUAS',NULL,NULL,NULL,NULL),(306,18,'KABUPATEN BARITO SELATAN','BUNTOK',NULL,NULL,NULL,NULL),(307,18,'KABUPATEN BARITO UTARA','MUARA TEWEH',NULL,NULL,NULL,NULL),(308,18,'KABUPATEN KATINGAN','KASONGAN',NULL,NULL,NULL,NULL),(309,18,'KABUPATEN SERUYAN','KUALA PEMBUANG',NULL,NULL,NULL,NULL),(310,18,'KABUPATEN SUKAMARA','SUKAMARA',NULL,NULL,NULL,NULL),(311,18,'KABUPATEN LAMANDAU','NANGA BULIK',NULL,NULL,NULL,NULL),(312,18,'KABUPATEN GUNUNG MAS','KUALA KURUN',NULL,NULL,NULL,NULL),(313,18,'KABUPATEN PULANG PISAU','PULANG PISAU',NULL,NULL,NULL,NULL),(314,18,'KABUPATEN MURUNG RAYA','PURUKCAHU',NULL,NULL,NULL,NULL),(315,18,'KABUPATEN BARITO TIMUR','TAMIANG',NULL,NULL,NULL,NULL),(316,18,'KOTA PALANGKARAYA','PALANGKARAYA',NULL,NULL,NULL,NULL),(317,35,'KABUPATEN PASER','TANAH GROGOT',NULL,NULL,NULL,NULL),(318,35,'KABUPATEN KUTAI KARTANEGARA','TENGGARONG',NULL,NULL,NULL,NULL),(319,35,'KABUPATEN BERAU','TANJUNGREDEP',NULL,NULL,NULL,NULL),(320,35,'KABUPATEN BULUNGAN','TANJUNGSELOR',NULL,NULL,NULL,NULL),(321,35,'KABUPATEN NUNUKAN','NUNUKAN',NULL,NULL,NULL,NULL),(322,35,'KABUPATEN MALINAU','MALINAU',NULL,NULL,NULL,NULL),(323,35,'KABUPATEN KUTAI BARAT','SENDAWAR',NULL,NULL,NULL,NULL),(324,35,'KABUPATEN KUTAI TIMUR','SANGATTA',NULL,NULL,NULL,NULL),(325,35,'KABUPATEN PENAJAM PASER UTARA','PENAJAM',NULL,NULL,NULL,NULL),(326,35,'KOTA BALIKPAPAN','BALIKPAPAN',NULL,NULL,NULL,NULL),(327,35,'KOTA SAMARINDA','SAMARINDA',NULL,NULL,NULL,NULL),(328,35,'KOTA TARAKAN','TARAKAN',NULL,NULL,NULL,NULL),(329,35,'KOTA BONTANG','BONTANG',NULL,NULL,NULL,NULL),(330,28,'KABUPATEN GORONTALO & KOTA GORONTALO','GORONTALO',NULL,NULL,NULL,NULL),(331,28,'KABUPATEN BOALEMO','TILAMUTA',NULL,NULL,NULL,NULL),(332,28,'KABUPATEN BONE BOLANGO','SUWAWA',NULL,NULL,NULL,NULL),(333,28,'KABUPATEN POHUWATO','MARISA',NULL,NULL,NULL,NULL),(334,28,'KABUPATEN GORONTALO UTARA','KWANDANG',NULL,NULL,NULL,NULL),(335,26,'KABUPATEN SELAYAR','BENTENG',NULL,NULL,NULL,NULL),(336,26,'KABUPATEN BULUKUMBA','BULUKUMBA',NULL,NULL,NULL,NULL),(337,26,'KABUPATEN BANTAENG','BANTAENG',NULL,NULL,NULL,NULL),(338,26,'KABUPATEN JENEPONTO','JENEPONTO',NULL,NULL,NULL,NULL),(339,26,'KABUPATEN TAKALAR','TAKALAR',NULL,NULL,NULL,NULL),(340,26,'KABUPATEN GOWA','SUNGGU MINASA',NULL,NULL,NULL,NULL),(341,26,'KABUPATEN SINJAI','SINJAI',NULL,NULL,NULL,NULL),(342,26,'KABUPATEN BONE','WATAMPONE',NULL,NULL,NULL,NULL),(343,26,'KABUPATEN MAROS','MAROS',NULL,NULL,NULL,NULL),(344,26,'KABUPATEN PANGKAJENE DAN KEPULAUAN','PANGKAJENE',NULL,NULL,NULL,NULL),(345,26,'KABUPATEN BARRU','BARRU',NULL,NULL,NULL,NULL),(346,26,'KABUPATEN SOPPENG','WATAN SOPPENG',NULL,NULL,NULL,NULL),(347,26,'KABUPATEN WAJO','SENGKANG',NULL,NULL,NULL,NULL),(348,26,'KABUPATEN SIDENRENG RAPPANG','SIDENRENG',NULL,NULL,NULL,NULL),(349,26,'KABUPATEN PINRANG','PINRANG',NULL,NULL,NULL,NULL),(350,26,'KABUPATEN ENREKANG','ENREKANG',NULL,NULL,NULL,NULL),(351,26,'KABUPATEN LUWU & KOTA PALOPO','PALOPO',NULL,NULL,NULL,NULL),(352,26,'KABUPATEN TANA TORAJA','MAKALE',NULL,NULL,NULL,NULL),(353,26,'KABUPATEN LUWU UTARA','MASAMBA',NULL,NULL,NULL,NULL),(354,26,'KABUPATEN LUWU TIMUR','MALILI',NULL,NULL,NULL,NULL),(355,26,'KABUPATEN TORAJA UTARA','RANTEPAO',NULL,NULL,NULL,NULL),(356,26,'KOTA MAKASSAR','MAKASSAR',NULL,NULL,NULL,NULL),(357,26,'KOTA PARE-PARE','PARE-PARE',NULL,NULL,NULL,NULL),(358,7,'KABUPATEN KOLAKA','KOLAKA',NULL,NULL,NULL,NULL),(359,7,'KABUPATEN KONAWE','UNAAHA',NULL,NULL,NULL,NULL),(360,7,'KABUPATEN MUNA','RAHA',NULL,NULL,NULL,NULL),(361,7,'KABUPATEN BUTON & KOTA BAU-BAU','BAU-BAU',NULL,NULL,NULL,NULL),(362,7,'KABUPATEN KONAWE SELATAN','ANDOLO',NULL,NULL,NULL,NULL),(363,7,'KABUPATEN BOMBANA','RUMBIA',NULL,NULL,NULL,NULL),(364,7,'KABUPATEN WAKATOBI','WANGI-WANGI',NULL,NULL,NULL,NULL),(365,7,'KABUPATEN KOLAKA UTARA','LASUSUA',NULL,NULL,NULL,NULL),(366,7,'KABUPATEN KONAWE UTARA','WANGGUDU',NULL,NULL,NULL,NULL),(367,7,'KABUPATEN BUTON UTARA','BURANGA',NULL,NULL,NULL,NULL),(368,7,'KOTA KENDARI','KENDARI',NULL,NULL,NULL,NULL),(369,25,'KABUPATEN BANGGAI','LUWUK',NULL,NULL,NULL,NULL),(370,25,'KABUPATEN POSO','POSO',NULL,NULL,NULL,NULL),(371,25,'KABUPATEN DONGGALA','DONGGALA',NULL,NULL,NULL,NULL),(372,25,'KABUPATEN TOLI-TOLI','TOLI-TOLI',NULL,NULL,NULL,NULL),(373,25,'KABUPATEN BUOL','BUOL',NULL,NULL,NULL,NULL),(374,25,'KABUPATEN MOROWALI','BUNGKU',NULL,NULL,NULL,NULL),(375,25,'KABUPATEN BANGGAI KEPULAUAN','BANGGAI',NULL,NULL,NULL,NULL),(376,25,'KABUPATEN PARIGI MOUTONG','PARIGI',NULL,NULL,NULL,NULL),(377,25,'KABUPATEN TOJO UNA-UNA','AMPANA',NULL,NULL,NULL,NULL),(378,25,'KABUPATEN SIGI','SIGI BIROMARU',NULL,NULL,NULL,NULL),(379,25,'KOTA PALU','PALU',NULL,NULL,NULL,NULL),(380,27,'KABUPATEN BOLAANG MONGONDOW & KOTA KOTAMUBAGU','KOTAMOBAGU',NULL,NULL,NULL,NULL),(381,27,'KABUPATEN BOLAANG MONGONDOW TIMUR','TUTUYAN',NULL,NULL,NULL,NULL),(382,27,'KABUPATEN BOLAANG MONGONDOW SELATAN','BOLAANG UKI',NULL,NULL,NULL,NULL),(383,27,'KABUPATEN MINAHASA','TONDANO',NULL,NULL,NULL,NULL),(384,27,'KABUPATEN KEPULAUAN SANGIHE','TAHUNA',NULL,NULL,NULL,NULL),(385,27,'KABUPATEN KEPULAUAN TALAUD','MELONGUANE',NULL,NULL,NULL,NULL),(386,27,'KABUPATEN MINAHASA SELATAN','AMURANG',NULL,NULL,NULL,NULL),(387,27,'KABUPATEN MINAHASA UTARA','AIRMADIDI',NULL,NULL,NULL,NULL),(388,27,'KABUPATEN MINAHASA TENGGARA','RATAHAN',NULL,NULL,NULL,NULL),(389,27,'KABUPATEN BOLAANG MONGONDOW UTARA','BOROKO',NULL,NULL,NULL,NULL),(390,27,'KABUPATEN KEPULAUAN SIAU TAGULANDANG BIARO','ONDONG SIAU',NULL,NULL,NULL,NULL),(391,27,'KOTA MANADO','MANADO',NULL,NULL,NULL,NULL),(392,27,'KOTA BITUNG','BITUNG',NULL,NULL,NULL,NULL),(393,27,'KOTA TOMOHON','TOMOHON',NULL,NULL,NULL,NULL),(394,24,'KABUPATEN MAMUJU UTARA','PASANGKAYU',NULL,NULL,NULL,NULL),(395,24,'KABUPATEN MAMUJU','MAMUJU',NULL,NULL,NULL,NULL),(396,24,'KABUPATEN MAMASA','MAMASA',NULL,NULL,NULL,NULL),(397,24,'KABUPATEN POLEWALI MANDAR','POLEWALI',NULL,NULL,NULL,NULL),(398,24,'KABUPATEN MAJENE','MAJENE',NULL,NULL,NULL,NULL),(399,23,'KABUPATEN MALUKU BARAT DAYA','TIAKUR',NULL,NULL,NULL,NULL),(400,23,'KABUPATEN MALUKU TENGAH','MASOHI',NULL,NULL,NULL,NULL),(401,23,'KABUPATEN MALUKU TENGGARA & KOTA TUAL','TUAL',NULL,NULL,NULL,NULL),(402,23,'KABUPATEN MALUKU TENGGARA BARAT','SAUMLAKI',NULL,NULL,NULL,NULL),(403,23,'KABUPATEN BURU','NAMLEA',NULL,NULL,NULL,NULL),(404,23,'KABUPATEN BURU SELATAN','NAMROLE',NULL,NULL,NULL,NULL),(405,23,'KABUPATEN SERAM BAGIAN TIMUR','DATARAN HUNIMOA',NULL,NULL,NULL,NULL),(406,23,'KABUPATEN SERAM BAGIAN BARAT','DATARAN HUNIPOPU',NULL,NULL,NULL,NULL),(407,23,'KABUPATEN KEPULAUAN ARU','DOBO',NULL,NULL,NULL,NULL),(408,23,'KOTA AMBON','AMBON',NULL,NULL,NULL,NULL),(409,36,'KABUPATEN HALMAHERA BARAT & KOTA TERNATE','TERNATE',NULL,NULL,NULL,NULL),(410,36,'KABUPATEN HALMAHERA TENGAH','WEDA',NULL,NULL,NULL,NULL),(411,36,'KABUPATEN HALMAHERA UTARA','TOBELO',NULL,NULL,NULL,NULL),(412,36,'KABUPATEN HALMAHERA SELATAN','LABUHA',NULL,NULL,NULL,NULL),(413,36,'KABUPATEN KEPULAUAN SULA','SANANA',NULL,NULL,NULL,NULL),(414,36,'KABUPATEN HALMAHERA TIMUR','MABA',NULL,NULL,NULL,NULL),(415,36,'KOTA TIDORE KEPULAUAN','TIDORE KEPULAUAN',NULL,NULL,NULL,NULL),(416,41,'KABUPATEN MERAUKE','MERAUKE',NULL,NULL,NULL,NULL),(417,41,'KABUPATEN JAYAWIJAYA','WAMENA',NULL,NULL,NULL,NULL),(418,41,'KABUPATEN JAYAPURA & KOTA JAYAPURA','JAYAPURA',NULL,NULL,NULL,NULL),(419,41,'KABUPATEN NABIRE','NABIRE',NULL,NULL,NULL,NULL),(420,41,'KABUPATEN KEPULAUAN YAPEN','SERUI',NULL,NULL,NULL,NULL),(421,41,'KABUPATEN BIAK NUMFOR','BIAK',NULL,NULL,NULL,NULL),(422,41,'KABUPATEN PUNCAK JAYA','KOTAMULIA',NULL,NULL,NULL,NULL),(423,41,'KABUPATEN PANIAI','ENAROTALI',NULL,NULL,NULL,NULL),(424,41,'KABUPATEN MIMIKA','TIMIKA',NULL,NULL,NULL,NULL),(425,41,'KABUPATEN SARMI','SARMI',NULL,NULL,NULL,NULL),(426,41,'KABUPATEN KEEROM','WARIS',NULL,NULL,NULL,NULL),(427,41,'KABUPATEN PEGUNUNGAN BINTANG','OKSIBIL',NULL,NULL,NULL,NULL),(428,41,'KABUPATEN YAHUKIMO','SUMOHAI',NULL,NULL,NULL,NULL),(429,41,'KABUPATEN TOLIKARA','KARUBAGA',NULL,NULL,NULL,NULL),(430,41,'KABUPATEN WAROPEN','BOTAWA',NULL,NULL,NULL,NULL),(431,41,'KABUPATEN BOVEN DIGOEL','TANAH MERAH',NULL,NULL,NULL,NULL),(432,41,'KABUPATEN MAPPI','KEPI',NULL,NULL,NULL,NULL),(433,41,'KABUPATEN ASMAT','AGATS',NULL,NULL,NULL,NULL),(434,41,'KABUPATEN SUPIORI','SORENDIWERI',NULL,NULL,NULL,NULL),(435,41,'KABUPATEN MAMBERAMO RAYA','BURMESO',NULL,NULL,NULL,NULL),(436,41,'KABUPATEN MAMBERAMO TENGAH','KOBAKMA',NULL,NULL,NULL,NULL),(437,41,'KABUPATEN YALIMO','ELELIM',NULL,NULL,NULL,NULL),(438,41,'KABUPATEN LANNY JAYA','TIOM',NULL,NULL,NULL,NULL),(439,41,'KABUPATEN NDUGA','KENYAM',NULL,NULL,NULL,NULL),(440,41,'KABUPATEN PUNCAK','ILAGA',NULL,NULL,NULL,NULL),(441,41,'KABUPATEN DOGIYAI','KIGAMANI',NULL,NULL,NULL,NULL),(442,40,'KABUPATEN SORONG & KOTA SORONG','SORONG',NULL,NULL,NULL,NULL),(443,40,'KABUPATEN MANOKWARI','MANOKWARI',NULL,NULL,NULL,NULL),(444,40,'KABUPATEN FAKFAK','FAKFAK',NULL,NULL,NULL,NULL),(445,40,'KABUPATEN SORONG SELATAN','TEMINABUAN',NULL,NULL,NULL,NULL),(446,40,'KABUPATEN RAJA AMPAT','WAISAI',NULL,NULL,NULL,NULL),(447,40,'KABUPATEN TELUK BINTUNI','BINTUNI',NULL,NULL,NULL,NULL),(448,40,'KABUPATEN TELUK WONDAMA','RASIEI',NULL,NULL,NULL,NULL),(449,40,'KABUPATEN KAIMANA','KAIMANA',NULL,NULL,NULL,NULL);
/*!40000 ALTER TABLE `cities` ENABLE KEYS */;
UNLOCK TABLES;

--
-- Table structure for table `countries`
--

DROP TABLE IF EXISTS `countries`;
SET @saved_cs_client     = @@character_set_client;
SET character_set_client = utf8;
CREATE TABLE `countries` (
  `id` int(5) NOT NULL auto_increment,
  `iso2` char(2) NOT NULL,
  `iso3` char(3) NOT NULL,
  `name` varchar(100) NOT NULL,
  PRIMARY KEY  (`id`),
  KEY `iso2` (`iso2`),
  KEY `iso3` (`iso3`),
  KEY `name` (`name`)
) ENGINE=MyISAM AUTO_INCREMENT=895 DEFAULT CHARSET=latin1;
SET character_set_client = @saved_cs_client;

--
-- Dumping data for table `countries`
--

LOCK TABLES `countries` WRITE;
/*!40000 ALTER TABLE `countries` DISABLE KEYS */;
INSERT INTO `countries` VALUES (4,'AF','AFG','Afghanistan'),(248,'AX','ALA','Aland Islands'),(8,'AL','ALB','Albania'),(12,'DZ','DZA','Algeria'),(16,'AS','ASM','American Samoa'),(20,'AD','AND','Andorra'),(24,'AO','AGO','Angola'),(660,'AI','AIA','Anguilla'),(10,'AQ','ATA','Antarctica'),(28,'AG','ATG','Antigua and Barbuda'),(32,'AR','ARG','Argentina'),(51,'AM','ARM','Armenia'),(533,'AW','ABW','Aruba'),(36,'AU','AUS','Australia'),(40,'AT','AUT','Austria'),(31,'AZ','AZE','Azerbaijan'),(44,'BS','BHS','Bahamas'),(48,'BH','BHR','Bahrain'),(50,'BD','BGD','Bangladesh'),(52,'BB','BRB','Barbados'),(112,'BY','BLR','Belarus'),(56,'BE','BEL','Belgium'),(84,'BZ','BLZ','Belize'),(204,'BJ','BEN','Benin'),(60,'BM','BMU','Bermuda'),(64,'BT','BTN','Bhutan'),(68,'BO','BOL','Bolivia'),(70,'BA','BIH','Bosnia and Herzegovina'),(72,'BW','BWA','Botswana'),(74,'BV','BVT','Bouvet Island'),(76,'BR','BRA','Brazil'),(86,'IO','IOT','British Indian Ocean Territory'),(96,'BN','BRN','Brunei Darussalam'),(100,'BG','BGR','Bulgaria'),(854,'BF','BFA','Burkina Faso'),(108,'BI','BDI','Burundi'),(116,'KH','KHM','Cambodia'),(120,'CM','CMR','Cameroon'),(124,'CA','CAN','Canada'),(132,'CV','CPV','Cape Verde'),(136,'KY','CYM','Cayman Islands'),(140,'CF','CAF','Central African Republic'),(148,'TD','TCD','Chad'),(152,'CL','CHL','Chile'),(156,'CN','CHN','China'),(162,'CX','CXR','Christmas Island'),(166,'CC','CCK','Cocos (Keeling); Islands'),(170,'CO','COL','Colombia'),(174,'KM','COM','Comoros'),(178,'CG','COG','Congo'),(180,'CD','COD','Congo, Democratic Republic of the'),(184,'CK','COK','Cook Islands'),(188,'CR','CRI','Costa Rica'),(384,'CI','CIV','Côte d\'Ivoire'),(191,'HR','HRV','Croatia'),(192,'CU','CUB','Cuba'),(196,'CY','CYP','Cyprus'),(203,'CZ','CZE','Czech Republic'),(208,'DK','DNK','Denmark'),(262,'DJ','DJI','Djibouti'),(212,'DM','DMA','Dominica'),(214,'DO','DOM','Dominican Republic'),(218,'EC','ECU','Ecuador'),(818,'EG','EGY','Egypt'),(222,'SV','SLV','El Salvador'),(226,'GQ','GNQ','Equatorial Guinea'),(232,'ER','ERI','Eritrea'),(233,'EE','EST','Estonia'),(231,'ET','ETH','Ethiopia'),(238,'FK','FLK','Falkland Islands (Malvinas);'),(234,'FO','FRO','Faroe Islands'),(242,'FJ','FJI','Fiji'),(246,'FI','FIN','Finland'),(250,'FR','FRA','France'),(254,'GF','GUF','French Guiana'),(258,'PF','PYF','French Polynesia'),(260,'TF','ATF','French Southern Territories'),(266,'GA','GAB','Gabon'),(270,'GM','GMB','Gambia'),(268,'GE','GEO','Georgia'),(276,'DE','DEU','Germany'),(288,'GH','GHA','Ghana'),(292,'GI','GIB','Gibraltar'),(300,'GR','GRC','Greece'),(304,'GL','GRL','Greenland'),(308,'GD','GRD','Grenada'),(312,'GP','GLP','Guadeloupe'),(316,'GU','GUM','Guam'),(320,'GT','GTM','Guatemala'),(831,'GG','GGY','Guernsey'),(324,'GN','GIN','Guinea'),(624,'GW','GNB','Guinea-Bissau'),(328,'GY','GUY','Guyana'),(332,'HT','HTI','Haiti'),(334,'HM','HMD','Heard Island and McDonald Islands'),(336,'VA','VAT','Holy See (Vatican City State);'),(340,'HN','HND','Honduras'),(344,'HK','HKG','Hong Kong'),(348,'HU','HUN','Hungary'),(352,'IS','ISL','Iceland'),(356,'IN','IND','India'),(360,'ID','IDN','Indonesia'),(364,'IR','IRN','Iran, Islamic Republic of'),(368,'IQ','IRQ','Iraq'),(372,'IE','IRL','Ireland'),(833,'IM','IMN','Isle of Man'),(376,'IL','ISR','Israel'),(380,'IT','ITA','Italy'),(388,'JM','JAM','Jamaica'),(392,'JP','JPN','Japan'),(832,'JE','JEY','Jersey'),(400,'JO','JOR','Jordan'),(398,'KZ','KAZ','Kazakhstan'),(404,'KE','KEN','Kenya'),(296,'KI','KIR','Kiribati'),(408,'KP','PRK','Korea, Democratic People\'s Republic of'),(410,'KR','KOR','Korea, Republic of'),(414,'KW','KWT','Kuwait'),(417,'KG','KGZ','Kyrgyzstan'),(418,'LA','LAO','Lao People\'s Democratic Republic'),(428,'LV','LVA','Latvia'),(422,'LB','LBN','Lebanon'),(426,'LS','LSO','Lesotho'),(430,'LR','LBR','Liberia'),(434,'LY','LBY','Libyan Arab Jamahiriya'),(438,'LI','LIE','Liechtenstein'),(440,'LT','LTU','Lithuania'),(442,'LU','LUX','Luxembourg'),(446,'MO','MAC','Macao'),(807,'MK','MKD','Macedonia, the former Yugoslav Republic of'),(450,'MG','MDG','Madagascar'),(454,'MW','MWI','Malawi'),(458,'MY','MYS','Malaysia'),(462,'MV','MDV','Maldives'),(466,'ML','MLI','Mali'),(470,'MT','MLT','Malta'),(584,'MH','MHL','Marshall Islands'),(474,'MQ','MTQ','Martinique'),(478,'MR','MRT','Mauritania'),(480,'MU','MUS','Mauritius'),(175,'YT','MYT','Mayotte'),(484,'MX','MEX','Mexico'),(583,'FM','FSM','Micronesia, Federated States of'),(498,'MD','MDA','Moldova'),(492,'MC','MCO','Monaco'),(496,'MN','MNG','Mongolia'),(499,'ME','MNE','Montenegro'),(500,'MS','MSR','Montserrat'),(504,'MA','MAR','Morocco'),(508,'MZ','MOZ','Mozambique'),(104,'MM','MMR','Myanmar'),(516,'NA','NAM','Namibia'),(520,'NR','NRU','Nauru'),(524,'NP','NPL','Nepal'),(528,'NL','NLD','Netherlands'),(530,'AN','ANT','Netherlands Antilles'),(540,'NC','NCL','New Caledonia'),(554,'NZ','NZL','New Zealand'),(558,'NI','NIC','Nicaragua'),(562,'NE','NER','Niger'),(566,'NG','NGA','Nigeria'),(570,'NU','NIU','Niue'),(574,'NF','NFK','Norfolk Island'),(580,'MP','MNP','Northern Mariana Islands'),(578,'NO','NOR','Norway'),(512,'OM','OMN','Oman'),(586,'PK','PAK','Pakistan'),(585,'PW','PLW','Palau'),(275,'PS','PSE','Palestinian Territory, Occupied'),(591,'PA','PAN','Panama'),(598,'PG','PNG','Papua New Guinea'),(600,'PY','PRY','Paraguay'),(604,'PE','PER','Peru'),(608,'PH','PHL','Philippines'),(612,'PN','PCN','Pitcairn'),(616,'PL','POL','Poland'),(620,'PT','PRT','Portugal'),(630,'PR','PRI','Puerto Rico'),(634,'QA','QAT','Qatar'),(638,'RE','REU','Réunion'),(642,'RO','ROU','Romania'),(643,'RU','RUS','Russian Federation'),(646,'RW','RWA','Rwanda'),(652,'BL','BLM','Saint Barthélemy'),(654,'SH','SHN','Saint Helena'),(659,'KN','KNA','Saint Kitts and Nevis'),(662,'LC','LCA','Saint Lucia'),(663,'MF','MAF','Saint Martin (French part);'),(666,'PM','SPM','Saint Pierre and Miquelon'),(670,'VC','VCT','Saint Vincent and the Grenadines'),(882,'WS','WSM','Samoa'),(674,'SM','SMR','San Marino'),(678,'ST','STP','Sao Tome and Principe'),(682,'SA','SAU','Saudi Arabia'),(686,'SN','SEN','Senegal'),(688,'RS','SRB','Serbia[5]'),(690,'SC','SYC','Seychelles'),(694,'SL','SLE','Sierra Leone'),(702,'SG','SGP','Singapore'),(703,'SK','SVK','Slovakia'),(705,'SI','SVN','Slovenia'),(90,'SB','SLB','Solomon Islands'),(706,'SO','SOM','Somalia'),(710,'ZA','ZAF','South Africa'),(239,'GS','SGS','South Georgia and the South Sandwich Islands'),(724,'ES','ESP','Spain'),(144,'LK','LKA','Sri Lanka'),(736,'SD','SDN','Sudan'),(740,'SR','SUR','Suriname'),(744,'SJ','SJM','Svalbard and Jan Mayen'),(748,'SZ','SWZ','Swaziland'),(752,'SE','SWE','Sweden'),(756,'CH','CHE','Switzerland'),(760,'SY','SYR','Syrian Arab Republic'),(158,'TW','TWN','Taiwan, Province of China'),(762,'TJ','TJK','Tajikistan'),(834,'TZ','TZA','Tanzania, United Republic of'),(764,'TH','THA','Thailand'),(626,'TL','TLS','Timor-Leste'),(768,'TG','TGO','Togo'),(772,'TK','TKL','Tokelau'),(776,'TO','TON','Tonga'),(780,'TT','TTO','Trinidad and Tobago'),(788,'TN','TUN','Tunisia'),(792,'TR','TUR','Turkey'),(795,'TM','TKM','Turkmenistan'),(796,'TC','TCA','Turks and Caicos Islands'),(798,'TV','TUV','Tuvalu'),(800,'UG','UGA','Uganda'),(804,'UA','UKR','Ukraine'),(784,'AE','ARE','United Arab Emirates'),(826,'GB','GBR','United Kingdom'),(840,'US','USA','United States'),(581,'UM','UMI','United States Minor Outlying Islands'),(858,'UY','URY','Uruguay'),(860,'UZ','UZB','Uzbekistan'),(548,'VU','VUT','Vanuatu'),(862,'VE','VEN','Venezuela'),(704,'VN','VNM','Viet Nam'),(92,'VG','VGB','Virgin Islands, British'),(850,'VI','VIR','Virgin Islands, U.S.'),(876,'WF','WLF','Wallis and Futuna'),(732,'EH','ESH','Western Sahara'),(887,'YE','YEM','Yemen'),(894,'ZM','ZMB','Zambia'),(716,'ZW','ZWE','Zimbabwe');
/*!40000 ALTER TABLE `countries` ENABLE KEYS */;
UNLOCK TABLES;

--
-- Table structure for table `groups`
--

DROP TABLE IF EXISTS `groups`;
SET @saved_cs_client     = @@character_set_client;
SET character_set_client = utf8;
CREATE TABLE `groups` (
  `id` int(5) unsigned NOT NULL auto_increment,
  `name` varchar(20) NOT NULL,
  PRIMARY KEY  (`id`),
  UNIQUE KEY `name` (`name`)
) ENGINE=MyISAM AUTO_INCREMENT=25 DEFAULT CHARSET=latin1;
SET character_set_client = @saved_cs_client;

--
-- Dumping data for table `groups`
--

LOCK TABLES `groups` WRITE;
/*!40000 ALTER TABLE `groups` DISABLE KEYS */;
INSERT INTO `groups` VALUES (1,'admin'),(2,'user'),(23,'Gudang'),(24,'eksekutif');
/*!40000 ALTER TABLE `groups` ENABLE KEYS */;
UNLOCK TABLES;

--
-- Table structure for table `groups_menus`
--

DROP TABLE IF EXISTS `groups_menus`;
SET @saved_cs_client     = @@character_set_client;
SET character_set_client = utf8;
CREATE TABLE `groups_menus` (
  `group_id` int(5) NOT NULL,
  `menu_id` int(10) NOT NULL,
  KEY `group_id` (`group_id`,`menu_id`),
  KEY `group_id_2` (`menu_id`,`group_id`)
) ENGINE=MyISAM DEFAULT CHARSET=latin1;
SET character_set_client = @saved_cs_client;

--
-- Dumping data for table `groups_menus`
--

LOCK TABLES `groups_menus` WRITE;
/*!40000 ALTER TABLE `groups_menus` DISABLE KEYS */;
INSERT INTO `groups_menus` VALUES (1,11),(1,12),(1,14),(1,15),(1,16),(1,17),(1,21),(1,22),(1,23),(1,24),(1,25),(1,26),(1,27),(1,28),(1,29),(1,30),(1,31),(1,32),(2,24),(2,26),(23,21),(23,22),(23,23),(23,24),(23,25),(23,26),(23,29),(24,25),(24,26),(24,29);
/*!40000 ALTER TABLE `groups_menus` ENABLE KEYS */;
UNLOCK TABLES;

--
-- Table structure for table `groups_module_actions`
--

DROP TABLE IF EXISTS `groups_module_actions`;
SET @saved_cs_client     = @@character_set_client;
SET character_set_client = utf8;
CREATE TABLE `groups_module_actions` (
  `module_action_id` int(10) NOT NULL,
  `group_id` int(5) NOT NULL,
  KEY `module_action_id` (`module_action_id`,`group_id`),
  KEY `group_id` (`group_id`,`module_action_id`)
) ENGINE=MyISAM DEFAULT CHARSET=latin1;
SET character_set_client = @saved_cs_client;

--
-- Dumping data for table `groups_module_actions`
--

LOCK TABLES `groups_module_actions` WRITE;
/*!40000 ALTER TABLE `groups_module_actions` DISABLE KEYS */;
INSERT INTO `groups_module_actions` VALUES (22,1),(23,1),(24,1),(25,1),(26,1),(27,1),(28,1),(29,1),(42,1),(43,1),(44,1),(45,1),(50,1),(51,1),(52,1),(53,1),(54,1),(55,1),(56,1),(57,1),(73,1),(73,2),(73,23),(73,24),(95,1),(96,1),(97,1),(98,1),(99,1),(100,1),(101,1),(102,1),(113,1),(114,1),(115,1),(116,1),(143,1),(143,23),(144,1),(144,23),(145,1),(146,1),(146,23),(151,1),(151,2),(151,23),(151,24),(152,1),(152,24),(153,1),(153,23),(153,24),(154,1),(154,2),(154,24),(155,1),(155,2),(155,23),(155,24),(156,1),(156,23),(157,1),(157,23),(158,1),(158,23),(159,1),(159,23),(170,1),(170,23),(170,24),(171,1),(171,23),(171,24),(172,1),(172,23),(172,24),(173,1),(173,23),(173,24),(174,1),(174,23),(174,24),(175,1),(175,23),(175,24),(176,1),(176,23),(176,24),(182,1),(183,1),(202,1),(202,23),(203,1),(203,23),(204,1),(204,23),(205,1),(205,23),(206,1),(206,2),(206,23),(206,24),(207,1),(207,23),(207,24),(208,1);
/*!40000 ALTER TABLE `groups_module_actions` ENABLE KEYS */;
UNLOCK TABLES;

--
-- Table structure for table `item_ins`
--

DROP TABLE IF EXISTS `item_ins`;
SET @saved_cs_client     = @@character_set_client;
SET character_set_client = utf8;
CREATE TABLE `item_ins` (
  `id` bigint(20) NOT NULL auto_increment,
  `item_id` int(10) NOT NULL,
  `total` decimal(12,2) NOT NULL,
  `date_in` date NOT NULL,
  `created` datetime NOT NULL,
  `created_by` int(10) NOT NULL,
  `modified` datetime NOT NULL,
  `modified_by` int(10) NOT NULL,
  PRIMARY KEY  (`id`),
  KEY `item_id` (`item_id`),
  KEY `date` (`date_in`),
  KEY `created` (`created`),
  KEY `created_by` (`created_by`)
) ENGINE=MyISAM AUTO_INCREMENT=1065 DEFAULT CHARSET=latin1;
SET character_set_client = @saved_cs_client;

--
-- Dumping data for table `item_ins`
--

LOCK TABLES `item_ins` WRITE;
/*!40000 ALTER TABLE `item_ins` DISABLE KEYS */;
INSERT INTO `item_ins` VALUES (6,11,'40.00','2009-12-31','2010-01-05 12:57:51',1,'2010-01-09 13:43:42',1),(5,10,'120.00','2009-12-31','2010-01-05 12:57:24',1,'2010-01-09 13:44:05',1),(4,9,'160.00','2009-12-31','2010-01-05 12:56:32',1,'2010-01-09 13:44:21',1),(7,12,'40.00','2009-12-31','2010-01-05 13:38:16',1,'2010-01-09 13:44:40',1),(8,13,'1.00','2009-12-31','2010-01-05 13:38:39',1,'2010-01-09 13:45:25',1),(9,14,'3.00','2009-12-31','2010-01-05 13:49:15',1,'2010-01-09 13:46:12',1),(10,15,'65.00','2009-12-31','2010-01-05 13:49:48',1,'2010-06-29 23:57:48',1),(11,16,'10.00','2009-12-31','2010-01-05 13:50:19',1,'2010-06-14 12:21:55',1),(12,17,'8.00','2009-12-31','2010-01-05 13:50:48',1,'2010-01-14 21:09:26',1),(13,18,'2.00','2009-12-31','2010-01-05 13:52:27',1,'2010-06-29 19:58:51',1),(14,19,'2.00','2009-12-31','2010-01-05 14:35:29',1,'2010-07-07 20:12:02',1),(15,20,'7.00','2009-12-31','2010-01-05 14:36:01',1,'2010-01-11 08:03:47',1),(16,21,'17.00','2009-12-31','2010-01-05 14:39:02',6,'2010-01-11 08:04:08',1),(17,22,'12.00','2009-12-31','2010-01-05 14:40:21',6,'2010-07-07 17:32:28',1),(18,23,'10.00','2009-12-31','2010-01-05 14:41:33',6,'2010-01-09 12:29:04',1),(19,24,'8.00','2009-12-31','2010-01-05 14:42:48',6,'2010-01-09 12:29:39',1),(20,25,'4.00','2009-12-31','2010-01-05 14:44:07',6,'2010-07-07 17:27:00',1),(21,26,'30.00','2009-12-31','2010-01-05 14:45:33',6,'2010-01-09 12:30:51',1),(22,27,'17.00','2009-12-31','2010-01-05 14:46:23',6,'2010-06-30 21:36:35',1),(23,26,'7.00','2009-12-31','2010-01-05 14:50:18',6,'2010-01-11 08:04:54',1),(83,83,'36.00','2009-12-31','2010-01-12 10:56:16',1,'2010-01-12 10:56:16',0),(25,28,'60.00','2009-12-31','2010-01-05 14:52:41',6,'2010-01-11 08:32:15',1),(26,29,'4.00','2009-12-31','2010-01-05 14:54:34',6,'2010-07-06 12:19:41',1),(27,30,'4.00','2009-12-31','2010-01-05 14:55:02',6,'2010-01-09 12:36:05',1),(28,31,'1.00','2009-12-31','2010-01-05 14:55:32',6,'2010-01-11 08:06:18',1),(29,32,'5.00','2009-12-31','2010-01-05 14:56:43',6,'2010-01-11 08:06:50',1),(30,33,'1.00','2009-12-31','2010-01-05 14:57:28',6,'2010-01-11 08:07:14',1),(31,34,'5.00','2009-12-31','2010-01-06 13:50:47',6,'2010-01-09 12:38:14',1),(82,84,'3.00','2009-12-31','2010-01-12 10:55:42',1,'2010-01-12 10:55:42',0),(33,32,'5.00','2009-12-31','2010-01-06 13:57:52',6,'2010-01-11 08:07:44',1),(84,86,'4.00','2010-01-12','2010-01-12 14:57:24',1,'2010-01-12 14:57:24',0),(35,65,'50.00','2010-01-04','2010-01-08 08:09:55',6,'2010-01-14 21:03:14',1),(36,56,'40.00','2009-12-31','2010-01-08 08:10:26',6,'2010-01-11 08:19:02',1),(81,85,'5.00','2009-12-31','2010-01-12 10:55:04',1,'2010-01-12 10:55:04',0),(87,89,'4.00','2010-01-03','2010-01-12 17:03:09',1,'2010-01-12 17:03:09',0),(39,64,'50.00','2010-01-04','2010-01-08 12:39:17',1,'2010-01-14 21:03:38',1),(40,66,'481.00','2010-01-04','2010-01-08 12:39:53',1,'2010-07-07 14:05:33',1),(41,68,'1000.00','2010-01-04','2010-01-08 12:45:07',1,'2010-01-14 21:04:18',1),(42,67,'190.00','2009-12-31','2010-01-08 12:46:34',1,'2010-07-06 09:07:23',1),(43,69,'57.00','2010-01-04','2010-01-08 12:48:15',1,'2010-07-07 16:53:06',1),(80,38,'36.00','2010-01-04','2010-01-11 08:44:07',1,'2010-01-14 21:05:08',1),(45,38,'2.00','2009-12-31','2010-01-08 12:51:27',1,'2010-01-08 12:51:27',0),(46,59,'5150.00','2009-12-31','2010-01-09 09:37:02',1,'2010-07-06 09:17:38',1),(47,79,'92.00','2010-01-04','2010-01-09 12:11:56',1,'2010-06-30 20:49:10',1),(48,73,'5.00','2010-01-04','2010-01-09 12:12:29',1,'2010-01-14 21:05:46',1),(522,316,'2.00','2010-06-30','2010-07-07 20:43:55',1,'2010-07-07 20:43:55',0),(50,75,'10.00','2010-01-04','2010-01-09 12:13:30',1,'2010-01-14 21:06:22',1),(51,76,'25.00','2010-01-04','2010-01-09 12:14:50',1,'2010-06-29 23:42:18',1),(52,77,'5.00','2010-01-04','2010-01-09 12:15:17',1,'2010-01-14 21:07:00',1),(53,80,'50.00','2010-01-04','2010-01-09 12:20:36',1,'2010-01-14 21:07:16',1),(54,81,'2500.00','2010-01-04','2010-01-09 12:23:58',1,'2010-06-28 19:38:05',1),(55,82,'1.00','2010-01-04','2010-01-09 12:25:31',1,'2010-01-14 21:08:05',1),(56,31,'10.00','2009-12-31','2010-01-09 12:37:13',1,'2010-01-09 12:37:13',0),(57,35,'1.00','2009-12-31','2010-01-09 12:39:55',1,'2010-01-09 12:39:55',0),(58,37,'23.00','2009-12-31','2010-01-09 12:40:34',1,'2010-07-07 13:14:11',1),(59,42,'10.00','2009-12-31','2010-01-09 12:41:45',1,'2010-07-06 12:00:08',1),(60,45,'25.00','2009-12-31','2010-01-09 12:42:46',1,'2010-07-07 16:43:40',1),(61,44,'3.00','2009-12-31','2010-01-09 12:43:14',1,'2010-06-30 16:52:20',1),(62,43,'11.00','2009-12-31','2010-01-09 12:48:31',1,'2010-01-09 12:48:31',0),(63,46,'2.00','2009-12-31','2010-01-09 12:50:09',1,'2010-01-09 12:50:09',0),(64,47,'24.00','2009-12-31','2010-01-09 12:52:17',1,'2010-06-29 20:44:15',1),(65,48,'4.00','2009-12-31','2010-01-09 12:52:48',1,'2010-01-09 12:52:48',0),(66,50,'16.00','2009-12-31','2010-01-09 12:53:25',1,'2010-07-06 17:07:24',1),(67,51,'250.00','2009-12-31','2010-01-09 12:55:36',1,'2010-01-09 12:55:36',0),(68,52,'120.00','2009-12-31','2010-01-09 12:56:13',1,'2010-06-30 18:51:53',1),(69,53,'37.00','2009-12-31','2010-01-09 12:57:55',1,'2010-01-09 12:57:55',0),(70,54,'1.00','2009-12-31','2010-01-09 13:00:35',1,'2010-01-09 13:00:35',0),(101,67,'600.00','2010-01-04','2010-01-13 13:09:27',1,'2010-01-14 21:08:29',1),(85,87,'59.00','2010-01-03','2010-01-12 17:02:02',1,'2010-07-07 18:28:15',1),(73,57,'600.00','2009-12-31','2010-01-09 13:29:03',1,'2010-06-30 18:44:21',1),(74,58,'300.00','2009-12-31','2010-01-09 13:29:32',1,'2010-01-09 13:29:32',0),(86,88,'58.00','2010-01-03','2010-01-12 17:02:35',1,'2010-01-12 17:02:35',0),(527,321,'24.00','2010-06-30','2010-07-07 20:54:37',1,'2010-07-07 20:54:37',0),(77,61,'39.00','2009-12-31','2010-01-09 13:39:09',1,'2010-06-30 13:41:18',1),(78,62,'81.00','2009-12-31','2010-01-09 13:41:44',1,'2010-06-29 23:58:39',1),(79,63,'22.00','2009-12-31','2010-01-09 13:42:25',1,'2010-01-09 13:42:25',0),(88,90,'5.00','2010-01-03','2010-01-12 17:03:38',1,'2010-01-12 17:03:38',0),(89,91,'10.00','2010-01-03','2010-01-12 17:04:09',1,'2010-01-12 17:04:09',0),(90,92,'135.00','2010-01-03','2010-01-12 17:04:49',1,'2010-01-12 17:04:49',0),(91,93,'40.00','2010-01-03','2010-01-12 17:05:11',1,'2010-01-12 17:05:11',0),(92,94,'31.00','2010-01-03','2010-01-12 17:05:36',1,'2010-01-12 17:05:36',0),(93,95,'3.00','2010-01-03','2010-01-12 17:05:59',1,'2010-01-12 17:05:59',0),(94,36,'2.00','2009-12-31','2010-01-13 10:04:38',1,'2010-07-07 13:12:13',1),(95,39,'7.00','2009-12-31','2010-01-13 10:05:45',1,'2010-01-13 10:05:45',0),(96,40,'6.00','2009-12-31','2010-01-13 10:06:38',1,'2010-07-07 18:02:43',1),(97,41,'2.00','2009-12-31','2010-01-13 10:07:29',1,'2010-01-13 10:07:29',0),(98,49,'3.00','2009-12-31','2010-01-13 10:08:06',1,'2010-01-13 10:08:06',0),(99,70,'36.00','2010-01-04','2010-01-13 10:10:33',1,'2010-01-14 21:09:09',1),(100,101,'1.00','2010-01-13','2010-01-13 11:15:14',1,'2010-01-13 11:15:14',0),(102,102,'1500.00','2010-01-13','2010-01-13 17:09:49',1,'2010-01-13 17:09:49',0),(105,103,'5.00','2010-01-12','2010-01-17 17:08:40',1,'2010-01-21 08:43:31',1),(106,104,'1.00','2010-01-12','2010-01-17 17:09:02',1,'2010-01-21 08:43:43',1),(107,106,'3.00','2010-01-20','2010-01-20 12:53:02',1,'2010-01-20 12:53:02',0),(108,65,'30.00','2010-01-20','2010-01-20 12:53:46',1,'2010-01-20 12:53:46',0),(109,68,'4500.00','2010-01-20','2010-01-20 12:54:15',1,'2010-07-07 19:36:32',1),(110,70,'36.00','2010-01-20','2010-01-20 12:54:45',1,'2010-01-20 12:54:45',0),(111,105,'72.00','2010-01-20','2010-01-20 12:55:27',1,'2010-01-20 12:55:27',0),(112,39,'72.00','2010-01-20','2010-01-20 12:55:53',1,'2010-01-20 12:55:53',0),(113,37,'24.00','2010-01-20','2010-01-20 12:56:12',1,'2010-01-20 12:56:12',0),(114,67,'700.00','2010-01-20','2010-01-20 12:56:58',1,'2010-01-20 12:56:58',0),(115,107,'24.00','2010-01-20','2010-01-20 12:59:26',1,'2010-01-20 12:59:26',0),(116,73,'3.00','2010-01-20','2010-01-20 12:59:46',1,'2010-01-20 12:59:46',0),(117,108,'2.00','2010-01-20','2010-01-20 13:00:54',1,'2010-01-20 13:00:54',0),(118,75,'5.00','2010-01-20','2010-01-20 13:01:41',1,'2010-01-20 13:01:41',0),(119,66,'320.00','2010-01-20','2010-01-20 13:21:45',1,'2010-06-30 21:20:00',1),(120,109,'204.00','2010-01-20','2010-01-20 14:33:26',1,'2010-01-20 14:33:26',0),(121,110,'3.00','2010-01-12','2010-01-21 08:44:12',1,'2010-01-21 08:45:25',1),(122,112,'1.00','2010-01-12','2010-01-21 08:44:32',1,'2010-01-21 08:44:32',0),(123,111,'2.00','2010-01-12','2010-01-21 08:44:58',1,'2010-01-21 08:44:58',0),(124,93,'28.00','2010-01-18','2010-01-22 14:09:18',1,'2010-07-06 11:33:06',1),(125,88,'10.00','2010-01-18','2010-01-22 14:09:38',1,'2010-01-22 14:09:38',0),(126,91,'20.00','2010-01-18','2010-01-22 14:10:18',1,'2010-01-22 14:10:18',0),(127,90,'4.00','2010-01-18','2010-01-22 14:10:36',1,'2010-01-22 14:10:36',0),(128,95,'1.00','2010-01-21','2010-01-25 18:01:10',1,'2010-01-25 18:01:10',0),(516,310,'5.00','2010-06-30','2010-07-07 20:33:04',1,'2010-07-07 20:33:04',0),(515,309,'800.00','2010-06-30','2010-07-07 20:30:34',1,'2010-07-07 20:30:34',0),(131,115,'3.00','2010-01-22','2010-01-27 08:33:58',1,'2010-06-14 23:24:10',1),(132,116,'50.00','2010-01-22','2010-01-27 08:34:33',1,'2010-01-27 08:34:33',0),(398,260,'4.00','2009-12-31','2010-06-14 21:01:27',1,'2010-06-14 21:01:27',0),(513,284,'2.00','2010-06-24','2010-07-07 19:27:16',1,'2010-07-07 19:27:16',0),(135,119,'1500.00','2010-01-22','2010-01-27 08:35:38',1,'2010-01-27 08:35:38',0),(136,120,'11500.00','2010-01-22','2010-01-27 08:36:20',1,'2010-06-30 10:49:11',1),(137,121,'2000.00','2010-01-20','2010-01-27 08:37:54',1,'2010-01-27 08:37:54',0),(138,122,'4.00','2010-02-25','2010-03-02 11:54:58',1,'2010-03-02 11:54:58',0),(139,123,'2.00','2010-02-25','2010-03-02 11:55:21',1,'2010-03-02 11:55:21',0),(140,124,'4.00','2010-02-25','2010-03-02 11:55:53',1,'2010-03-02 11:55:53',0),(141,125,'4.00','2010-02-25','2010-03-02 11:59:17',1,'2010-03-02 11:59:17',0),(142,126,'4.00','2010-02-25','2010-03-02 11:59:54',1,'2010-03-02 11:59:54',0),(143,127,'2.00','2010-02-25','2010-03-02 12:00:26',1,'2010-03-02 12:00:26',0),(144,65,'6.00','2010-02-25','2010-03-02 12:01:08',1,'2010-03-02 12:01:08',0),(145,64,'6.00','2010-02-25','2010-03-02 12:01:45',1,'2010-03-02 12:01:45',0),(146,75,'4.00','2010-02-25','2010-03-02 12:02:22',1,'2010-03-02 12:02:22',0),(147,62,'57.00','2010-02-25','2010-03-02 12:02:51',1,'2010-07-07 13:20:09',1),(148,128,'2.00','2010-02-25','2010-03-02 12:13:36',1,'2010-03-02 12:13:36',0),(535,329,'1.00','2010-06-30','2010-07-07 21:14:16',1,'2010-07-07 21:14:16',0),(150,65,'50.00','2010-02-23','2010-03-02 14:30:24',1,'2010-03-02 14:30:24',0),(151,19,'1.00','2010-02-23','2010-03-02 14:31:13',1,'2010-03-02 14:31:13',0),(152,129,'1.00','2010-02-23','2010-03-02 14:38:42',1,'2010-03-02 14:38:42',0),(153,130,'2.00','2010-02-23','2010-03-02 14:39:15',1,'2010-03-02 14:39:15',0),(154,131,'5.00','2010-01-20','2010-05-26 19:04:09',1,'2010-05-26 19:04:09',0),(155,132,'2.00','2010-01-20','2010-05-26 19:04:56',1,'2010-05-26 19:04:56',0),(156,133,'2.00','2010-01-20','2010-05-26 19:05:24',1,'2010-05-26 19:05:24',0),(157,121,'2500.00','2010-03-17','2010-05-26 19:14:44',1,'2010-05-26 19:14:44',0),(158,137,'500.00','2010-03-17','2010-05-26 19:18:30',1,'2010-05-26 19:18:30',0),(159,138,'500.00','2010-03-17','2010-05-26 19:19:12',1,'2010-05-26 19:19:12',0),(160,139,'500.00','2010-03-17','2010-05-26 19:20:12',1,'2010-07-06 11:55:27',1),(161,134,'50.00','2010-03-16','2010-05-26 19:21:02',1,'2010-05-26 19:21:02',0),(162,135,'20.00','2010-03-17','2010-05-26 19:21:47',1,'2010-05-26 19:21:47',0),(163,136,'20.00','2010-03-17','2010-05-26 19:22:15',1,'2010-05-26 19:22:15',0),(164,140,'1.00','2010-03-17','2010-05-26 19:30:36',1,'2010-05-26 19:30:36',0),(165,141,'3.00','2010-03-17','2010-05-26 19:31:30',1,'2010-05-26 19:31:30',0),(166,142,'1.00','2010-03-17','2010-05-26 19:32:05',1,'2010-05-26 19:32:05',0),(520,314,'4.00','2010-06-30','2010-07-07 20:40:03',1,'2010-07-07 20:40:03',0),(168,144,'0.50','2010-03-17','2010-05-26 19:34:17',1,'2010-05-26 19:34:17',0),(169,145,'0.50','2010-03-17','2010-05-26 19:34:55',1,'2010-05-26 19:34:55',0),(170,146,'0.50','2010-03-17','2010-05-26 19:36:49',1,'2010-05-26 19:36:49',0),(171,147,'700.00','2010-03-23','2010-05-26 19:39:09',1,'2010-05-26 19:39:09',0),(172,65,'10.00','2010-03-26','2010-05-26 19:39:53',1,'2010-05-26 19:39:53',0),(173,64,'10.00','2010-03-26','2010-05-26 19:40:32',1,'2010-05-26 19:40:32',0),(174,39,'24.00','2010-03-26','2010-05-26 19:41:10',1,'2010-05-26 19:41:10',0),(175,38,'36.00','2010-03-26','2010-05-26 19:41:37',1,'2010-05-26 19:41:37',0),(176,105,'36.00','2010-03-26','2010-05-26 19:42:17',1,'2010-05-26 19:42:17',0),(177,86,'3.00','2010-03-26','2010-05-26 19:42:50',1,'2010-05-26 19:42:50',0),(178,75,'10.00','2010-03-26','2010-05-26 19:43:42',1,'2010-05-26 19:43:42',0),(179,148,'6.00','2010-03-26','2010-05-26 19:44:57',1,'2010-05-26 19:44:57',0),(180,70,'36.00','2010-03-26','2010-05-26 19:45:45',1,'2010-05-26 19:45:45',0),(181,149,'1500.00','2010-03-26','2010-05-26 19:46:49',1,'2010-06-09 17:53:03',1),(182,150,'56.00','2010-03-26','2010-05-26 19:48:34',1,'2010-06-29 20:48:54',1),(183,151,'40.00','2010-03-26','2010-05-26 19:49:55',1,'2010-05-26 19:49:55',0),(184,66,'50.00','2010-03-26','2010-05-26 19:50:30',1,'2010-05-26 19:50:30',0),(185,152,'150.00','2010-03-16','2010-05-26 19:53:39',1,'2010-05-26 19:53:39',0),(186,153,'5.00','2010-03-16','2010-05-26 19:57:24',1,'2010-05-26 19:57:24',0),(187,154,'20.00','2010-03-16','2010-05-26 19:58:05',1,'2010-05-26 19:58:05',0),(188,107,'10.00','2010-03-29','2010-05-26 19:59:39',1,'2010-05-26 19:59:39',0),(189,47,'12.00','2010-03-29','2010-05-26 20:00:31',1,'2010-05-26 20:00:31',0),(190,34,'20.00','2010-03-29','2010-05-26 20:17:21',1,'2010-05-26 20:17:21',0),(191,155,'0.00','2010-03-29','2010-05-26 20:18:56',1,'2010-06-29 21:02:59',1),(192,156,'12.00','2010-03-29','2010-05-26 20:19:27',1,'2010-05-26 20:19:27',0),(193,157,'12.00','2010-03-29','2010-05-26 20:19:59',1,'2010-05-26 20:19:59',0),(194,158,'1.00','2010-03-29','2010-05-26 20:20:31',1,'2010-05-26 20:20:31',0),(195,159,'24.00','2010-03-29','2010-05-26 20:22:46',1,'2010-06-29 20:53:51',1),(196,21,'13.00','2010-03-29','2010-05-26 20:23:36',1,'2010-07-07 17:00:27',1),(197,76,'10.00','2010-03-29','2010-05-26 20:24:48',1,'2010-05-26 20:24:48',0),(198,14,'20.00','2010-03-29','2010-05-26 20:25:40',1,'2010-05-26 20:25:40',0),(199,33,'30.00','2010-03-29','2010-05-26 20:26:19',1,'2010-05-26 20:26:19',0),(200,106,'5.00','2010-03-31','2010-05-26 20:27:10',1,'2010-05-26 20:27:10',0),(201,66,'50.00','2010-03-31','2010-05-26 20:28:07',1,'2010-05-26 20:28:07',0),(202,160,'12.00','2010-03-29','2010-05-26 20:34:14',1,'2010-05-26 20:34:14',0),(531,325,'2000.00','2010-06-30','2010-07-07 20:58:22',1,'2010-07-07 20:58:22',0),(530,324,'1500.00','2010-06-30','2010-07-07 20:57:52',1,'2010-07-07 20:57:52',0),(205,163,'40.00','2010-03-29','2010-05-26 20:36:24',1,'2010-05-26 20:36:24',0),(206,164,'35.00','2010-03-31','2010-05-26 20:37:02',1,'2010-06-14 22:40:10',1),(207,165,'20.00','2010-03-31','2010-05-26 20:37:46',1,'2010-05-26 20:37:46',0),(208,166,'5.00','2010-03-31','2010-05-26 20:39:05',1,'2010-05-26 20:39:05',0),(209,166,'5.00','2010-03-31','2010-05-26 20:42:44',1,'2010-05-26 20:42:44',0),(210,38,'12.00','2010-04-22','2010-05-26 20:43:24',1,'2010-05-26 20:43:24',0),(211,105,'12.00','2010-04-22','2010-05-26 20:43:55',1,'2010-05-26 20:43:55',0),(212,160,'10.00','2010-04-22','2010-05-26 20:45:08',1,'2010-05-26 20:45:08',0),(213,167,'12.00','2010-04-22','2010-05-26 20:46:49',1,'2010-05-26 20:46:49',0),(214,48,'12.00','2010-04-22','2010-05-26 20:47:39',1,'2010-05-26 20:47:39',0),(215,168,'1250.00','2010-04-22','2010-05-26 20:53:52',1,'2010-07-07 18:56:53',1),(216,169,'1250.00','2010-04-22','2010-05-26 20:54:34',1,'2010-07-07 18:57:13',1),(217,173,'1.00','2010-04-22','2010-05-26 20:55:39',1,'2010-05-26 20:55:39',0),(218,172,'1.00','2010-04-22','2010-05-26 20:56:18',1,'2010-05-26 20:56:18',0),(219,171,'1.00','2010-04-22','2010-05-26 20:56:42',1,'2010-05-26 20:56:42',0),(220,170,'1.00','2010-04-22','2010-05-26 20:57:14',1,'2010-05-26 20:57:14',0),(221,79,'20.00','2010-04-22','2010-05-26 20:58:50',1,'2010-05-26 20:58:50',0),(222,174,'10.00','2010-04-22','2010-05-26 21:03:44',1,'2010-05-26 21:03:44',0),(223,175,'11.00','2010-04-22','2010-05-26 21:04:45',1,'2010-06-30 00:02:18',1),(224,176,'10.00','2010-04-22','2010-05-26 21:05:22',1,'2010-05-26 21:05:22',0),(225,67,'150.00','2010-04-27','2010-05-26 21:07:26',1,'2010-05-26 21:07:26',0),(226,65,'30.00','2010-04-27','2010-05-26 21:08:09',1,'2010-05-26 21:08:09',0),(227,64,'20.00','2010-04-27','2010-05-26 21:08:44',1,'2010-05-26 21:08:44',0),(228,119,'3000.00','2010-04-28','2010-05-26 21:12:13',1,'2010-06-29 19:15:45',1),(508,76,'14.00','2010-06-30','2010-07-06 12:04:28',1,'2010-07-06 12:04:28',0),(230,179,'1600.00','2010-04-26','2010-05-26 21:19:40',1,'2010-07-06 11:35:58',1),(231,177,'60.00','2010-04-26','2010-05-26 21:20:30',1,'2010-06-10 09:27:36',1),(232,180,'12.00','2010-04-27','2010-05-26 21:21:43',1,'2010-05-26 21:21:43',0),(233,181,'5500.00','2010-04-30','2010-05-26 21:22:19',1,'2010-05-26 21:22:19',0),(234,65,'20.00','2010-04-05','2010-05-26 21:24:03',1,'2010-05-26 21:24:03',0),(235,64,'20.00','2010-04-05','2010-05-26 21:24:34',1,'2010-05-26 21:24:34',0),(236,65,'30.00','2010-04-15','2010-05-26 21:25:56',1,'2010-05-26 21:25:56',0),(237,86,'2.00','2010-04-15','2010-05-26 21:26:39',1,'2010-05-26 21:26:39',0),(238,166,'50.00','2010-04-14','2010-05-26 21:27:16',1,'2010-05-26 21:27:16',0),(239,70,'36.00','2010-04-22','2010-05-26 21:29:48',1,'2010-05-26 21:29:48',0),(240,38,'36.00','2010-04-22','2010-05-26 21:30:40',1,'2010-05-26 21:30:40',0),(241,105,'36.00','2010-04-22','2010-05-26 21:33:46',1,'2010-05-26 21:33:46',0),(242,86,'2.00','2010-04-22','2010-05-26 21:34:21',1,'2010-05-26 21:34:21',0),(243,37,'36.00','2010-04-22','2010-05-26 21:34:59',1,'2010-05-26 21:34:59',0),(244,73,'7.00','2010-04-22','2010-05-26 21:35:50',1,'2010-07-07 20:19:39',1),(245,27,'40.00','2010-04-22','2010-05-26 21:36:29',1,'2010-05-26 21:36:29',0),(246,178,'5110.00','2010-04-15','2010-05-26 21:38:10',1,'2010-07-06 11:50:44',1),(247,119,'3500.00','2010-04-15','2010-05-26 21:39:47',1,'2010-06-30 10:42:09',1),(248,46,'10.00','2010-04-22','2010-05-26 21:41:27',1,'2010-07-06 17:05:17',1),(249,30,'1.00','2010-04-22','2010-05-26 21:42:23',1,'2010-07-06 12:24:31',1),(250,66,'250.00','2010-04-22','2010-05-26 21:43:23',1,'2010-05-26 21:43:23',0),(251,58,'1100.00','2010-04-22','2010-05-26 21:44:00',1,'2010-07-06 09:41:22',1),(252,27,'40.00','2010-04-22','2010-05-26 21:45:05',1,'2010-05-26 21:45:05',0),(253,182,'1.00','2010-04-01','2010-06-02 19:57:42',1,'2010-06-02 19:57:42',0),(254,183,'1.00','2010-04-01','2010-06-02 19:58:10',1,'2010-06-02 19:58:10',0),(255,184,'1.00','2010-04-01','2010-06-02 19:58:32',1,'2010-06-02 19:58:32',0),(256,185,'10.00','2010-04-05','2010-06-02 19:58:59',1,'2010-06-15 18:37:29',1),(257,186,'1000.00','2010-04-15','2010-06-02 19:59:52',1,'2010-07-06 11:27:45',1),(258,187,'2300.00','2010-04-15','2010-06-02 20:00:32',1,'2010-07-06 11:25:19',1),(259,188,'4.00','2010-04-14','2010-06-02 20:22:10',1,'2010-06-02 20:22:10',0),(260,189,'10.00','2010-04-14','2010-06-02 20:23:12',1,'2010-06-30 18:41:47',1),(261,190,'3.00','2010-04-14','2010-06-02 20:35:25',1,'2010-06-02 20:35:25',0),(262,191,'0.00','2010-04-14','2010-06-02 20:36:18',1,'2010-07-06 17:13:43',1),(263,192,'80.00','2010-04-14','2010-06-02 20:37:22',1,'2010-07-07 14:19:12',1),(264,193,'2.00','2010-04-14','2010-06-02 20:37:59',1,'2010-06-02 20:37:59',0),(265,194,'3.00','2010-04-14','2010-06-02 20:38:31',1,'2010-06-14 23:28:14',1),(266,195,'36.00','2010-04-22','2010-06-02 20:39:54',1,'2010-06-02 20:39:54',0),(267,196,'36.00','2010-04-22','2010-06-02 20:40:42',1,'2010-06-02 20:40:42',0),(268,197,'1000.00','2010-04-22','2010-06-02 20:46:23',1,'2010-06-02 20:46:23',0),(269,198,'1000.00','2010-04-22','2010-06-02 21:05:11',1,'2010-06-02 21:05:11',0),(270,199,'2000.00','2010-04-22','2010-06-02 21:06:33',1,'2010-07-06 11:57:39',1),(271,200,'1352.00','2010-04-22','2010-06-02 21:07:22',1,'2010-07-07 18:58:08',1),(274,171,'2.00','2010-05-06','2010-06-03 15:14:11',1,'2010-06-03 15:15:31',1),(275,170,'2.00','2010-05-06','2010-06-03 15:14:53',1,'2010-06-03 15:14:53',0),(276,65,'5.00','2010-05-11','2010-06-03 15:16:39',1,'2010-06-03 15:16:39',0),(277,148,'10.00','2010-05-14','2010-06-03 15:17:44',1,'2010-07-08 07:55:19',1),(278,196,'72.00','2010-05-18','2010-06-03 15:19:20',1,'2010-06-03 15:19:20',0),(279,65,'30.00','2010-05-18','2010-06-03 15:20:44',1,'2010-06-03 15:20:44',0),(280,65,'30.00','2010-05-18','2010-06-03 15:22:11',1,'2010-06-03 15:22:11',0),(281,75,'5.00','2010-05-18','2010-06-03 15:25:38',1,'2010-06-03 15:25:38',0),(282,148,'10.00','2010-05-11','2010-06-03 15:26:24',1,'2010-07-08 07:58:03',1),(283,201,'94.00','2010-05-04','2010-06-03 16:04:04',1,'2010-06-03 16:04:04',0),(284,202,'65.00','2010-05-04','2010-06-03 16:04:39',1,'2010-06-03 16:04:39',0),(285,203,'10.00','2010-05-04','2010-06-03 16:20:20',1,'2010-06-28 15:28:10',1),(286,204,'24.00','2010-05-04','2010-06-03 16:20:59',1,'2010-06-03 16:20:59',0),(287,205,'8.00','2010-05-04','2010-06-03 16:21:39',1,'2010-06-03 16:21:39',0),(288,206,'26.00','2010-05-04','2010-06-03 16:23:44',1,'2010-06-28 19:03:01',1),(289,207,'13.00','2010-05-04','2010-06-03 16:26:57',1,'2010-06-28 19:02:32',1),(290,208,'2.00','2010-05-04','2010-06-03 16:27:33',1,'2010-06-03 16:27:33',0),(291,209,'2.00','2010-05-04','2010-06-03 16:27:59',1,'2010-06-03 16:27:59',0),(292,86,'1.00','2010-05-11','2010-06-03 17:06:00',1,'2010-06-03 17:06:00',0),(293,210,'3.00','2010-05-11','2010-06-03 17:07:49',1,'2010-06-03 17:07:49',0),(294,178,'7500.00','2010-05-11','2010-06-03 17:09:17',1,'2010-06-03 17:09:17',0),(295,211,'20.00','2010-05-11','2010-06-03 17:15:07',1,'2010-06-03 17:15:07',0),(296,212,'2.00','2010-05-14','2010-06-03 17:17:15',1,'2010-06-03 17:17:15',0),(297,65,'30.00','2010-05-14','2010-06-03 17:17:59',1,'2010-06-03 17:17:59',0),(298,196,'72.00','2010-05-14','2010-06-03 17:21:02',1,'2010-06-03 17:21:02',0),(299,105,'48.00','2010-05-14','2010-06-03 17:21:48',1,'2010-06-03 17:21:48',0),(300,67,'300.00','2010-05-14','2010-06-03 17:22:31',1,'2010-06-04 13:24:49',1),(301,66,'100.00','2010-05-14','2010-06-03 17:23:12',1,'2010-06-03 17:23:12',0),(302,86,'3.00','2010-05-14','2010-06-03 17:23:59',1,'2010-06-03 17:23:59',0),(303,101,'1.00','2010-05-14','2010-06-03 17:24:29',1,'2010-06-03 17:24:29',0),(304,210,'2.00','2010-05-14','2010-06-03 17:25:12',1,'2010-06-03 17:25:12',0),(305,213,'54.00','2010-05-18','2010-06-03 17:26:27',1,'2010-07-07 12:24:39',1),(306,213,'30.00','2010-05-20','2010-06-03 17:27:36',1,'2010-07-07 12:25:08',1),(307,166,'30.00','2010-05-20','2010-06-03 18:15:53',1,'2010-06-03 18:15:53',0),(308,196,'48.00','2010-05-20','2010-06-03 18:16:36',1,'2010-06-03 18:16:36',0),(309,105,'48.00','2010-05-20','2010-06-03 18:17:18',1,'2010-06-03 18:17:18',0),(310,196,'48.00','2010-05-24','2010-06-03 18:18:10',1,'2010-06-03 18:18:10',0),(311,105,'48.00','2010-05-24','2010-06-03 18:18:51',1,'2010-06-03 18:18:51',0),(312,160,'10.00','2010-05-24','2010-06-03 18:19:29',1,'2010-06-03 18:19:29',0),(313,213,'15.00','2010-06-03','2010-06-03 18:20:35',1,'2010-06-03 18:20:35',0),(314,75,'15.00','2010-06-03','2010-06-03 18:21:00',1,'2010-06-03 18:21:00',0),(315,196,'15.00','2010-06-03','2010-06-03 18:21:39',1,'2010-06-03 18:21:39',0),(316,65,'5.00','2010-06-03','2010-06-03 18:22:02',1,'2010-06-03 18:22:02',0),(537,331,'500.00','2010-06-30','2010-07-07 21:15:28',1,'2010-07-07 21:15:28',0),(318,171,'2.00','2010-06-03','2010-06-03 18:24:18',1,'2010-06-03 18:24:18',0),(319,170,'2.00','2010-06-03','2010-06-03 18:24:45',1,'2010-06-03 18:24:45',0),(320,172,'4.00','2010-06-03','2010-06-03 18:25:12',1,'2010-06-15 14:55:41',1),(321,173,'4.00','2010-06-03','2010-06-03 18:25:37',1,'2010-06-15 14:55:56',1),(322,213,'40.00','2010-05-24','2010-06-03 18:27:27',1,'2010-06-03 18:27:27',0),(323,197,'500.00','2010-05-24','2010-06-03 18:29:11',1,'2010-06-03 18:29:11',0),(324,189,'5.00','2010-05-24','2010-06-03 18:32:14',1,'2010-06-03 18:32:14',0),(325,233,'20.00','2010-06-03','2010-06-03 18:57:10',1,'2010-06-03 18:57:10',0),(326,235,'23000.00','2010-06-03','2010-06-03 18:59:34',1,'2010-06-03 18:59:34',0),(327,234,'15.00','2010-06-03','2010-06-03 19:00:08',1,'2010-06-03 19:00:08',0),(328,222,'500.00','2010-05-24','2010-06-03 19:01:06',1,'2010-06-03 19:01:06',0),(329,236,'25.00','2010-05-20','2010-06-03 19:04:00',1,'2010-06-03 19:04:00',0),(330,214,'1.00','2010-05-20','2010-06-03 19:04:33',1,'2010-06-03 19:04:33',0),(331,215,'1.00','2010-05-20','2010-06-03 19:05:30',1,'2010-06-03 19:05:30',0),(332,216,'2.00','2010-05-20','2010-06-03 19:05:58',1,'2010-06-03 19:05:58',0),(333,217,'20.00','2010-05-20','2010-06-03 19:06:30',1,'2010-06-03 19:06:30',0),(334,237,'1.00','2010-05-20','2010-06-03 19:08:05',1,'2010-06-03 19:08:05',0),(335,218,'30.00','2010-05-24','2010-06-03 19:08:58',1,'2010-06-28 19:47:16',1),(336,219,'10.00','2010-05-24','2010-06-03 19:10:41',1,'2010-06-03 19:10:41',0),(523,317,'1.00','2010-06-30','2010-07-07 20:44:27',1,'2010-07-07 20:44:27',0),(525,319,'1.00','2010-06-30','2010-07-07 20:51:35',1,'2010-07-07 20:51:35',0),(339,167,'10.00','2010-05-05','2010-06-03 19:12:34',1,'2010-06-03 19:12:34',0),(340,223,'5.00','2010-05-24','2010-06-03 19:13:19',1,'2010-06-03 19:13:19',0),(341,224,'1.00','2010-05-24','2010-06-03 19:13:55',1,'2010-06-03 19:13:55',0),(342,225,'1.00','2010-05-24','2010-06-03 19:14:41',1,'2010-06-03 19:14:41',0),(343,226,'1.00','2010-05-24','2010-06-03 19:15:14',1,'2010-06-03 19:15:14',0),(514,308,'75.00','2010-06-30','2010-07-07 20:28:54',1,'2010-07-07 20:28:54',0),(345,228,'20.00','2010-05-24','2010-06-03 19:16:25',1,'2010-06-03 19:16:25',0),(346,229,'50.00','2010-05-24','2010-06-03 19:18:06',1,'2010-06-03 19:18:06',0),(347,230,'6.00','2010-05-24','2010-06-03 19:19:00',1,'2010-06-30 21:12:01',1),(348,231,'2.00','2010-05-24','2010-06-03 19:19:35',1,'2010-06-03 19:19:35',0),(349,232,'25.00','2010-05-05','2010-06-03 19:20:23',1,'2010-06-03 19:20:23',0),(350,238,'4.00','2009-12-31','2010-06-04 15:34:34',1,'2010-06-10 14:58:45',1),(351,240,'48.00','2009-12-31','2010-06-04 15:36:05',1,'2010-07-07 18:37:18',1),(1000,262,'1.00','2010-01-26','2010-08-14 12:54:39',1,'2010-08-14 12:54:39',0),(353,152,'200.00','2010-06-09','2010-06-10 09:19:29',1,'2010-06-10 09:19:29',0),(354,152,'50.00','2010-03-18','2010-06-10 09:20:22',1,'2010-06-10 09:20:22',0),(355,177,'80.00','2010-06-09','2010-06-10 09:28:15',1,'2010-06-10 09:28:15',0),(356,242,'3.00','2010-06-09','2010-06-10 09:32:45',1,'2010-06-10 09:32:45',0),(357,86,'3.00','2010-06-09','2010-06-10 10:35:49',1,'2010-06-10 10:35:49',0),(533,327,'50.00','2010-06-30','2010-07-07 21:05:16',1,'2010-07-07 21:05:16',0),(359,75,'9.00','2010-06-09','2010-06-10 10:37:03',1,'2010-06-10 10:37:03',0),(360,167,'24.00','2010-06-09','2010-06-10 10:38:08',1,'2010-06-10 10:38:08',0),(361,197,'1500.00','2010-06-08','2010-06-10 10:39:01',1,'2010-06-10 10:39:01',0),(362,65,'10.00','2010-06-03','2010-06-10 10:42:16',1,'2010-06-10 10:42:16',0),(363,213,'20.00','2010-06-03','2010-06-10 10:42:45',1,'2010-07-06 17:26:53',1),(364,39,'24.00','2010-06-03','2010-06-10 10:43:14',1,'2010-06-10 10:43:14',0),(365,38,'36.00','2010-06-03','2010-06-10 10:43:34',1,'2010-06-10 10:43:34',0),(366,105,'24.00','2010-06-03','2010-06-10 10:43:57',1,'2010-06-10 10:43:57',0),(367,148,'5.00','2010-06-03','2010-06-10 10:46:03',1,'2010-07-08 08:11:39',1),(368,70,'12.00','2010-06-03','2010-06-10 10:46:26',1,'2010-06-10 10:46:26',0),(369,150,'20.00','2010-06-03','2010-06-10 10:47:07',1,'2010-06-10 10:47:07',0),(370,243,'36.00','2010-06-03','2010-06-10 10:51:18',1,'2010-06-10 10:51:18',0),(371,66,'100.00','2010-06-03','2010-06-10 10:51:46',1,'2010-06-10 10:51:46',0),(372,244,'25.00','2010-06-03','2010-06-10 10:52:21',1,'2010-06-29 22:22:24',1),(373,156,'12.00','2010-06-03','2010-06-10 10:52:55',1,'2010-06-10 10:52:55',0),(374,34,'20.00','2010-06-03','2010-06-10 10:53:31',1,'2010-06-10 10:53:31',0),(375,107,'12.00','2010-06-03','2010-06-10 10:53:57',1,'2010-06-10 10:53:57',0),(376,47,'12.00','2010-06-03','2010-06-10 10:54:23',1,'2010-06-10 10:54:23',0),(377,159,'12.00','2010-06-03','2010-06-10 10:54:49',1,'2010-06-10 10:54:49',0),(378,160,'12.00','2010-06-03','2010-06-10 10:55:10',1,'2010-06-10 10:55:10',0),(379,21,'24.00','2010-06-03','2010-06-10 10:55:43',1,'2010-06-10 10:55:43',0),(380,76,'5.00','2010-06-03','2010-06-10 10:56:11',1,'2010-06-10 10:56:11',0),(381,163,'10.00','2010-06-03','2010-06-10 10:57:57',1,'2010-06-10 10:57:57',0),(382,164,'24.00','2010-06-03','2010-06-10 10:58:25',1,'2010-06-10 10:58:25',0),(383,251,'1500.00','2009-12-31','2010-06-10 12:09:33',1,'2010-06-10 12:09:33',0),(384,250,'220.00','2009-12-31','2010-06-10 12:24:46',1,'2010-06-30 17:28:30',1),(385,245,'3250.00','2009-12-31','2010-06-10 13:58:09',1,'2010-07-06 11:41:36',1),(386,246,'2.00','2009-12-31','2010-06-10 13:58:58',1,'2010-06-10 13:58:58',0),(387,247,'10.00','2009-12-31','2010-06-10 13:59:29',1,'2010-06-10 15:11:47',1),(388,249,'10.00','2009-12-31','2010-06-10 14:00:04',1,'2010-06-10 14:00:04',0),(389,248,'2.00','2009-12-31','2010-06-10 14:00:33',1,'2010-06-10 14:00:33',0),(390,252,'5.00','2009-12-31','2010-06-10 14:22:58',1,'2010-07-07 18:27:07',1),(391,253,'51.00','2009-12-31','2010-06-10 14:23:27',1,'2010-07-07 17:32:11',1),(392,52,'240.00','2010-03-31','2010-06-10 14:51:45',1,'2010-06-10 14:51:45',0),(393,108,'1.00','2009-12-31','2010-06-10 14:54:59',1,'2010-06-10 14:54:59',0),(394,256,'4.00','2009-12-31','2010-06-10 14:59:59',1,'2010-06-29 23:45:59',1),(395,257,'1.00','2010-12-31','2010-06-10 15:12:57',1,'2010-06-10 15:12:57',0),(396,258,'26.00','2009-12-31','2010-06-10 15:35:08',1,'2010-06-30 09:25:42',1),(397,259,'100.00','2009-12-31','2010-06-14 18:39:26',1,'2010-06-14 18:39:26',0),(399,261,'30.00','2010-12-31','2010-06-14 21:33:46',1,'2010-06-14 21:33:46',0),(517,311,'30.00','2010-06-30','2010-07-07 20:33:35',1,'2010-07-07 20:33:35',0),(401,263,'4000.00','2010-04-26','2010-06-15 14:05:36',1,'2010-06-15 14:05:36',0),(402,264,'15.00','2009-12-31','2010-06-15 14:15:39',1,'2010-06-15 14:15:39',0),(403,233,'20.00','2010-06-03','2010-06-15 15:52:09',1,'2010-06-15 15:52:09',0),(404,173,'2.00','2010-06-03','2010-06-15 15:52:51',1,'2010-06-15 15:52:51',0),(405,172,'2.00','2010-06-03','2010-06-15 15:53:09',1,'2010-06-15 15:53:09',0),(406,171,'2.00','2010-06-03','2010-06-15 15:53:27',1,'2010-06-15 15:53:27',0),(407,170,'2.00','2010-06-03','2010-06-15 15:53:47',1,'2010-06-15 15:53:47',0),(408,235,'23000.00','2010-06-03','2010-06-15 15:55:08',1,'2010-06-15 15:55:08',0),(409,147,'1030.00','2010-06-03','2010-06-15 15:55:52',1,'2010-07-06 11:22:29',1),(410,234,'15.00','2010-06-03','2010-06-15 15:56:46',1,'2010-06-15 15:56:46',0),(558,348,'900.00','2010-07-06','2010-07-09 13:01:45',1,'2010-07-09 13:01:45',0),(412,213,'15.00','2010-06-03','2010-06-15 16:00:09',1,'2010-06-15 16:00:09',0),(413,196,'15.00','2010-06-03','2010-06-15 16:00:54',1,'2010-06-15 16:00:54',0),(414,65,'5.00','2010-06-03','2010-06-15 16:01:40',1,'2010-06-15 16:01:40',0),(510,12,'6.00','2010-06-30','2010-07-07 18:42:23',1,'2010-07-07 18:42:23',0),(528,322,'12.00','2010-06-30','2010-07-07 20:55:03',1,'2010-07-07 20:55:03',0),(509,11,'22.00','2010-06-30','2010-07-07 18:41:42',1,'2010-07-07 18:41:42',0),(529,323,'3250.00','2010-06-30','2010-07-07 20:57:17',1,'2010-07-07 20:57:17',0),(419,210,'3.00','2010-06-14','2010-06-15 17:11:01',1,'2010-06-15 17:11:01',0),(420,160,'12.00','2010-06-14','2010-06-15 17:11:25',1,'2010-06-15 17:11:25',0),(421,26,'80.00','2010-06-14','2010-06-15 17:14:08',1,'2010-06-15 17:14:08',0),(422,265,'25.00','2010-06-14','2010-06-15 17:17:12',1,'2010-06-30 21:34:19',1),(423,253,'4.00','2010-06-09','2010-06-15 17:17:59',1,'2010-06-15 17:17:59',0),(536,330,'2.00','2010-06-30','2010-07-07 21:14:53',1,'2010-07-07 21:14:53',0),(524,318,'4.00','2010-06-30','2010-07-07 20:49:20',1,'2010-07-07 20:49:20',0),(426,266,'1.00','2010-06-09','2010-06-15 17:28:01',1,'2010-06-15 17:28:01',0),(427,75,'1.00','2010-06-11','2010-06-15 17:31:18',1,'2010-06-15 17:31:18',0),(428,267,'5.00','2010-06-11','2010-06-15 18:03:23',1,'2010-06-15 18:03:23',0),(429,268,'5.00','2010-06-11','2010-06-15 18:03:51',1,'2010-06-15 18:03:51',0),(430,65,'5.00','2010-06-11','2010-06-15 18:04:23',1,'2010-06-15 18:04:23',0),(431,64,'5.00','2010-06-11','2010-06-15 18:04:51',1,'2010-06-15 18:04:51',0),(432,49,'12.00','2010-06-11','2010-06-15 18:05:32',1,'2010-06-15 18:05:32',0),(433,269,'3.00','2010-06-11','2010-06-15 18:06:50',1,'2010-06-15 18:06:50',0),(434,267,'15.00','2010-06-14','2010-06-15 18:07:41',1,'2010-06-15 18:07:41',0),(435,268,'5.00','2010-06-14','2010-06-15 18:08:07',1,'2010-06-15 18:08:07',0),(436,65,'90.00','2010-06-14','2010-06-15 18:08:36',1,'2010-06-15 18:08:36',0),(437,64,'30.00','2010-06-14','2010-06-15 18:09:08',1,'2010-06-15 18:09:08',0),(438,70,'120.00','2010-06-14','2010-06-15 18:09:28',1,'2010-06-15 18:09:28',0),(439,34,'72.00','2010-06-14','2010-06-15 18:09:54',1,'2010-06-15 18:09:54',0),(440,196,'75.00','2010-06-14','2010-06-15 18:10:14',1,'2010-07-06 12:02:05',1),(441,105,'36.00','2010-06-14','2010-06-15 18:10:34',1,'2010-06-15 18:10:34',0),(442,86,'6.00','2010-06-14','2010-06-15 18:11:19',1,'2010-06-15 18:11:19',0),(443,108,'2.00','2010-06-14','2010-06-15 18:12:35',1,'2010-07-07 18:53:12',1),(444,107,'24.00','2010-06-14','2010-06-15 18:12:59',1,'2010-06-15 18:12:59',0),(445,14,'12.00','2010-06-14','2010-06-15 18:13:21',1,'2010-06-15 18:13:21',0),(446,270,'12.00','2010-06-14','2010-06-15 18:15:34',1,'2010-06-15 18:15:34',0),(521,315,'2.00','2010-06-30','2010-07-07 20:43:15',1,'2010-07-07 20:43:15',0),(448,21,'12.00','2010-06-14','2010-06-15 18:16:31',1,'2010-06-15 18:16:31',0),(512,283,'4.00','2010-06-24','2010-07-07 19:26:36',1,'2010-07-07 19:26:36',0),(511,282,'4.00','2010-06-24','2010-07-07 19:26:06',1,'2010-07-07 19:26:06',0),(451,43,'16.00','2010-06-14','2010-06-29 18:22:59',1,'2010-07-07 16:40:25',1),(452,265,'18.00','2010-06-14','2010-06-29 18:23:28',1,'2010-07-06 13:08:33',1),(453,210,'3.00','2010-06-14','2010-06-29 18:23:54',1,'2010-06-29 18:23:54',0),(454,160,'2.00','2010-06-14','2010-06-29 18:24:18',1,'2010-07-07 18:34:11',1),(455,26,'80.00','2010-06-14','2010-06-29 18:25:04',1,'2010-06-29 18:25:04',0),(456,101,'2.00','2010-06-22','2010-06-29 18:25:48',1,'2010-06-29 18:25:48',0),(457,74,'3.00','2010-06-22','2010-06-29 18:26:17',1,'2010-07-07 18:01:36',1),(458,77,'11.00','2010-06-22','2010-06-29 18:27:21',1,'2010-07-06 12:17:55',1),(459,167,'16.00','2010-06-22','2010-06-29 18:27:47',1,'2010-07-07 17:01:15',1),(534,328,'2.00','2010-06-30','2010-07-07 21:05:49',1,'2010-07-07 21:05:49',0),(461,166,'50.00','2010-06-22','2010-06-29 18:30:06',1,'2010-06-29 18:30:06',0),(462,173,'3.00','2010-06-29','2010-06-29 18:31:12',1,'2010-06-29 18:31:12',0),(463,172,'3.00','2010-06-29','2010-06-29 18:31:40',1,'2010-06-29 18:31:40',0),(464,171,'3.00','2010-06-29','2010-06-29 18:32:02',1,'2010-06-29 18:32:02',0),(465,170,'3.00','2010-06-29','2010-06-29 18:32:37',1,'2010-06-29 18:32:37',0),(466,247,'4.00','2010-06-29','2010-06-29 18:33:11',1,'2010-06-29 18:33:11',0),(467,230,'2.00','2010-06-29','2010-06-29 18:33:33',1,'2010-06-29 18:33:33',0),(468,233,'20.00','2010-06-29','2010-06-29 18:34:50',1,'2010-06-29 18:34:50',0),(469,275,'1.00','2010-06-22','2010-06-29 18:45:59',1,'2010-06-29 18:45:59',0),(470,276,'1.00','2010-06-22','2010-06-29 18:46:14',1,'2010-06-29 18:46:14',0),(471,170,'1.00','2010-06-22','2010-06-29 18:46:31',1,'2010-06-29 18:46:31',0),(472,278,'4.00','2010-06-22','2010-06-29 18:50:34',1,'2010-06-29 18:50:34',0),(473,279,'1.00','2010-06-22','2010-06-29 18:51:04',1,'2010-06-29 18:51:04',0),(474,280,'5.00','2010-06-22','2010-06-29 18:51:32',1,'2010-06-29 18:51:32',0),(475,281,'5.00','2010-06-22','2010-06-29 18:52:12',1,'2010-06-29 18:52:12',0),(519,313,'700.00','2010-06-30','2010-07-07 20:36:13',1,'2010-07-07 20:36:13',0),(518,312,'2.00','2010-06-30','2010-07-07 20:34:00',1,'2010-07-07 20:34:00',0),(526,320,'5.00','2010-06-30','2010-07-07 20:52:03',1,'2010-07-07 20:52:03',0),(479,285,'0.00','2010-06-28','2010-06-29 18:56:48',1,'2010-07-06 17:11:11',1),(480,286,'113.00','2009-12-31','2010-06-30 19:24:11',1,'2010-07-07 17:01:55',1),(481,293,'5.00','2010-05-10','2010-06-30 19:31:32',1,'2010-06-30 19:31:32',0),(482,288,'1200.00','2010-05-21','2010-06-30 19:33:06',1,'2010-07-07 14:15:25',1),(483,291,'1200.00','2010-05-21','2010-06-30 19:33:27',1,'2010-07-07 14:12:33',1),(484,287,'800.00','2010-05-21','2010-06-30 19:33:46',1,'2010-07-07 14:12:55',1),(485,289,'900.00','2010-05-21','2010-06-30 19:34:06',1,'2010-07-07 14:13:19',1),(486,290,'2400.00','2010-05-21','2010-06-30 19:34:25',1,'2010-07-07 14:13:44',1),(487,292,'800.00','2010-05-21','2010-06-30 19:34:41',1,'2010-07-07 14:14:01',1),(488,294,'80.00','2010-03-17','2010-06-30 19:36:10',1,'2010-07-07 14:11:24',1),(489,295,'2.00','2010-05-14','2010-06-30 19:45:54',1,'2010-06-30 19:45:54',0),(490,296,'2.00','2010-06-06','2010-06-30 19:54:02',1,'2010-06-30 19:54:02',0),(491,297,'2.00','2010-05-25','2010-06-30 20:02:18',1,'2010-06-30 20:02:18',0),(532,326,'200.00','2010-06-30','2010-07-07 21:03:15',1,'2010-07-07 21:03:15',0),(493,299,'6.00','2010-05-05','2010-06-30 20:10:28',1,'2010-06-30 20:10:28',0),(494,300,'15.00','2009-12-31','2010-06-30 20:11:26',1,'2010-07-06 09:54:17',1),(495,303,'2.00','2009-12-31','2010-06-30 20:19:24',1,'2010-07-07 21:08:19',1),(496,301,'6.00','2009-12-31','2010-06-30 20:19:51',1,'2010-07-07 19:32:42',1),(497,302,'1.00','2009-12-31','2010-06-30 20:20:14',1,'2010-06-30 20:20:14',0),(498,304,'20.00','2010-02-03','2010-06-30 20:34:28',1,'2010-06-30 20:34:28',0),(499,305,'10.00','2010-02-06','2010-06-30 20:35:23',1,'2010-06-30 20:35:23',0),(500,307,'1.00','2010-06-30','2010-06-30 21:03:50',1,'2010-06-30 21:03:50',0),(501,306,'27500.00','2010-06-29','2010-06-30 21:04:19',1,'2010-06-30 21:04:19',0),(502,213,'40.00','2010-07-01','2010-07-02 10:47:43',1,'2010-07-02 10:47:43',0),(503,67,'1000.00','2010-07-01','2010-07-02 10:48:04',1,'2010-07-02 10:48:04',0),(504,62,'15.00','2010-07-01','2010-07-02 10:48:52',1,'2010-07-02 10:48:52',0),(505,66,'450.00','2010-07-01','2010-07-02 10:49:25',1,'2010-07-02 10:49:25',0),(506,148,'10.00','2010-07-01','2010-07-02 10:49:51',1,'2010-07-02 10:49:51',0),(507,300,'10.00','2010-06-30','2010-07-06 09:57:16',1,'2010-07-06 09:57:16',0),(538,332,'1.00','2010-06-30','2010-07-07 21:20:34',1,'2010-07-07 21:20:34',0),(539,333,'6.00','2010-06-30','2010-07-07 21:23:06',1,'2010-07-07 21:23:06',0),(540,334,'8.00','2010-06-30','2010-07-07 21:23:54',1,'2010-07-07 21:23:54',0),(541,335,'8.00','2010-06-30','2010-07-07 21:24:26',1,'2010-07-07 21:24:26',0),(542,336,'1.00','2010-06-30','2010-07-07 21:29:36',1,'2010-07-07 21:29:36',0),(543,337,'40.00','2010-06-30','2010-07-07 21:30:10',1,'2010-07-07 21:30:10',0),(544,338,'45.00','2010-06-30','2010-07-07 21:30:38',1,'2010-07-07 21:30:38',0),(545,339,'1.00','2010-06-30','2010-07-07 21:31:25',1,'2010-07-07 21:31:25',0),(546,340,'1.00','2010-06-30','2010-07-07 21:32:36',1,'2010-07-07 21:32:36',0),(547,341,'2.50','2010-06-30','2010-07-07 21:38:02',1,'2010-07-07 21:38:02',0),(548,342,'2.50','2010-06-30','2010-07-07 21:38:39',1,'2010-07-07 21:38:39',0),(549,343,'2.50','2010-06-30','2010-07-07 21:39:21',1,'2010-07-07 21:39:21',0),(550,344,'2.00','2010-06-30','2010-07-07 21:44:46',1,'2010-07-07 21:44:46',0),(551,345,'2.00','2010-06-30','2010-07-07 21:45:24',1,'2010-07-07 21:45:24',0),(552,346,'1.00','2010-06-30','2010-07-07 21:46:08',1,'2010-07-07 21:46:08',0),(553,347,'1.00','2010-06-30','2010-07-07 21:46:35',1,'2010-07-07 21:46:35',0),(554,277,'1.00','2010-06-22','2010-07-07 21:50:41',1,'2010-07-07 21:50:41',0),(555,30,'2.00','2010-06-30','2010-07-07 22:08:26',1,'2010-07-07 22:08:26',0),(556,75,'15.00','2010-06-03','2010-07-08 07:34:42',1,'2010-07-08 08:07:02',1),(557,148,'10.00','2010-06-09','2010-07-08 07:53:20',1,'2010-07-08 07:53:20',0),(559,247,'1.00','2010-06-30','2010-07-19 15:51:38',1,'2010-07-19 15:51:38',0),(560,296,'1.00','2010-06-30','2010-07-19 15:52:16',1,'2010-07-19 15:52:16',0),(561,186,'700.00','2010-06-30','2010-07-19 15:53:40',1,'2010-07-19 15:53:40',0),(562,285,'1.00','2010-06-30','2010-07-19 15:55:58',1,'2010-07-19 15:55:58',0),(563,35,'4.00','2010-06-30','2010-07-19 16:00:00',1,'2010-07-19 16:00:00',0),(564,301,'1.00','2010-06-30','2010-07-19 16:07:51',1,'2010-07-19 16:07:51',0),(565,324,'1500.00','2010-06-30','2010-07-19 16:09:32',1,'2010-07-19 16:09:32',0),(566,166,'15.00','2010-06-30','2010-07-19 16:14:53',1,'2010-07-19 16:14:53',0),(567,17,'8.00','2010-06-30','2010-07-19 16:15:46',1,'2010-07-19 16:15:46',0),(568,52,'20.00','2010-06-30','2010-07-19 16:22:16',1,'2010-07-19 16:22:16',0),(569,159,'10.00','2010-06-30','2010-07-19 16:22:49',1,'2010-07-19 16:22:49',0),(570,9,'26.00','2010-06-30','2010-07-19 16:24:18',1,'2010-07-19 16:24:18',0),(571,27,'63.00','2010-06-30','2010-07-20 08:13:53',1,'2010-07-20 08:13:53',0),(572,261,'1575.00','2010-06-30','2010-07-20 08:37:14',1,'2010-07-20 08:37:14',0),(573,246,'3.00','2010-06-30','2010-07-20 08:41:06',1,'2010-07-20 08:41:06',0),(574,107,'12.00','2010-06-30','2010-07-20 08:42:13',1,'2010-07-20 08:42:13',0),(575,142,'1.00','2010-06-30','2010-07-20 08:43:16',1,'2010-07-20 08:43:16',0),(576,173,'1.00','2010-06-30','2010-07-20 08:47:50',1,'2010-07-20 08:47:50',0),(577,349,'1000.00','2010-06-30','2010-07-20 08:53:31',1,'2010-07-20 08:53:31',0),(578,61,'20.00','2010-06-30','2010-07-20 15:43:52',1,'2010-07-20 15:43:52',0),(579,171,'1.00','2010-06-30','2010-07-20 15:45:44',1,'2010-07-20 15:45:44',0),(580,65,'10.00','2010-06-25','2010-07-20 18:49:02',1,'2010-07-20 18:49:02',0),(581,64,'5.00','2010-06-25','2010-07-20 18:50:18',1,'2010-07-20 18:50:18',0),(582,105,'10.00','2010-06-25','2010-07-20 18:50:55',1,'2010-07-20 18:50:55',0),(583,243,'10.00','2010-06-25','2010-07-20 18:52:01',1,'2010-07-20 18:52:01',0),(584,86,'3.00','2010-06-25','2010-07-20 18:52:29',1,'2010-07-20 18:52:29',0),(585,148,'10.00','2010-06-25','2010-07-20 18:52:56',1,'2010-07-20 18:52:56',0),(586,53,'300.00','2010-06-25','2010-07-20 18:54:31',1,'2010-07-20 18:54:31',0),(587,66,'300.00','2010-06-25','2010-07-20 18:54:59',1,'2010-07-20 18:54:59',0),(588,108,'2.00','2010-06-25','2010-07-20 18:55:29',1,'2010-07-20 18:55:29',0),(589,101,'3.00','2010-06-25','2010-07-20 18:56:03',1,'2010-07-20 18:56:03',0),(590,64,'25.00','2010-06-02','2010-07-21 16:14:46',30,'2010-07-21 16:29:52',30),(591,65,'25.00','2010-06-02','2010-07-21 16:31:10',30,'2010-07-21 16:31:10',0),(592,86,'3.00','2010-06-02','2010-07-21 16:31:56',30,'2010-07-21 16:31:56',0),(593,350,'3.00','2010-06-02','2010-07-21 16:32:44',30,'2010-07-21 16:32:44',0),(594,351,'3.00','2010-06-02','2010-07-21 16:33:28',30,'2010-07-21 16:33:28',0),(595,148,'10.00','2010-06-02','2010-07-21 16:34:08',30,'2010-07-21 16:34:08',0),(596,37,'60.00','2010-06-02','2010-07-21 16:35:01',30,'2010-07-21 16:35:01',0),(597,107,'5.00','2010-06-02','2010-07-21 16:36:17',30,'2010-07-21 16:36:17',0),(598,23,'5.00','2010-06-02','2010-07-21 16:38:09',30,'2010-07-21 16:38:09',0),(599,260,'10.00','2010-06-02','2010-07-21 16:39:06',30,'2010-07-21 16:39:06',0),(600,9,'15.00','2010-06-02','2010-07-21 16:39:34',30,'2010-07-21 16:39:34',0),(601,10,'15.00','2010-06-02','2010-07-21 16:40:01',30,'2010-07-21 16:40:01',0),(602,352,'10.00','2010-06-02','2010-07-21 16:40:38',30,'2010-07-21 16:40:38',0),(603,56,'10.00','2010-06-02','2010-07-21 16:41:19',30,'2010-07-21 16:41:19',0),(604,66,'210.00','2010-06-02','2010-07-21 16:42:04',30,'2010-07-21 16:42:04',0),(605,13,'10.00','2010-06-02','2010-07-21 16:42:41',30,'2010-07-21 16:42:41',0),(606,133,'9.00','2010-06-02','2010-07-21 16:43:19',30,'2010-07-21 16:43:19',0),(607,52,'110.00','2010-06-02','2010-07-21 16:43:56',30,'2010-07-21 16:43:56',0),(608,29,'10.00','2010-06-02','2010-07-21 16:44:28',30,'2010-07-21 16:44:28',0),(609,156,'10.00','2010-06-02','2010-07-21 16:46:45',30,'2010-07-21 16:46:45',0),(610,58,'500.00','2010-06-02','2010-07-21 16:47:17',30,'2010-07-21 16:47:17',0),(611,64,'22.00','2010-06-11','2010-07-22 14:54:19',30,'2010-07-22 14:54:19',0),(612,65,'25.00','2010-06-11','2010-07-22 14:55:17',30,'2010-07-22 14:55:17',0),(613,86,'3.00','2010-06-11','2010-07-22 14:56:35',30,'2010-07-22 14:56:35',0),(614,350,'2.00','2010-06-11','2010-07-22 14:57:41',30,'2010-07-22 14:57:41',0),(615,351,'2.00','2010-06-11','2010-07-22 14:58:14',30,'2010-07-22 14:58:14',0),(616,148,'10.00','2010-06-11','2010-07-22 14:58:56',30,'2010-07-22 14:58:56',0),(617,37,'24.00','2010-06-11','2010-07-22 14:59:35',30,'2010-07-22 14:59:35',0),(618,107,'5.00','2010-06-11','2010-07-22 15:00:20',30,'2010-07-22 15:00:20',0),(619,9,'12.00','2010-06-11','2010-07-22 15:00:50',30,'2010-07-22 15:00:50',0),(620,10,'10.00','2010-06-11','2010-07-22 15:01:17',30,'2010-07-22 15:01:17',0),(621,352,'10.00','2010-06-11','2010-07-22 15:01:49',30,'2010-07-22 15:01:49',0),(622,56,'10.00','2010-06-11','2010-07-22 15:02:36',30,'2010-07-22 15:02:36',0),(623,29,'10.00','2010-06-11','2010-07-22 15:03:10',30,'2010-07-22 15:03:10',0),(624,156,'11.00','2010-06-11','2010-07-22 15:04:12',30,'2010-07-22 15:04:12',0),(625,58,'500.00','2010-06-10','2010-07-22 15:04:49',30,'2010-07-22 15:04:49',0),(626,79,'10.00','2010-06-11','2010-07-22 15:05:31',30,'2010-07-22 15:05:31',0),(627,23,'5.00','2010-06-11','2010-07-22 15:06:49',30,'2010-07-22 15:06:49',0),(628,260,'10.00','2010-06-11','2010-07-22 15:07:24',30,'2010-07-22 15:07:24',0),(629,133,'10.00','2010-06-11','2010-07-22 15:07:57',30,'2010-07-22 15:07:57',0),(630,52,'100.00','2010-06-11','2010-07-22 15:08:36',30,'2010-07-22 15:08:36',0),(631,66,'100.00','2010-06-11','2010-07-22 15:09:23',30,'2010-07-22 15:09:23',0),(632,213,'29.00','2010-05-15','2010-07-22 15:11:03',30,'2010-07-22 15:11:03',0),(633,234,'29.00','2010-05-15','2010-07-22 15:12:21',30,'2010-07-22 15:12:21',0),(634,105,'29.00','2010-05-15','2010-07-22 15:14:02',30,'2010-07-22 15:14:02',0),(635,39,'29.00','2010-05-15','2010-07-22 15:15:43',30,'2010-07-22 15:15:43',0),(636,27,'29.00','2010-05-15','2010-07-22 15:17:07',30,'2010-07-22 15:17:07',0),(637,47,'29.00','2010-05-15','2010-07-22 15:18:19',30,'2010-07-22 15:18:19',0),(638,65,'10.00','2010-06-03','2010-07-22 15:19:38',30,'2010-07-22 15:19:38',0),(639,213,'30.00','2010-06-03','2010-07-22 15:20:49',30,'2010-07-22 15:20:49',0),(640,39,'24.00','2010-06-03','2010-07-22 15:22:21',30,'2010-07-22 15:22:21',0),(641,38,'36.00','2010-06-03','2010-07-22 15:23:43',30,'2010-07-22 15:23:43',0),(642,105,'24.00','2010-06-03','2010-07-22 15:24:17',30,'2010-07-22 15:24:17',0),(643,148,'5.00','2010-06-03','2010-07-22 15:24:50',30,'2010-07-22 15:24:50',0),(644,70,'12.00','2010-06-03','2010-07-22 15:25:42',30,'2010-07-22 15:25:42',0),(645,150,'20.00','2010-06-03','2010-07-22 15:27:09',30,'2010-07-22 15:27:09',0),(646,27,'36.00','2010-06-03','2010-07-22 15:28:00',30,'2010-07-22 15:28:00',0),(647,66,'100.00','2010-06-03','2010-07-22 15:29:01',30,'2010-07-22 15:29:01',0),(648,244,'12.00','2010-06-03','2010-07-22 15:29:37',30,'2010-07-22 15:29:37',0),(649,156,'12.00','2010-06-03','2010-07-22 15:30:29',30,'2010-07-22 15:30:29',0),(650,34,'20.00','2010-06-03','2010-07-22 15:31:08',30,'2010-07-22 15:31:08',0),(651,107,'12.00','2010-06-03','2010-07-22 15:31:50',30,'2010-07-22 15:31:50',0),(652,47,'12.00','2010-06-03','2010-07-22 15:32:25',30,'2010-07-22 15:32:25',0),(653,159,'12.00','2010-06-03','2010-07-22 15:33:21',30,'2010-07-22 15:33:21',0),(654,160,'12.00','2010-06-03','2010-07-22 15:34:15',30,'2010-07-22 15:34:15',0),(655,21,'24.00','2010-06-03','2010-07-22 15:35:09',30,'2010-07-22 15:35:09',0),(656,76,'5.00','2010-06-03','2010-07-22 15:35:57',30,'2010-07-22 15:35:57',0),(657,156,'10.00','2010-06-03','2010-07-22 15:36:46',30,'2010-07-22 15:36:46',0),(658,62,'24.00','2010-06-03','2010-07-22 15:37:12',30,'2010-07-22 15:37:12',0),(659,65,'2.00','2010-06-03','2010-07-22 15:38:29',30,'2010-07-22 15:38:29',0),(660,353,'2.00','2010-06-03','2010-07-22 15:39:31',30,'2010-07-22 15:39:31',0),(661,39,'6.00','2010-06-03','2010-07-22 15:40:46',30,'2010-07-22 15:40:46',0),(662,86,'1.00','2010-05-14','2010-07-22 15:45:19',30,'2010-07-22 15:45:19',0),(663,86,'2.00','2010-05-17','2010-07-22 15:46:30',30,'2010-07-22 15:46:30',0),(664,350,'2.00','2010-05-17','2010-07-22 15:47:02',30,'2010-07-22 15:47:02',0),(665,351,'2.00','2010-05-17','2010-07-22 15:47:35',30,'2010-07-22 15:47:35',0),(666,148,'1.00','2010-05-17','2010-07-22 15:48:24',30,'2010-07-22 15:48:24',0),(667,37,'12.00','2010-05-17','2010-07-22 15:49:27',30,'2010-07-22 15:49:27',0),(668,64,'14.00','2010-05-17','2010-07-22 15:50:03',30,'2010-07-22 15:50:03',0),(669,65,'15.00','2010-05-17','2010-07-22 15:50:53',30,'2010-07-22 15:50:53',0),(670,107,'2.00','2010-05-17','2010-07-22 15:51:46',30,'2010-07-22 15:51:46',0),(671,29,'10.00','2010-05-17','2010-07-22 15:52:22',30,'2010-07-22 15:52:22',0),(672,156,'10.00','2010-05-17','2010-07-22 15:53:13',30,'2010-07-22 15:53:13',0),(673,79,'10.00','2010-05-17','2010-07-22 15:53:53',30,'2010-07-22 15:53:53',0),(674,66,'100.00','2010-05-17','2010-07-22 15:54:41',30,'2010-07-22 15:54:41',0),(675,23,'10.00','2010-05-17','2010-07-22 15:55:24',30,'2010-07-22 15:55:24',0),(676,352,'5.00','2010-05-17','2010-07-22 15:55:56',30,'2010-07-22 15:55:56',0),(677,56,'10.00','2010-05-17','2010-07-22 15:56:46',30,'2010-07-22 15:56:46',0),(678,9,'10.00','2010-05-17','2010-07-22 15:57:26',30,'2010-07-22 15:57:26',0),(679,10,'10.00','2010-05-17','2010-07-22 15:59:01',30,'2010-07-22 15:59:01',0),(680,260,'5.00','2010-05-17','2010-07-22 15:59:32',30,'2010-07-22 15:59:32',0),(681,133,'10.00','2010-05-17','2010-07-22 16:00:06',30,'2010-07-22 16:00:06',0),(682,52,'104.00','2010-05-17','2010-07-22 16:00:59',30,'2010-07-22 16:00:59',0),(683,64,'22.00','2010-06-23','2010-07-23 08:59:44',30,'2010-07-23 08:59:44',0),(684,65,'18.00','2010-06-23','2010-07-23 09:00:15',30,'2010-07-23 11:29:23',30),(685,86,'3.00','2010-06-23','2010-07-23 09:01:03',30,'2010-07-23 09:01:03',0),(686,350,'3.00','2010-06-23','2010-07-23 09:02:28',30,'2010-07-23 09:02:28',0),(687,351,'3.00','2010-06-23','2010-07-23 09:02:57',30,'2010-07-23 09:02:57',0),(688,148,'10.00','2010-06-23','2010-07-23 09:04:01',30,'2010-07-23 09:04:01',0),(689,37,'24.00','2010-06-23','2010-07-23 09:04:34',30,'2010-07-23 09:04:34',0),(690,107,'4.00','2010-06-23','2010-07-23 09:05:49',30,'2010-07-23 09:05:49',0),(691,23,'5.00','2010-06-23','2010-07-23 09:06:39',30,'2010-07-23 09:06:39',0),(692,260,'10.00','2010-06-23','2010-07-23 09:26:27',30,'2010-07-23 09:26:27',0),(693,133,'10.00','2010-06-23','2010-07-23 09:27:10',30,'2010-07-23 09:27:10',0),(694,52,'100.00','2010-06-23','2010-07-23 09:27:45',30,'2010-07-23 09:27:45',0),(695,29,'10.00','2010-06-23','2010-07-23 09:28:18',30,'2010-07-23 09:28:18',0),(696,156,'10.00','2010-06-23','2010-07-23 09:28:53',30,'2010-07-23 09:28:53',0),(697,58,'500.00','2010-06-23','2010-07-23 09:30:05',30,'2010-07-23 09:30:05',0),(698,79,'10.00','2010-06-23','2010-07-23 09:31:06',30,'2010-07-23 09:31:06',0),(699,9,'12.00','2010-06-23','2010-07-23 09:32:17',30,'2010-07-23 09:32:17',0),(700,10,'10.00','2010-06-23','2010-07-23 09:32:46',30,'2010-07-23 09:32:46',0),(701,352,'10.00','2010-06-23','2010-07-23 09:33:48',30,'2010-07-23 09:33:48',0),(702,56,'10.00','2010-06-23','2010-07-23 09:34:23',30,'2010-07-23 09:34:23',0),(703,66,'100.00','2010-06-23','2010-07-23 09:35:15',30,'2010-07-23 09:35:15',0),(704,64,'22.00','2010-07-12','2010-07-23 09:36:24',30,'2010-07-23 09:36:24',0),(705,65,'22.00','2010-07-12','2010-07-23 09:38:16',30,'2010-07-23 09:38:16',0),(706,86,'3.00','2010-07-12','2010-07-23 09:38:45',30,'2010-07-23 09:38:45',0),(707,350,'3.00','2010-07-12','2010-07-23 09:39:07',30,'2010-07-23 09:39:07',0),(708,351,'3.00','2010-07-12','2010-07-23 09:39:33',30,'2010-07-23 09:39:33',0),(709,148,'10.00','2010-07-12','2010-07-23 09:40:09',30,'2010-07-23 09:40:09',0),(710,37,'24.00','2010-07-12','2010-07-23 09:40:48',30,'2010-07-23 09:40:48',0),(711,107,'4.00','2010-07-12','2010-07-23 09:41:16',30,'2010-07-23 09:41:16',0),(712,23,'5.00','2010-07-12','2010-07-23 09:42:05',30,'2010-07-23 09:42:05',0),(713,260,'10.00','2010-07-12','2010-07-23 09:42:41',30,'2010-07-23 09:42:41',0),(714,133,'10.00','2010-07-12','2010-07-23 09:43:21',30,'2010-07-23 09:43:21',0),(715,52,'100.00','2010-07-12','2010-07-23 09:43:52',30,'2010-07-23 09:43:52',0),(716,29,'10.00','2010-07-12','2010-07-23 09:50:14',30,'2010-07-23 09:50:14',0),(717,156,'10.00','2010-07-12','2010-07-23 09:50:49',30,'2010-07-23 09:50:49',0),(718,58,'500.00','2010-07-12','2010-07-23 09:51:31',30,'2010-07-23 09:51:31',0),(719,79,'10.00','2010-07-12','2010-07-23 09:52:03',30,'2010-07-23 09:52:03',0),(720,9,'12.00','2010-07-12','2010-07-23 09:52:32',30,'2010-07-23 09:52:32',0),(721,10,'10.00','2010-07-12','2010-07-23 09:53:11',30,'2010-07-23 09:53:11',0),(722,352,'10.00','2010-07-12','2010-07-23 09:53:45',30,'2010-07-23 09:53:45',0),(723,56,'10.00','2010-07-12','2010-07-23 09:55:11',30,'2010-07-23 09:55:11',0),(724,66,'100.00','2010-07-12','2010-07-23 09:56:03',30,'2010-07-23 09:56:03',0),(725,86,'2.00','2010-07-05','2010-07-23 10:38:20',30,'2010-07-23 10:38:20',0),(726,64,'10.00','2010-07-05','2010-07-23 10:38:59',30,'2010-07-23 10:38:59',0),(727,65,'10.00','2010-07-05','2010-07-23 10:39:31',30,'2010-07-23 10:39:31',0),(728,29,'5.00','2010-07-05','2010-07-23 10:39:57',30,'2010-07-23 10:39:57',0),(729,156,'4.00','2010-07-05','2010-07-23 10:40:27',30,'2010-07-23 10:40:27',0),(730,148,'6.00','2010-07-05','2010-07-23 10:40:58',30,'2010-07-23 10:40:58',0),(731,9,'10.00','2010-07-05','2010-07-23 10:41:47',30,'2010-07-23 10:41:47',0),(732,79,'6.00','2010-07-05','2010-07-23 10:42:31',30,'2010-07-23 10:42:31',0),(733,12,'6.00','2010-07-05','2010-07-23 10:43:19',30,'2010-07-23 10:43:19',0),(734,27,'12.00','2010-07-05','2010-07-23 10:44:27',30,'2010-07-23 10:44:27',0),(735,151,'4.00','2010-07-05','2010-07-23 10:45:10',30,'2010-07-23 10:45:10',0),(736,39,'24.00','2010-07-05','2010-07-23 10:46:34',30,'2010-07-23 10:46:34',0),(737,105,'24.00','2010-07-05','2010-07-23 10:47:22',30,'2010-07-23 10:47:22',0),(738,160,'2.00','2010-07-05','2010-07-23 10:47:54',30,'2010-07-23 10:47:54',0),(739,74,'2.00','2010-07-05','2010-07-23 10:48:29',30,'2010-07-23 10:48:29',0),(740,74,'3.00','2010-07-05','2010-07-23 10:50:23',30,'2010-07-23 10:50:23',0),(741,107,'2.00','2010-07-05','2010-07-23 10:50:48',30,'2010-07-23 10:50:48',0),(742,34,'4.00','2010-07-05','2010-07-23 10:52:09',30,'2010-07-23 10:52:09',0),(743,16,'4.00','2010-07-05','2010-07-23 10:53:17',30,'2010-07-23 10:53:17',0),(744,15,'4.00','2010-07-05','2010-07-23 10:54:12',30,'2010-07-23 10:54:12',0),(745,18,'3.00','2010-07-05','2010-07-23 10:55:19',30,'2010-07-23 10:55:19',0),(746,48,'3.00','2010-07-05','2010-07-23 10:55:54',30,'2010-07-23 10:55:54',0),(747,70,'10.00','2010-07-05','2010-07-23 10:56:34',30,'2010-07-23 10:56:34',0),(748,66,'150.00','2010-07-05','2010-07-23 10:57:14',30,'2010-07-23 10:57:14',0),(749,234,'40.00','2010-07-07','2010-07-23 10:59:01',30,'2010-07-23 10:59:01',0),(750,105,'40.00','2010-07-07','2010-07-23 10:59:26',30,'2010-07-23 10:59:26',0),(751,38,'40.00','2010-07-07','2010-07-23 10:59:55',30,'2010-07-23 10:59:55',0),(752,47,'40.00','2010-07-07','2010-07-23 11:01:44',30,'2010-07-23 11:01:44',0),(753,27,'40.00','2010-07-07','2010-07-23 11:03:08',30,'2010-07-23 11:03:08',0),(754,33,'40.00','2010-07-07','2010-07-23 11:04:20',30,'2010-07-23 11:04:20',0),(755,213,'40.00','2010-07-07','2010-07-23 11:05:22',30,'2010-07-23 11:05:22',0),(756,34,'40.00','2010-07-07','2010-07-23 11:06:32',30,'2010-07-23 11:06:32',0),(757,107,'40.00','2010-07-07','2010-07-23 11:06:54',30,'2010-07-23 11:06:54',0),(758,65,'2.00','2010-06-09','2010-07-23 11:08:19',30,'2010-07-23 11:08:19',0),(759,213,'15.00','2010-06-09','2010-07-23 11:09:22',30,'2010-07-23 11:09:22',0),(760,39,'24.00','2010-06-09','2010-07-23 11:09:59',30,'2010-07-23 11:09:59',0),(761,234,'15.00','2010-06-09','2010-07-23 11:10:40',30,'2010-07-23 11:10:40',0),(762,75,'15.00','2010-06-09','2010-07-23 11:11:28',30,'2010-07-23 11:11:28',0),(763,70,'26.00','2010-06-09','2010-07-23 11:12:05',30,'2010-07-23 11:12:05',0),(764,86,'1.00','2010-06-10','2010-07-23 11:13:12',30,'2010-07-23 11:13:12',0),(765,64,'4.00','2010-06-10','2010-07-23 11:13:46',30,'2010-07-23 11:39:46',30),(766,65,'2.00','2010-06-10','2010-07-23 11:20:38',30,'2010-07-23 11:20:38',0),(767,29,'5.00','2010-06-10','2010-07-23 11:42:41',30,'2010-07-23 11:42:41',0),(768,156,'5.00','2010-06-10','2010-07-23 11:43:15',30,'2010-07-23 11:43:15',0),(769,148,'1.00','2010-06-10','2010-07-23 11:43:51',30,'2010-07-23 11:43:51',0),(770,9,'4.00','2010-06-10','2010-07-23 11:44:29',30,'2010-07-23 11:44:29',0),(771,52,'80.00','2010-06-10','2010-07-23 11:45:23',30,'2010-07-23 11:45:23',0),(772,66,'100.00','2010-06-10','2010-07-23 11:46:10',30,'2010-07-23 11:46:10',0),(773,86,'2.00','2010-06-07','2010-07-23 13:21:26',30,'2010-07-23 13:21:26',0),(774,64,'20.00','2010-06-07','2010-07-23 13:22:02',30,'2010-07-23 13:22:02',0),(775,65,'20.00','2010-06-07','2010-07-23 13:22:37',30,'2010-07-23 13:22:37',0),(776,29,'10.00','2010-06-07','2010-07-23 13:23:16',30,'2010-07-23 13:23:16',0),(777,156,'10.00','2010-06-07','2010-07-23 13:23:46',30,'2010-07-23 13:23:46',0),(778,148,'10.00','2010-06-07','2010-07-23 13:24:25',30,'2010-07-23 13:24:25',0),(779,9,'2.00','2010-06-07','2010-07-23 13:24:53',30,'2010-07-23 13:24:53',0),(780,52,'50.00','2010-06-07','2010-07-23 13:25:31',30,'2010-07-23 13:25:31',0),(781,66,'100.00','2010-06-07','2010-07-23 13:26:16',30,'2010-07-23 13:26:16',0),(782,79,'2.00','2010-06-07','2010-07-23 13:27:31',30,'2010-07-23 13:27:31',0),(783,9,'3.00','2010-06-07','2010-07-23 13:28:04',30,'2010-07-23 13:28:04',0),(784,148,'10.00','2010-06-08','2010-07-23 13:29:11',30,'2010-07-23 13:29:11',0),(785,64,'20.00','2010-06-08','2010-07-23 13:29:42',30,'2010-07-23 13:29:42',0),(786,65,'20.00','2010-06-08','2010-07-23 13:30:17',30,'2010-07-23 13:30:17',0),(787,86,'2.00','2010-06-08','2010-07-23 13:30:40',30,'2010-07-23 13:30:40',0),(788,156,'10.00','2010-06-08','2010-07-23 13:31:19',30,'2010-07-23 13:31:19',0),(789,9,'2.00','2010-06-08','2010-07-23 13:32:01',30,'2010-07-23 13:32:01',0),(790,29,'10.00','2010-06-08','2010-07-23 13:33:35',30,'2010-07-23 13:33:35',0),(791,79,'2.00','2010-06-08','2010-07-23 13:34:20',30,'2010-07-23 13:34:20',0),(792,9,'3.00','2010-06-08','2010-07-23 13:35:00',30,'2010-07-23 13:35:00',0),(793,52,'50.00','2010-06-08','2010-07-23 13:35:34',30,'2010-07-23 13:35:34',0),(794,66,'100.00','2010-06-08','2010-07-23 13:36:12',30,'2010-07-23 13:36:12',0),(795,64,'20.00','2010-06-09','2010-07-23 13:37:11',30,'2010-07-23 13:37:11',0),(796,65,'20.00','2010-06-09','2010-07-23 13:37:52',30,'2010-07-23 13:37:52',0),(797,86,'2.00','2010-06-09','2010-07-23 13:38:16',30,'2010-07-23 13:38:16',0),(798,29,'10.00','2010-06-09','2010-07-23 13:38:58',30,'2010-07-23 13:38:58',0),(799,66,'100.00','2010-06-09','2010-07-23 13:39:42',30,'2010-07-23 13:39:42',0),(800,79,'2.00','2010-06-09','2010-07-23 13:40:11',30,'2010-07-23 13:40:11',0),(801,9,'3.00','2010-06-09','2010-07-23 13:40:42',30,'2010-07-23 13:40:42',0),(802,52,'50.00','2010-06-09','2010-07-23 13:41:17',30,'2010-07-23 13:41:17',0),(803,156,'10.00','2010-06-09','2010-07-23 13:41:45',30,'2010-07-23 13:41:45',0),(804,148,'10.00','2010-06-09','2010-07-23 13:42:15',30,'2010-07-23 13:42:15',0),(805,9,'2.00','2010-06-09','2010-07-23 13:42:48',30,'2010-07-23 13:42:48',0),(806,86,'4.00','2010-07-08','2010-07-23 13:43:47',30,'2010-07-23 13:43:47',0),(807,350,'3.00','2010-07-08','2010-07-23 13:44:10',30,'2010-07-23 13:44:10',0),(808,351,'3.00','2010-07-08','2010-07-23 13:44:45',30,'2010-07-23 13:44:45',0),(809,148,'10.00','2010-07-08','2010-07-23 13:45:15',30,'2010-07-23 13:45:15',0),(810,37,'24.00','2010-07-08','2010-07-23 13:46:22',30,'2010-07-23 13:46:22',0),(811,64,'22.00','2010-07-08','2010-07-23 13:46:56',30,'2010-07-23 13:46:56',0),(812,65,'22.00','2010-07-08','2010-07-23 13:47:16',30,'2010-07-23 13:47:16',0),(813,107,'4.00','2010-07-08','2010-07-23 13:47:41',30,'2010-07-23 13:47:41',0),(814,29,'10.00','2010-07-08','2010-07-23 13:48:14',30,'2010-07-23 13:48:14',0),(815,156,'10.00','2010-07-08','2010-07-23 13:48:40',30,'2010-07-23 13:48:40',0),(816,58,'500.00','2010-07-08','2010-07-23 13:49:20',30,'2010-07-23 13:49:20',0),(817,79,'10.00','2010-07-08','2010-07-23 13:50:53',30,'2010-07-23 13:50:53',0),(818,9,'12.00','2010-07-08','2010-07-23 13:52:13',30,'2010-07-23 13:52:13',0),(819,352,'10.00','2010-07-08','2010-07-23 13:52:57',30,'2010-07-23 13:52:57',0),(820,56,'10.00','2010-07-08','2010-07-23 13:54:21',30,'2010-07-23 13:54:21',0),(821,66,'100.00','2010-07-08','2010-07-23 13:55:17',30,'2010-07-23 13:55:17',0),(822,23,'5.00','2010-07-08','2010-07-23 13:56:08',30,'2010-07-23 13:56:08',0),(823,260,'10.00','2010-07-08','2010-07-23 13:56:44',30,'2010-07-23 13:56:44',0),(824,52,'100.00','2010-07-08','2010-07-23 13:57:16',30,'2010-07-23 13:57:16',0),(825,65,'4.00','2010-07-09','2010-07-23 13:58:26',30,'2010-07-23 13:58:26',0),(826,64,'4.00','2010-07-09','2010-07-23 13:59:09',30,'2010-07-23 13:59:09',0),(827,86,'1.00','2010-07-09','2010-07-23 13:59:43',30,'2010-07-23 13:59:43',0),(828,148,'2.00','2010-07-09','2010-07-23 14:00:19',30,'2010-07-23 14:00:19',0),(829,66,'11.00','2010-07-09','2010-07-23 14:00:58',30,'2010-07-23 14:00:58',0),(830,29,'5.00','2010-07-09','2010-07-23 14:01:30',30,'2010-07-23 14:01:30',0),(831,10,'4.00','2010-07-09','2010-07-23 14:02:05',30,'2010-07-23 14:02:05',0),(832,52,'80.00','2010-07-09','2010-07-23 14:02:29',30,'2010-07-23 14:02:29',0),(833,156,'5.00','2010-07-09','2010-07-23 14:02:59',30,'2010-07-23 14:02:59',0),(834,64,'20.00','2010-04-12','2010-07-23 14:21:42',30,'2010-07-23 14:21:42',0),(835,65,'20.00','2010-04-12','2010-07-23 14:22:14',30,'2010-07-23 14:22:14',0),(836,86,'3.00','2010-04-12','2010-07-23 14:22:39',30,'2010-07-23 14:22:39',0),(837,350,'2.00','2010-04-12','2010-07-23 14:23:12',30,'2010-07-23 14:23:12',0),(838,351,'2.00','2010-04-12','2010-07-23 14:24:08',30,'2010-07-23 14:24:08',0),(839,148,'10.00','2010-04-12','2010-07-23 14:24:55',30,'2010-07-23 14:24:55',0),(840,37,'24.00','2010-04-12','2010-07-23 14:25:44',30,'2010-07-23 14:25:44',0),(841,107,'5.00','2010-04-12','2010-07-23 14:26:09',30,'2010-07-23 14:26:09',0),(842,23,'5.00','2010-04-12','2010-07-23 14:26:47',30,'2010-07-23 14:26:47',0),(843,260,'10.00','2010-04-12','2010-07-23 14:27:23',30,'2010-07-23 14:27:23',0),(844,133,'10.00','2010-04-12','2010-07-23 14:27:58',30,'2010-07-23 14:27:58',0),(845,52,'100.00','2010-04-12','2010-07-23 14:28:37',30,'2010-07-23 14:28:37',0),(846,29,'10.00','2010-04-12','2010-07-23 14:29:13',30,'2010-07-23 14:29:13',0),(847,156,'11.00','2010-04-12','2010-07-23 14:29:38',30,'2010-07-23 14:29:38',0),(848,58,'500.00','2010-04-12','2010-07-23 14:30:18',30,'2010-07-23 14:30:18',0),(849,79,'10.00','2010-04-12','2010-07-23 14:30:46',30,'2010-07-23 14:30:46',0),(850,9,'12.00','2010-04-12','2010-07-23 14:31:26',30,'2010-07-23 14:31:26',0),(851,10,'10.00','2010-04-12','2010-07-23 14:32:01',30,'2010-07-23 14:32:01',0),(852,352,'10.00','2010-04-12','2010-07-23 14:32:36',30,'2010-07-23 14:32:36',0),(853,56,'10.00','2010-04-12','2010-07-23 14:33:12',30,'2010-07-23 14:33:12',0),(854,66,'100.00','2010-04-12','2010-07-23 14:33:43',30,'2010-07-23 14:33:43',0),(855,64,'20.00','2010-04-19','2010-07-23 14:35:15',30,'2010-07-23 14:35:15',0),(856,65,'20.00','2010-04-19','2010-07-23 14:36:03',30,'2010-07-23 14:36:03',0),(857,86,'3.00','2010-04-19','2010-07-23 14:36:31',30,'2010-07-23 14:36:31',0),(858,350,'2.00','2010-04-19','2010-07-23 14:36:53',30,'2010-07-23 14:36:53',0),(859,351,'2.00','2010-04-19','2010-07-23 14:37:27',30,'2010-07-23 14:37:27',0),(860,148,'10.00','2010-04-19','2010-07-23 14:37:52',30,'2010-07-23 14:37:52',0),(861,37,'24.00','2010-04-19','2010-07-23 14:38:27',30,'2010-07-23 14:38:27',0),(862,107,'5.00','2010-04-19','2010-07-23 14:38:59',30,'2010-07-23 14:38:59',0),(863,9,'12.00','2010-04-19','2010-07-23 14:39:27',30,'2010-07-23 14:39:27',0),(864,10,'10.00','2010-04-19','2010-07-23 14:39:55',30,'2010-07-23 14:39:55',0),(865,352,'10.00','2010-04-19','2010-07-23 14:40:26',30,'2010-07-23 14:40:26',0),(866,56,'10.00','2010-04-19','2010-07-23 14:40:57',30,'2010-07-23 14:40:57',0),(867,66,'100.00','2010-04-19','2010-07-23 14:41:30',30,'2010-07-23 14:41:30',0),(868,156,'10.00','2010-04-19','2010-07-23 14:41:57',30,'2010-07-23 14:41:57',0),(869,58,'500.00','2010-04-19','2010-07-23 14:42:29',30,'2010-07-23 14:42:29',0),(870,79,'10.00','2010-04-19','2010-07-23 14:43:02',30,'2010-07-23 14:43:02',0),(871,23,'5.00','2010-04-19','2010-07-23 14:43:34',30,'2010-07-23 14:43:34',0),(872,260,'10.00','2010-04-19','2010-07-23 14:44:27',30,'2010-07-23 14:44:27',0),(873,133,'10.00','2010-04-19','2010-07-23 14:44:54',30,'2010-07-23 14:44:54',0),(874,52,'110.00','2010-04-19','2010-07-23 14:45:31',30,'2010-07-23 14:45:31',0),(875,29,'10.00','2010-04-19','2010-07-23 14:46:05',30,'2010-07-23 14:46:05',0),(876,64,'22.00','2010-07-05','2010-07-23 14:51:10',30,'2010-07-23 14:51:10',0),(877,65,'22.00','2010-07-05','2010-07-23 14:51:46',30,'2010-07-23 14:51:46',0),(878,107,'4.00','2010-07-05','2010-07-23 14:52:08',30,'2010-07-23 14:52:08',0),(879,148,'7.00','2010-07-05','2010-07-23 14:52:50',30,'2010-07-23 14:52:50',0),(880,37,'24.00','2010-07-05','2010-07-23 14:53:42',30,'2010-07-23 14:53:42',0),(881,86,'2.00','2010-07-05','2010-07-23 14:54:15',30,'2010-07-23 14:54:15',0),(882,350,'2.00','2010-07-05','2010-07-23 14:54:45',30,'2010-07-23 14:54:45',0),(883,351,'2.00','2010-07-05','2010-07-23 14:55:06',30,'2010-07-23 14:55:06',0),(884,29,'10.00','2010-07-05','2010-07-23 14:55:43',30,'2010-07-23 14:55:43',0),(885,156,'11.00','2010-07-05','2010-07-23 14:56:11',30,'2010-07-23 14:56:11',0),(886,58,'5.00','2010-07-05','2010-07-23 14:57:13',30,'2010-07-23 14:57:13',0),(887,23,'5.00','2010-07-05','2010-07-23 14:57:41',30,'2010-07-23 14:57:41',0),(888,260,'10.00','2010-07-05','2010-07-23 14:58:08',30,'2010-07-23 14:58:08',0),(889,133,'10.00','2010-07-05','2010-07-23 14:58:33',30,'2010-07-23 14:58:33',0),(890,52,'100.00','2010-07-05','2010-07-23 14:59:01',30,'2010-07-23 14:59:01',0),(891,58,'495.00','2010-07-05','2010-07-23 15:07:44',30,'2010-07-23 15:07:44',0),(892,56,'10.00','2010-07-05','2010-07-23 15:09:57',30,'2010-07-23 15:09:57',0),(893,66,'100.00','2010-07-05','2010-07-23 15:10:55',30,'2010-07-23 15:10:55',0),(894,79,'10.00','2010-07-05','2010-07-23 15:12:17',30,'2010-07-23 15:12:17',0),(895,9,'12.00','2010-07-05','2010-07-23 15:12:51',30,'2010-07-23 15:12:51',0),(896,10,'10.00','2010-07-05','2010-07-23 15:13:21',30,'2010-07-23 15:13:21',0),(897,352,'10.00','2010-07-05','2010-07-23 15:14:04',30,'2010-07-23 15:14:04',0),(898,65,'25.00','2010-06-25','2010-07-23 15:15:20',30,'2010-07-23 15:15:20',0),(899,64,'25.00','2010-06-25','2010-07-23 15:16:04',30,'2010-07-23 15:16:04',0),(900,86,'3.00','2010-06-25','2010-07-23 15:16:41',30,'2010-07-23 15:16:41',0),(901,350,'3.00','2010-06-25','2010-07-23 15:17:31',30,'2010-07-23 15:17:31',0),(902,351,'3.00','2010-06-25','2010-07-23 15:17:57',30,'2010-07-23 15:17:57',0),(903,148,'10.00','2010-06-25','2010-07-23 15:41:41',30,'2010-07-23 15:41:41',0),(904,37,'60.00','2010-06-25','2010-07-23 15:42:30',30,'2010-07-23 15:42:30',0),(905,107,'5.00','2010-06-25','2010-07-23 15:43:09',30,'2010-07-23 15:43:09',0),(906,23,'5.00','2010-06-25','2010-07-23 15:43:34',30,'2010-07-23 15:43:34',0),(907,9,'15.00','2010-06-25','2010-07-23 15:44:12',30,'2010-07-23 15:44:12',0),(908,10,'15.00','2010-07-25','2010-07-23 15:44:36',30,'2010-07-23 15:44:36',0),(909,352,'10.00','2010-06-25','2010-07-23 15:45:10',30,'2010-07-23 15:45:10',0),(910,56,'10.00','2010-06-25','2010-07-23 15:45:48',30,'2010-07-23 15:45:48',0),(911,66,'196.00','2010-06-25','2010-07-23 15:46:36',30,'2010-07-23 15:46:36',0),(912,79,'10.00','2010-06-25','2010-07-23 15:47:26',30,'2010-07-23 15:47:26',0),(913,133,'5.00','2010-06-25','2010-07-23 15:48:01',30,'2010-07-23 15:48:01',0),(914,52,'100.00','2010-06-25','2010-07-23 15:48:42',30,'2010-07-23 15:48:42',0),(915,29,'10.00','2010-06-25','2010-07-23 15:49:08',30,'2010-07-23 15:49:08',0),(916,156,'9.00','2010-06-25','2010-07-23 15:49:36',30,'2010-07-23 15:49:36',0),(917,58,'100.00','2010-06-25','2010-07-23 15:50:00',30,'2010-07-23 15:50:00',0),(918,86,'2.00','2010-06-21','2010-07-26 09:03:35',30,'2010-07-26 09:03:35',0),(919,64,'15.00','2010-06-21','2010-07-26 09:04:05',30,'2010-07-26 09:04:05',0),(920,65,'15.00','2010-06-21','2010-07-26 09:04:38',30,'2010-07-26 09:04:38',0),(921,29,'10.00','2010-06-21','2010-07-26 09:05:10',30,'2010-07-26 09:05:10',0),(922,156,'10.00','2010-06-21','2010-07-26 09:06:09',30,'2010-07-26 09:06:09',0),(923,148,'5.00','2010-06-21','2010-07-26 09:06:38',30,'2010-07-26 09:06:38',0),(924,9,'5.00','2010-06-21','2010-07-26 09:07:10',30,'2010-07-26 09:07:10',0),(925,52,'50.00','2010-06-21','2010-07-26 09:07:37',30,'2010-07-26 09:07:37',0),(926,66,'100.00','2010-06-21','2010-07-26 09:08:08',30,'2010-07-26 09:08:08',0),(927,79,'13.00','2010-06-21','2010-07-26 09:08:36',30,'2010-07-26 09:08:36',0),(928,9,'10.00','2010-06-21','2010-07-26 09:09:14',30,'2010-07-26 09:09:14',0),(929,86,'2.00','2010-07-05','2010-07-26 09:13:34',30,'2010-07-26 09:13:34',0),(930,64,'19.00','2010-07-05','2010-07-26 09:14:12',30,'2010-07-26 09:14:12',0),(931,65,'19.00','2010-07-05','2010-07-26 09:14:38',30,'2010-07-26 09:14:38',0),(932,29,'10.00','2010-07-05','2010-07-26 09:15:06',30,'2010-07-26 09:15:06',0),(933,156,'10.00','2010-07-05','2010-07-26 09:15:35',30,'2010-07-26 09:15:35',0),(934,148,'7.00','2010-07-05','2010-07-26 09:16:04',30,'2010-07-26 09:16:04',0),(935,9,'3.00','2010-07-05','2010-07-26 09:16:54',30,'2010-07-26 09:16:54',0),(936,9,'10.00','2010-07-05','2010-07-26 09:17:22',30,'2010-07-26 09:17:22',0),(937,156,'13.00','2010-07-05','2010-07-26 09:17:57',30,'2010-07-26 09:17:57',0),(938,66,'50.00','2010-07-05','2010-07-26 09:18:29',30,'2010-07-26 09:18:29',0),(939,64,'20.00','2010-06-14','2010-07-26 09:25:15',30,'2010-07-26 09:25:15',0),(940,65,'20.00','2010-06-14','2010-07-26 09:25:49',30,'2010-07-26 09:25:49',0),(941,107,'2.00','2010-06-14','2010-07-26 09:26:21',30,'2010-07-26 09:26:21',0),(942,148,'1.00','2010-06-14','2010-07-26 09:26:56',30,'2010-07-26 09:26:56',0),(943,37,'12.00','2010-06-14','2010-07-26 09:27:45',30,'2010-07-26 09:27:45',0),(944,86,'2.00','2010-06-14','2010-07-26 09:28:17',30,'2010-07-26 09:28:17',0),(945,350,'2.00','2010-06-14','2010-07-26 09:28:46',30,'2010-07-26 09:28:46',0),(946,351,'2.00','2010-06-14','2010-07-26 09:29:11',30,'2010-07-26 09:29:11',0),(947,29,'10.00','2010-06-14','2010-07-26 09:29:42',30,'2010-07-26 09:29:42',0),(948,66,'100.00','2010-06-14','2010-07-26 09:30:18',30,'2010-07-26 09:30:18',0),(949,23,'10.00','2010-06-14','2010-07-26 09:31:20',30,'2010-07-26 09:31:20',0),(950,260,'5.00','2010-06-14','2010-07-26 09:31:59',30,'2010-07-26 09:31:59',0),(951,133,'10.00','2010-06-14','2010-07-26 09:32:28',30,'2010-07-26 09:32:28',0),(952,52,'104.00','2010-06-14','2010-07-26 09:33:05',30,'2010-07-26 09:33:05',0),(953,56,'10.00','2010-06-14','2010-07-26 09:34:39',30,'2010-07-26 09:34:39',0),(954,156,'10.00','2010-06-14','2010-07-26 09:35:16',30,'2010-07-26 09:35:16',0),(955,79,'104.00','2010-06-14','2010-07-26 09:36:08',30,'2010-07-28 10:55:37',30),(956,9,'10.00','2010-06-14','2010-07-26 09:36:42',30,'2010-07-26 09:36:42',0),(957,10,'10.00','2010-06-14','2010-07-26 09:37:18',30,'2010-07-26 09:37:18',0),(958,352,'5.00','2010-06-14','2010-07-26 09:38:01',30,'2010-07-26 09:38:01',0),(959,52,'50.00','2010-07-05','2010-07-26 09:40:04',30,'2010-07-26 09:40:04',0),(960,308,'500.00','2010-07-21','2010-07-26 11:22:28',30,'2010-07-26 11:22:28',0),(961,70,'24.00','2010-07-21','2010-07-26 11:22:59',30,'2010-07-26 11:22:59',0),(962,38,'12.00','2010-07-21','2010-07-26 11:23:30',30,'2010-07-26 11:23:30',0),(963,149,'2.00','2010-07-21','2010-07-26 11:24:33',30,'2010-07-26 11:24:33',0),(964,238,'2.00','2010-07-21','2010-07-26 11:25:09',30,'2010-07-26 11:25:09',0),(965,39,'12.00','2010-07-21','2010-07-26 11:25:38',30,'2010-07-26 11:25:38',0),(966,354,'50.00','2010-07-21','2010-07-26 11:26:09',30,'2010-07-26 11:26:09',0),(967,355,'2.00','2010-07-21','2010-07-26 11:29:14',30,'2010-07-26 11:29:14',0),(968,52,'20.00','2010-06-03','2010-07-26 15:25:20',30,'2010-07-26 15:25:20',0),(969,65,'10.00','2010-06-25','2010-07-27 12:59:44',30,'2010-07-27 12:59:44',0),(970,64,'5.00','2010-06-25','2010-07-27 13:00:47',30,'2010-07-27 13:00:47',0),(971,105,'10.00','2010-06-25','2010-07-27 13:01:23',30,'2010-07-27 13:01:23',0),(972,27,'10.00','2010-06-25','2010-07-27 13:02:02',30,'2010-07-27 13:02:02',0),(973,86,'3.00','2010-06-25','2010-07-27 13:02:28',30,'2010-07-27 13:02:28',0),(974,148,'10.00','2010-06-25','2010-07-27 13:02:58',30,'2010-07-27 13:02:58',0),(975,53,'150.00','2010-06-25','2010-07-27 13:04:41',30,'2010-07-27 13:04:41',0),(976,66,'150.00','2010-06-25','2010-07-27 13:05:36',30,'2010-07-27 13:05:36',0),(977,108,'2.00','2010-06-25','2010-07-27 13:06:02',30,'2010-07-27 13:06:02',0),(978,101,'3.00','2010-06-25','2010-07-27 13:06:36',30,'2010-07-27 13:06:36',0),(979,156,'94.00','2010-06-14','2010-07-28 10:57:23',30,'2010-07-28 10:57:23',0),(980,133,'10.00','2010-07-08','2010-07-28 12:57:42',30,'2010-07-28 12:57:42',0),(981,260,'10.00','2010-07-05','2010-07-28 13:13:08',30,'2010-07-28 13:13:08',0),(982,260,'10.00','2010-06-08','2010-07-28 13:14:11',30,'2010-07-28 13:14:11',0),(983,52,'50.00','2010-06-09','2010-07-28 13:38:28',30,'2010-07-28 13:38:28',0),(984,65,'20.00','2010-06-14','2010-07-28 13:44:02',30,'2010-07-28 13:44:02',0),(985,64,'10.00','2010-06-14','2010-07-28 13:44:37',30,'2010-07-28 13:44:37',0),(986,65,'15.00','2010-07-05','2010-07-28 13:48:45',30,'2010-07-28 13:48:45',0),(987,65,'4.00','2010-05-14','2010-07-28 13:57:34',30,'2010-07-28 13:57:34',0),(988,86,'1.00','2010-07-07','2010-07-28 14:03:04',30,'2010-07-28 14:03:04',0),(989,86,'1.00','2010-07-26','2010-07-29 13:20:16',30,'2010-07-29 13:20:16',0),(990,210,'1.00','2010-07-26','2010-07-29 13:20:46',30,'2010-07-29 13:20:46',0),(991,65,'50.00','2010-07-26','2010-07-29 13:21:12',30,'2010-07-29 13:21:12',0),(992,64,'20.00','2010-07-26','2010-07-29 13:21:44',30,'2010-07-29 13:21:44',0),(993,196,'36.00','2010-07-26','2010-07-29 13:22:43',30,'2010-07-29 13:22:43',0),(994,62,'12.00','2010-07-26','2010-07-29 13:23:15',30,'2010-07-29 13:23:15',0),(995,197,'500.00','2010-07-26','2010-07-29 13:24:04',30,'2010-07-29 13:24:04',0),(996,356,'2.00','2010-07-26','2010-07-29 13:26:54',30,'2010-07-29 13:26:54',0),(997,147,'30.00','2010-07-15','2010-07-29 13:51:27',30,'2010-07-29 13:51:27',0),(998,65,'27.00','2010-08-12','2010-08-12 11:48:40',30,'2010-08-12 11:48:40',0),(999,64,'18.00','2010-08-12','2010-08-12 11:49:10',30,'2010-08-12 11:49:10',0),(1002,65,'60.00','2010-08-24','2010-08-25 11:40:02',30,'2010-08-25 11:40:02',0),(1003,64,'25.00','2010-08-24','2010-08-25 11:41:00',30,'2010-08-25 11:41:00',0),(1004,73,'10.00','2010-08-24','2010-08-25 11:41:37',30,'2010-08-25 11:41:37',0),(1005,86,'5.00','2010-08-24','2010-08-25 11:42:50',30,'2010-08-25 11:42:50',0),(1006,101,'1.00','2010-08-24','2010-08-25 11:49:22',30,'2010-08-25 11:49:22',0),(1007,156,'10.00','2010-08-24','2010-08-25 11:49:55',30,'2010-08-25 11:49:55',0),(1008,157,'5.00','2010-08-24','2010-08-25 11:50:20',30,'2010-08-25 11:50:20',0),(1009,46,'3.00','2010-08-24','2010-08-25 11:51:00',30,'2010-08-25 11:51:00',0),(1010,29,'3.00','2010-08-24','2010-08-25 11:51:45',30,'2010-08-25 11:51:45',0),(1011,30,'3.00','2010-08-24','2010-08-25 11:52:09',30,'2010-08-25 11:52:09',0),(1012,58,'500.00','2010-08-24','2010-08-25 11:52:44',30,'2010-08-25 11:52:44',0),(1013,66,'250.00','2010-08-24','2010-08-25 11:54:31',30,'2010-08-25 11:54:31',0),(1014,50,'30.00','2010-08-24','2010-08-25 11:55:00',30,'2010-08-25 11:55:00',0),(1015,357,'50.00','2010-08-24','2010-08-25 12:19:13',30,'2010-08-25 12:19:13',0),(1016,52,'100.00','2010-08-24','2010-08-25 12:19:45',30,'2010-08-25 12:19:45',0),(1017,74,'12.00','2010-08-24','2010-08-25 12:21:07',30,'2010-08-25 12:21:07',0),(1018,16,'12.00','2010-08-24','2010-08-25 12:22:51',30,'2010-08-25 12:22:51',0),(1019,14,'12.00','2010-08-24','2010-08-25 12:23:34',30,'2010-08-25 12:23:34',0),(1020,105,'36.00','2010-08-24','2010-08-25 12:24:15',30,'2010-08-25 12:24:15',0),(1021,196,'36.00','2010-08-24','2010-08-25 12:24:38',30,'2010-08-25 12:24:38',0),(1022,62,'24.00','2010-08-24','2010-08-25 12:25:04',30,'2010-08-25 12:25:04',0),(1023,108,'1.00','2010-08-24','2010-08-25 12:25:28',30,'2010-08-25 12:25:28',0),(1024,358,'12.00','2010-08-24','2010-08-25 12:28:32',30,'2010-08-25 12:28:32',0),(1025,357,'50.00','2010-08-24','2010-08-25 12:32:43',30,'2010-08-25 12:32:43',0),(1026,52,'100.00','2010-08-24','2010-08-25 12:33:06',30,'2010-08-25 12:33:06',0),(1027,65,'15.00','2010-08-30','2010-09-02 13:06:59',30,'2010-09-02 13:06:59',0),(1028,210,'2.00','2010-08-30','2010-09-02 13:07:45',30,'2010-09-02 13:07:45',0),(1029,79,'40.00','2010-08-30','2010-09-02 13:09:28',30,'2010-09-02 13:09:28',0),(1030,62,'300.00','2010-08-31','2010-09-02 13:15:08',30,'2010-09-02 13:15:08',0),(1031,70,'252.00','2010-08-31','2010-09-02 13:16:35',30,'2010-09-02 13:16:35',0),(1032,50,'200.00','2010-08-31','2010-09-02 13:17:24',30,'2010-09-02 13:17:24',0),(1033,105,'144.00','2010-08-31','2010-09-02 13:18:34',30,'2010-09-02 13:18:34',0),(1034,196,'144.00','2010-08-31','2010-09-02 13:18:59',30,'2010-09-02 13:18:59',0),(1035,151,'50.00','2010-08-31','2010-09-02 13:19:55',30,'2010-09-02 13:19:55',0),(1036,256,'6.00','2010-08-31','2010-09-02 13:21:42',30,'2010-09-02 13:21:42',0),(1037,66,'500.00','2010-08-31','2010-09-02 13:22:25',30,'2010-09-02 13:22:25',0),(1038,58,'1000.00','2010-08-31','2010-09-02 13:23:13',30,'2010-09-02 13:23:13',0),(1039,359,'10.00','2010-08-31','2010-09-02 13:26:10',30,'2010-09-02 13:26:10',0),(1040,301,'1.00','2010-08-27','2010-09-02 13:29:43',30,'2010-09-02 13:29:43',0),(1041,233,'20.00','2010-08-27','2010-09-02 13:35:38',30,'2010-09-02 13:35:38',0),(1042,189,'4.00','2010-08-27','2010-09-02 13:36:36',30,'2010-09-02 13:36:36',0),(1043,154,'40.00','2010-08-27','2010-09-02 13:37:36',30,'2010-09-02 13:37:36',0),(1044,177,'40.00','2010-08-27','2010-09-02 13:38:02',30,'2010-09-02 13:38:02',0),(1045,152,'50.00','2010-09-02','2010-09-02 13:39:11',30,'2010-09-02 13:39:11',0),(1046,173,'1.00','2010-08-27','2010-09-02 13:40:34',30,'2010-09-02 13:40:34',0),(1047,172,'1.00','2010-08-27','2010-09-02 13:41:10',30,'2010-09-02 13:41:10',0),(1048,171,'1.00','2010-08-27','2010-09-02 13:41:35',30,'2010-09-02 13:41:35',0),(1049,170,'1.00','2010-08-27','2010-09-02 13:42:10',30,'2010-09-02 13:42:10',0),(1050,246,'2.00','2010-08-27','2010-09-02 13:42:44',30,'2010-09-02 13:42:44',0),(1051,197,'10500.00','2010-08-27','2010-09-02 13:44:14',30,'2010-09-02 13:44:14',0),(1052,178,'825.00','2010-08-27','2010-09-02 13:45:09',30,'2010-09-02 13:45:09',0),(1053,211,'60.00','2010-08-27','2010-09-02 13:46:10',30,'2010-09-02 13:46:10',0),(1054,360,'80.00','2010-09-03','2010-09-03 10:53:50',30,'2010-09-03 10:53:50',0),(1055,15,'2.00','2010-09-03','2010-09-06 09:52:33',30,'2010-09-06 09:52:33',0),(1056,141,'2.00','2010-09-03','2010-09-06 09:59:59',30,'2010-09-06 09:59:59',0),(1057,357,'250.00','2010-09-03','2010-09-06 12:32:40',30,'2010-09-06 12:32:40',0),(1058,74,'15.00','2010-09-04','2010-09-07 11:51:15',30,'2010-09-07 11:51:15',0),(1059,332,'1.00','2010-09-04','2010-09-07 11:52:09',30,'2010-09-07 11:52:09',0),(1060,238,'6.00','2010-09-04','2010-09-07 11:52:52',30,'2010-09-07 11:52:52',0),(1061,361,'250.00','2010-09-04','2010-09-07 12:05:31',30,'2010-09-07 12:05:31',0),(1062,362,'2.00','2010-09-04','2010-09-07 12:06:08',30,'2010-09-07 12:06:08',0),(1063,363,'63.00','2010-09-04','2010-09-07 12:06:42',30,'2010-09-07 12:06:42',0),(1064,70,'108.00','2010-09-04','2010-09-07 12:20:50',30,'2010-09-07 12:20:50',0);
/*!40000 ALTER TABLE `item_ins` ENABLE KEYS */;
UNLOCK TABLES;

--
-- Table structure for table `item_outs`
--

DROP TABLE IF EXISTS `item_outs`;
SET @saved_cs_client     = @@character_set_client;
SET character_set_client = utf8;
CREATE TABLE `item_outs` (
  `id` bigint(20) NOT NULL auto_increment,
  `item_id` int(10) NOT NULL,
  `total` decimal(12,2) NOT NULL,
  `date_out` date NOT NULL,
  `approved` tinyint(1) default '0',
  `date_approved` date default NULL,
  `total_approved` decimal(12,2) default NULL,
  `created` datetime NOT NULL,
  `created_by` int(10) NOT NULL,
  `modified` datetime NOT NULL,
  `modified_by` int(10) NOT NULL,
  PRIMARY KEY  (`id`),
  KEY `item_id` (`item_id`),
  KEY `date_out` (`date_out`),
  KEY `created` (`created`),
  KEY `created_by` (`created_by`),
  KEY `approved` (`approved`),
  KEY `date_approved` (`date_approved`)
) ENGINE=MyISAM AUTO_INCREMENT=2077 DEFAULT CHARSET=latin1;
SET character_set_client = @saved_cs_client;

--
-- Dumping data for table `item_outs`
--

LOCK TABLES `item_outs` WRITE;
/*!40000 ALTER TABLE `item_outs` DISABLE KEYS */;
INSERT INTO `item_outs` VALUES (15,88,'40.00','2010-01-03',1,'2010-01-12','40.00','2010-01-12 17:10:33',13,'2010-01-12 17:55:53',1),(14,87,'59.00','2010-01-03',1,'2010-01-12','59.00','2010-01-12 17:09:49',13,'2010-01-12 17:56:28',1),(8,61,'1.00','2010-01-07',1,'2010-01-07','1.00','2010-01-12 12:30:36',5,'2010-01-12 12:41:00',1),(9,59,'100.00','2010-01-07',1,'2010-01-07','100.00','2010-01-12 12:31:09',5,'2010-01-12 12:41:28',1),(10,66,'25.00','2010-01-07',1,'2010-01-07','25.00','2010-01-12 12:32:45',5,'2010-01-12 12:41:46',1),(11,65,'1.00','2010-01-07',1,'2010-01-07','1.00','2010-01-12 12:34:12',5,'2010-01-12 12:42:04',1),(12,21,'1.00','2010-01-07',1,'2010-01-07','1.00','2010-01-12 12:36:35',5,'2010-01-12 12:42:27',1),(13,9,'4.00','2010-01-07',1,'2010-01-07','4.00','2010-01-12 12:37:41',5,'2010-01-12 13:06:51',1),(16,89,'2.00','2010-01-03',1,'2010-01-12','2.00','2010-01-12 17:11:23',13,'2010-01-12 17:56:39',1),(17,90,'2.00','2010-01-03',1,'2010-01-12','2.00','2010-01-12 17:12:07',13,'2010-01-12 17:56:47',1),(18,91,'6.00','2010-01-06',1,'2010-01-12','6.00','2010-01-12 17:13:32',13,'2010-01-12 17:56:59',1),(19,92,'135.00','2010-01-03',1,'2010-01-12','135.00','2010-01-12 17:14:18',13,'2010-01-12 17:57:12',1),(20,93,'28.00','2010-01-03',1,'2010-01-12','28.00','2010-01-12 17:14:40',13,'2010-01-12 17:57:22',1),(21,94,'31.00','2010-01-03',1,'2010-01-12','31.00','2010-01-12 17:45:46',13,'2010-01-12 17:57:30',1),(22,95,'3.00','2010-01-03',1,'2010-01-12','3.00','2010-01-12 17:46:48',13,'2010-01-12 17:57:39',1),(23,66,'20.00','2010-01-12',1,'2010-01-12','20.00','2010-01-12 18:17:10',14,'2010-01-12 18:20:55',1),(24,65,'5.00','2010-01-12',1,'2010-01-12','5.00','2010-01-12 18:17:41',14,'2010-01-12 18:21:11',1),(25,9,'2.00','2010-01-12',1,'2010-01-12','2.00','2010-01-12 18:18:14',14,'2010-01-12 18:21:29',1),(26,37,'5.00','2010-01-12',1,'2010-01-12','5.00','2010-01-12 18:18:37',14,'2010-01-12 18:21:42',1),(27,62,'5.00','2010-01-12',1,'2010-01-12','5.00','2010-01-12 18:19:00',14,'2010-01-12 18:21:53',1),(28,70,'10.00','2010-01-12',1,'2010-01-12','12.00','2010-01-12 18:19:51',14,'2010-01-13 10:19:05',1),(29,61,'1.00','2010-01-12',1,'2010-01-12','1.00','2010-01-12 18:20:13',14,'2010-01-12 18:29:43',1),(30,65,'10.00','2010-01-11',1,'2010-01-12','10.00','2010-01-12 18:23:46',11,'2010-01-12 18:30:06',1),(31,9,'6.00','2010-01-11',1,'2010-01-12','6.00','2010-01-12 18:24:09',11,'2010-01-12 18:30:30',1),(32,30,'2.00','2010-01-11',1,'2010-01-12','2.00','2010-01-12 18:24:31',11,'2010-01-12 18:30:44',1),(33,62,'12.00','2010-01-11',1,'2010-01-12','12.00','2010-01-12 18:25:00',11,'2010-01-12 18:31:00',1),(34,68,'300.00','2010-01-11',1,'2010-01-12','300.00','2010-01-12 18:25:48',11,'2010-01-12 18:31:27',1),(35,67,'150.00','2010-01-11',1,'2010-01-12','300.00','2010-01-12 18:26:26',11,'2010-01-13 11:57:13',1),(36,65,'5.00','2010-01-07',1,'2010-01-07','5.00','2010-01-12 18:33:03',9,'2010-01-12 18:34:02',1),(37,64,'5.00','2010-01-07',1,'2010-01-07','5.00','2010-01-12 18:33:20',9,'2010-01-12 18:34:17',1),(38,81,'250.00','2010-01-06',1,'2010-01-06','250.00','2010-01-12 18:37:29',8,'2010-01-12 18:38:04',1),(39,81,'1200.00','2010-01-12',1,'2010-01-12','1200.00','2010-01-12 18:38:51',4,'2010-01-12 18:39:34',1),(40,69,'1.00','2010-01-12',1,'2010-01-12','1.00','2010-01-12 18:39:06',4,'2010-01-12 18:39:43',1),(41,61,'3.00','2010-01-08',1,'2010-01-08','3.00','2010-01-12 19:03:57',5,'2010-01-12 19:05:34',1),(42,62,'12.00','2010-01-08',1,'2010-01-08','10.00','2010-01-12 19:04:49',5,'2010-01-13 11:52:36',1),(43,82,'1.00','2010-01-11',1,'2010-01-11','1.00','2010-01-12 19:06:52',10,'2010-01-12 19:07:29',1),(64,65,'2.00','2010-01-14',1,'2010-01-15','3.00','2010-01-15 15:10:31',16,'2010-01-15 15:12:45',16),(45,65,'5.00','2010-01-12',1,'2010-01-12','5.00','2010-01-13 11:16:51',12,'2010-01-13 11:21:33',1),(46,70,'24.00','2010-01-12',1,'2010-01-12','24.00','2010-01-13 11:18:21',12,'2010-01-13 11:21:47',1),(47,39,'7.00','2010-01-12',1,'2010-01-12','7.00','2010-01-13 11:18:49',12,'2010-01-13 11:22:01',1),(48,36,'2.00','2010-01-12',1,'2010-01-12','2.00','2010-01-13 11:19:11',12,'2010-01-13 11:20:28',1),(49,101,'1.00','2010-01-12',1,'2010-01-13','1.00','2010-01-13 11:19:36',12,'2010-01-13 11:20:49',1),(50,66,'20.00','2010-01-13',1,'2010-01-13','20.00','2010-01-13 13:37:22',12,'2010-01-13 13:38:46',1),(51,67,'50.00','2010-01-13',1,'2010-01-13','50.00','2010-01-13 13:37:39',12,'2010-01-13 13:38:59',1),(52,75,'2.00','2010-01-13',1,'2010-01-13','2.00','2010-01-13 13:38:07',12,'2010-01-13 13:39:11',1),(53,65,'2.00','2010-01-13',1,'2010-01-13','2.00','2010-01-13 13:40:01',15,'2010-01-13 13:44:03',1),(54,61,'1.00','2010-01-13',1,'2010-01-13','1.00','2010-01-13 13:40:20',15,'2010-01-13 13:44:20',1),(55,75,'2.00','2010-01-13',1,'2010-01-13','2.00','2010-01-13 13:40:36',15,'2010-01-13 13:44:35',1),(56,9,'10.00','2010-01-13',1,'2010-01-13','10.00','2010-01-13 13:41:20',15,'2010-01-13 13:44:50',1),(57,62,'4.00','2010-01-13',1,'2010-01-13','4.00','2010-01-13 13:41:47',15,'2010-01-13 13:45:05',1),(58,102,'1500.00','2010-01-13',1,'2010-01-13','1500.00','2010-01-13 17:12:42',4,'2010-01-13 17:13:24',1),(67,61,'1.00','2010-01-15',1,'2010-01-15','1.00','2010-01-17 16:26:00',16,'2010-01-17 16:30:20',16),(68,37,'5.00','2010-01-15',1,'2010-01-20','4.00','2010-01-17 16:26:24',16,'2010-01-17 16:30:01',16),(69,38,'2.00','2010-01-15',1,'2010-01-15','2.00','2010-01-17 16:26:47',16,'2010-01-17 16:29:25',16),(70,66,'50.00','2010-01-15',1,'2010-01-15','50.00','2010-01-17 16:27:35',16,'2010-01-17 16:29:15',16),(71,86,'1.00','2010-01-15',1,'2010-01-15','1.00','2010-01-17 16:28:00',16,'2010-01-17 16:29:01',16),(72,47,'1.00','2010-01-15',1,'2010-01-15','1.00','2010-01-17 16:28:23',16,'2010-01-17 16:28:51',16),(73,65,'2.00','2010-01-14',1,'2010-01-14','2.00','2010-01-17 16:35:58',17,'2010-01-17 17:02:03',1),(74,64,'2.00','2010-01-14',1,'2010-01-14','2.00','2010-01-17 16:36:28',17,'2010-01-17 17:01:38',1),(75,9,'1.00','2010-01-14',1,'2010-01-14','1.00','2010-01-17 16:36:50',17,'2010-01-17 17:01:16',1),(76,73,'3.00','2010-01-14',1,'2010-01-17','3.00','2010-01-17 16:37:10',17,'2010-01-17 17:00:48',1),(77,25,'2.00','2010-01-14',1,'2010-01-14','2.00','2010-01-17 16:38:20',17,'2010-01-17 16:52:10',1),(78,52,'10.00','2010-01-14',1,'2010-01-14','10.00','2010-01-17 16:38:42',17,'2010-01-17 16:51:10',1),(79,66,'10.00','2010-01-14',1,'2010-01-14','10.00','2010-01-17 16:39:11',17,'2010-01-17 16:45:03',1),(80,38,'12.00','2010-01-12',1,'2010-01-14','12.00','2010-01-17 16:39:37',17,'2010-01-17 16:44:48',1),(81,65,'2.00','2010-01-18',1,'2010-01-18','2.00','2010-01-20 09:35:58',18,'2010-01-20 09:42:45',1),(82,61,'1.00','2010-01-18',1,'2010-01-18','1.00','2010-01-20 09:37:18',18,'2010-01-20 09:42:34',1),(83,76,'2.00','2010-01-18',1,'2010-01-18','2.00','2010-01-20 09:38:11',19,'2010-01-20 09:38:55',1),(84,75,'1.00','2010-01-18',1,'2010-01-18','1.00','2010-01-20 10:48:50',23,'2010-01-20 11:32:46',1),(85,65,'2.00','2010-01-13',1,'2010-01-13','2.00','2010-01-20 10:49:48',21,'2010-01-20 11:32:22',1),(86,64,'2.00','2010-01-13',1,'2010-01-13','2.00','2010-01-20 10:50:13',21,'2010-01-20 11:32:04',1),(87,65,'4.00','2010-01-18',1,'2010-01-20','4.00','2010-01-20 10:51:07',22,'2010-01-20 11:31:38',1),(88,79,'2.00','2010-01-18',1,'2010-01-18','2.00','2010-01-20 10:52:22',22,'2010-01-20 11:31:15',1),(89,9,'2.00','2010-01-18',1,'2010-01-18','2.00','2010-01-20 10:53:01',22,'2010-01-20 11:30:51',1),(90,67,'100.00','2010-01-18',1,'2010-01-18','100.00','2010-01-20 10:53:26',22,'2010-01-20 11:30:31',1),(91,68,'200.00','2010-01-18',1,'2010-01-18','200.00','2010-01-20 11:24:44',22,'2010-01-20 11:30:15',1),(92,65,'1.00','2010-01-15',1,'2010-01-15','1.00','2010-01-20 11:25:34',20,'2010-01-20 11:29:51',1),(93,69,'15.00','2010-01-15',1,'2010-01-15','15.00','2010-01-20 11:26:02',20,'2010-01-20 11:29:33',1),(94,75,'1.00','2010-01-15',1,'2010-01-15','1.00','2010-01-20 11:26:32',20,'2010-01-20 11:29:11',1),(95,44,'1.00','2010-01-15',1,'2010-01-15','1.00','2010-01-20 11:27:06',20,'2010-01-20 11:28:48',1),(96,47,'1.00','2010-01-15',1,'2010-01-15','1.00','2010-01-20 11:27:36',20,'2010-01-20 11:28:29',1),(97,21,'2.00','2010-01-20',1,'2010-01-20','2.00','2010-01-20 14:24:46',24,'2010-01-20 14:31:19',1),(98,67,'30.00','2010-01-20',1,'2010-01-20','30.00','2010-01-20 14:24:59',24,'2010-01-20 14:31:08',1),(99,65,'2.00','2010-01-20',1,'2010-01-20','2.00','2010-01-20 14:25:30',24,'2010-01-20 14:30:57',1),(100,66,'50.00','2010-01-20',1,'2010-01-20','50.00','2010-01-20 14:25:48',24,'2010-01-20 14:30:46',1),(101,107,'3.00','2010-01-20',1,'2010-01-20','3.00','2010-01-20 14:26:16',24,'2010-01-20 14:30:36',1),(102,9,'10.00','2010-01-20',1,'2010-01-20','10.00','2010-01-20 14:26:37',24,'2010-01-20 14:30:27',1),(103,29,'2.00','2010-01-20',1,'2010-01-20','2.00','2010-01-20 14:27:17',24,'2010-01-20 14:30:15',1),(104,31,'1.00','2010-01-20',1,'2010-01-20','1.00','2010-01-20 14:27:36',24,'2010-01-20 14:30:04',1),(105,75,'3.00','2010-01-20',1,'2010-01-20','3.00','2010-01-20 14:28:01',24,'2010-01-20 14:29:51',1),(106,11,'2.00','2010-01-20',1,'2010-01-20','2.00','2010-01-20 14:28:23',24,'2010-01-20 14:29:38',1),(107,65,'2.00','2010-01-21',1,'2010-01-21','2.00','2010-01-21 12:02:25',25,'2010-01-22 14:08:20',1),(108,16,'21.00','2010-01-22',1,'2010-01-21','2.00','2010-01-22 12:44:28',25,'2010-01-22 13:49:51',1),(109,61,'1.00','2010-01-21',1,'2010-01-21','1.00','2010-01-22 12:45:34',25,'2010-01-22 13:34:42',1),(110,21,'2.00','2010-01-21',1,'2010-01-21','2.00','2010-01-22 12:45:58',25,'2010-01-22 13:34:20',1),(111,106,'1.00','2010-01-21',1,'2010-01-21','1.00','2010-01-22 12:46:24',25,'2010-01-22 13:33:59',1),(112,107,'2.00','2010-01-21',1,'2010-01-21','2.00','2010-01-22 12:46:44',25,'2010-01-22 13:33:33',1),(113,9,'2.00','2010-01-21',1,'2010-01-21','2.00','2010-01-22 12:47:10',25,'2010-01-22 13:31:43',1),(114,105,'3.00','2010-01-21',1,'2010-01-21','3.00','2010-01-22 12:47:35',25,'2010-01-22 13:33:10',1),(115,39,'3.00','2010-01-22',1,'2010-01-21','3.00','2010-01-22 12:47:56',25,'2010-01-22 13:32:18',1),(116,65,'2.00','2010-01-14',1,'2010-01-14','2.00','2010-01-22 13:15:15',26,'2010-01-22 14:03:42',1),(117,64,'2.00','2010-01-14',1,'2010-01-14','2.00','2010-01-22 13:15:42',26,'2010-01-22 13:58:33',1),(118,59,'100.00','2010-01-14',1,'2010-01-14','100.00','2010-01-22 13:16:11',26,'2010-01-22 13:58:14',1),(119,66,'10.00','2010-01-14',1,'2010-01-14','10.00','2010-01-22 13:16:34',26,'2010-01-22 13:58:00',1),(120,75,'2.00','2010-01-14',1,'2010-01-14','2.00','2010-01-22 13:16:54',26,'2010-01-22 13:57:30',1),(121,9,'2.00','2010-01-14',1,'2010-01-14','2.00','2010-01-22 13:17:21',26,'2010-01-22 13:57:44',1),(122,21,'1.00','2010-01-14',1,'2010-01-14','1.00','2010-01-22 13:17:40',26,'2010-01-22 13:57:15',1),(123,48,'1.00','2010-01-14',1,'2010-01-14','1.00','2010-01-22 13:18:03',26,'2010-01-22 13:57:02',1),(124,15,'2.00','2010-01-14',1,'2010-01-14','2.00','2010-01-22 13:18:39',26,'2010-01-22 13:56:46',1),(125,34,'2.00','2010-01-14',1,'2010-01-14','2.00','2010-01-22 13:19:03',26,'2010-01-22 13:56:34',1),(126,63,'1.00','2010-01-14',1,'2010-01-14','1.00','2010-01-22 13:19:52',26,'2010-01-22 13:56:13',1),(127,14,'1.00','2010-01-14',1,'2010-01-14','1.00','2010-01-22 13:20:11',26,'2010-01-22 13:55:56',1),(128,86,'1.00','2010-01-14',1,'2010-01-14','1.00','2010-01-22 13:20:31',26,'2010-01-22 13:55:38',1),(129,65,'3.00','2010-01-20',1,'2010-01-20','3.00','2010-01-22 13:23:23',7,'2010-01-22 13:55:18',1),(130,108,'2.00','2010-01-20',1,'2010-01-20','2.00','2010-01-22 13:23:47',7,'2010-01-22 13:55:04',1),(131,75,'2.00','2010-01-20',1,'2010-01-20','2.00','2010-01-22 13:24:21',7,'2010-01-22 13:54:50',1),(132,39,'6.00','2010-01-20',1,'2010-01-20','6.00','2010-01-22 13:24:49',7,'2010-01-22 13:54:32',1),(133,105,'5.00','2010-01-20',1,'2010-01-20','5.00','2010-01-22 13:25:22',7,'2010-01-22 13:54:21',1),(134,45,'2.00','2010-01-20',1,'2010-01-20','2.00','2010-01-22 13:26:29',7,'2010-01-22 13:54:08',1),(135,107,'2.00','2010-01-20',1,'2010-01-20','2.00','2010-01-22 13:26:48',7,'2010-01-22 13:53:54',1),(136,79,'3.00','2010-01-20',1,'2010-01-20','3.00','2010-01-22 13:28:41',7,'2010-01-22 13:53:36',1),(137,25,'2.00','2010-01-14',1,'2010-01-14','2.00','2010-01-22 14:01:38',26,'2010-01-22 14:03:03',1),(138,93,'40.00','2010-01-22',1,'2010-01-22','40.00','2010-01-22 14:13:47',13,'2010-01-22 14:19:32',1),(139,88,'10.00','2010-01-22',1,'2010-01-22','10.00','2010-01-22 14:14:10',13,'2010-01-22 14:19:23',1),(140,91,'20.00','2010-01-22',1,'2010-01-22','20.00','2010-01-22 14:14:29',13,'2010-01-22 14:19:15',1),(141,90,'4.00','2010-01-22',1,'2010-01-22','4.00','2010-01-22 14:14:49',13,'2010-01-22 14:19:09',1),(143,95,'1.00','2010-01-21',1,'2010-01-21','1.00','2010-01-25 18:10:07',13,'2010-01-25 18:52:32',1),(144,86,'1.00','2010-01-21',1,'2010-01-21','1.00','2010-01-27 13:41:16',20,'2010-01-27 13:53:23',1),(145,65,'2.00','2010-01-21',1,'2010-01-21','2.00','2010-01-27 13:41:49',20,'2010-01-27 13:53:33',1),(146,68,'500.00','2010-01-21',1,'2010-01-21','500.00','2010-01-27 13:43:16',14,'2010-01-27 13:53:57',1),(147,68,'500.00','2010-01-21',1,'2010-01-21','500.00','2010-01-27 13:44:19',12,'2010-01-27 13:54:25',1),(148,121,'4.00','2010-01-22',1,'2010-01-27','2000.00','2010-01-27 13:45:52',14,'2010-01-27 13:55:01',1),(149,106,'1.00','2010-01-22',1,'2010-01-22','1.00','2010-01-27 13:46:44',27,'2010-01-27 13:55:32',1),(150,64,'2.00','2010-01-20',1,'2010-01-20','2.00','2010-01-27 13:47:34',28,'2010-01-27 13:55:51',1),(151,39,'3.00','2010-01-20',1,'2010-01-20','3.00','2010-01-27 13:47:54',28,'2010-01-27 13:56:04',1),(152,122,'4.00','2010-03-02',1,'2010-03-02','4.00','2010-03-02 12:03:47',29,'2010-03-02 12:16:00',1),(153,123,'2.00','2010-03-02',1,'2010-03-02','2.00','2010-03-02 12:04:26',29,'2010-03-02 12:15:48',1),(154,124,'4.00','2010-03-02',1,'2010-03-02','4.00','2010-03-02 12:04:46',29,'2010-03-02 12:15:40',1),(155,125,'4.00','2010-03-02',1,'2010-03-02','4.00','2010-03-02 12:05:07',29,'2010-03-02 12:15:32',1),(156,126,'4.00','2010-03-02',1,'2010-03-02','4.00','2010-03-02 12:05:28',29,'2010-03-02 12:15:25',1),(157,127,'2.00','2010-03-02',1,'2010-03-02','2.00','2010-03-02 12:05:54',29,'2010-03-02 12:13:56',1),(158,128,'2.00','2010-03-02',1,'2010-03-02','2.00','2010-03-02 12:06:22',29,'2010-03-02 12:13:48',1),(159,65,'6.00','2010-03-02',1,'2010-03-26','6.00','2010-03-02 12:06:59',29,'2010-03-02 12:09:34',1),(160,64,'6.00','2010-03-02',1,'2010-03-02','6.00','2010-03-02 12:07:23',29,'2010-03-02 12:09:26',1),(161,75,'4.00','2010-03-02',1,'2010-03-26','4.00','2010-03-02 12:07:44',29,'2010-03-02 12:09:18',1),(162,62,'60.00','2010-03-02',1,'2010-03-02','60.00','2010-03-02 12:08:12',29,'2010-03-02 12:09:10',1),(163,65,'5.00','2010-01-12',1,'2010-01-12','5.00','2010-06-03 20:00:10',54,'2010-06-03 20:05:32',1),(164,70,'24.00','2010-01-12',1,'2010-01-20','24.00','2010-06-03 20:00:58',54,'2010-06-03 20:04:58',1),(165,196,'9.00','2010-01-12',1,'2010-04-22','9.00','2010-06-03 20:01:35',54,'2010-06-03 20:04:42',1),(166,68,'500.00','2010-01-12',1,'2010-01-12','500.00','2010-06-03 20:03:09',54,'2010-06-03 20:04:28',1),(167,53,'20.00','2010-01-13',1,'2010-01-13','20.00','2010-06-03 20:10:57',55,'2010-06-03 20:13:16',1),(168,67,'50.00','2010-01-13',1,'2010-01-13','50.00','2010-06-03 20:11:21',55,'2010-06-03 20:13:02',1),(169,75,'2.00','2010-01-13',1,'2010-01-13','2.00','2010-06-03 20:12:06',55,'2010-06-03 20:12:49',1),(170,65,'2.00','2010-02-02',1,'2010-02-23','2.00','2010-06-04 09:24:35',56,'2010-06-04 09:28:35',1),(171,66,'10.00','2010-02-02',1,'2010-02-02','10.00','2010-06-04 09:25:24',56,'2010-06-04 09:28:22',1),(172,61,'1.00','2010-02-02',1,'2010-02-02','1.00','2010-06-04 09:26:00',56,'2010-06-04 09:28:11',1),(173,196,'6.00','2010-02-02',1,'2010-04-22','6.00','2010-06-04 09:26:23',56,'2010-06-04 09:28:00',1),(174,105,'2.00','2010-02-02',1,'2010-02-02','2.00','2010-06-04 09:26:54',56,'2010-06-04 09:27:45',1),(175,77,'4.00','2010-02-06',1,'2010-02-06','4.00','2010-06-04 09:31:10',19,'2010-06-04 09:32:24',1),(176,59,'300.00','2010-02-24',1,'2010-02-24','300.00','2010-06-04 09:36:00',57,'2010-06-04 09:36:29',1),(177,130,'1.00','2010-02-23',1,'2010-02-23','1.00','2010-06-04 09:39:15',21,'2010-06-04 09:41:46',1),(178,65,'2.00','2010-02-23',1,'2010-02-23','2.00','2010-06-04 09:40:25',21,'2010-06-04 09:42:02',1),(179,64,'2.00','2010-02-23',1,'2010-02-23','2.00','2010-06-04 09:40:56',21,'2010-06-04 09:42:20',1),(180,65,'5.00','2010-02-24',1,'2010-02-24','5.00','2010-06-04 15:18:22',14,'2010-06-05 12:50:12',30),(181,66,'50.00','2010-02-24',1,'2010-02-24','50.00','2010-06-04 15:19:22',14,'2010-06-05 12:49:55',30),(182,105,'5.00','2010-02-24',1,'2010-02-24','5.00','2010-06-04 15:19:56',14,'2010-06-05 12:49:40',30),(189,28,'5.00','2010-02-24',1,'2010-02-24','5.00','2010-06-04 16:10:24',14,'2010-06-05 12:49:25',30),(190,39,'5.00','2010-02-24',1,'2010-02-24','5.00','2010-06-04 16:11:19',14,'2010-06-05 12:49:10',30),(191,33,'1.00','2010-02-24',1,'2010-02-24','1.00','2010-06-05 12:43:57',14,'2010-06-05 12:48:54',30),(192,238,'1.00','2010-02-24',1,'2010-02-24','1.00','2010-06-05 12:44:26',14,'2010-06-05 12:48:06',30),(193,240,'5.00','2010-02-24',1,'2010-02-24','5.00','2010-06-05 12:45:09',14,'2010-06-05 12:47:49',30),(194,12,'2.00','2010-02-24',1,'2010-02-24','2.00','2010-06-05 12:45:50',14,'2010-06-05 12:47:31',30),(195,65,'3.00','2010-02-25',1,'2010-02-25','3.00','2010-06-09 14:24:09',21,'2010-06-09 14:29:44',1),(196,23,'1.00','2010-02-25',1,'2010-02-25','1.00','2010-06-09 14:25:38',21,'2010-06-09 14:29:28',1),(197,11,'2.00','2010-02-25',1,'2010-02-25','2.00','2010-06-09 14:26:38',21,'2010-06-09 14:29:14',1),(198,79,'2.00','2010-02-25',1,'2010-02-25','2.00','2010-06-09 14:27:45',21,'2010-06-09 14:29:01',1),(199,39,'1.00','2010-02-25',1,'2010-02-25','1.00','2010-06-09 14:28:09',21,'2010-06-09 14:28:46',1),(200,37,'5.00','2010-02-25',1,'2010-04-22','5.00','2010-06-09 14:31:08',16,'2010-06-09 14:32:53',1),(201,47,'1.00','2010-02-25',1,'2010-02-25','1.00','2010-06-09 14:31:32',16,'2010-06-09 14:33:05',1),(202,65,'1.00','2010-02-25',1,'2010-02-25','1.00','2010-06-09 14:35:04',1,'2010-06-09 14:38:30',1),(203,64,'1.00','2010-02-25',1,'2010-02-25','1.00','2010-06-09 14:35:46',1,'2010-06-09 14:38:42',1),(204,65,'3.00','2010-03-01',1,'2010-03-01','3.00','2010-06-09 14:40:18',54,'2010-06-09 14:53:22',1),(205,64,'2.00','2010-03-01',1,'2010-03-01','2.00','2010-06-09 14:40:44',54,'2010-06-09 14:52:57',1),(206,151,'4.00','2010-03-01',1,'2010-03-26','4.00','2010-06-09 14:41:38',54,'2010-06-09 14:52:33',1),(207,9,'5.00','2010-03-01',1,'2010-03-01','5.00','2010-06-09 14:43:18',54,'2010-06-09 14:52:21',1),(208,105,'6.00','2010-03-01',1,'2010-03-01','6.00','2010-06-09 14:43:40',54,'2010-06-09 14:51:59',1),(209,107,'3.00','2010-03-01',1,'2010-03-01','3.00','2010-06-09 14:44:04',54,'2010-06-09 14:51:27',1),(210,28,'3.00','2010-03-01',1,'2010-03-01','3.00','2010-06-09 14:44:39',54,'2010-06-09 14:51:14',1),(215,150,'24.00','2010-03-01',1,'2010-03-26','24.00','2010-06-09 15:00:27',54,'2010-06-09 15:01:06',1),(212,39,'4.00','2010-03-01',1,'2010-03-01','4.00','2010-06-09 14:45:41',54,'2010-06-09 14:50:11',1),(213,50,'1.00','2010-03-01',1,'2010-03-01','1.00','2010-06-09 14:46:05',54,'2010-06-09 14:49:52',1),(216,65,'2.00','2010-03-01',1,'2010-03-01','2.00','2010-06-09 15:02:15',54,'2010-06-09 15:08:39',1),(217,64,'2.00','2010-03-01',1,'2010-03-01','2.00','2010-06-09 15:02:47',54,'2010-06-09 15:08:26',1),(218,151,'4.00','2010-03-01',1,'2010-03-26','4.00','2010-06-09 15:03:07',54,'2010-06-09 15:08:14',1),(219,151,'4.00','2010-03-01',1,'2010-03-26','4.00','2010-06-09 15:04:53',54,'2010-06-09 15:08:00',1),(220,105,'6.00','2010-03-01',1,'2010-03-01','6.00','2010-06-09 15:05:15',54,'2010-06-09 15:07:48',1),(221,107,'3.00','2010-03-01',1,'2010-03-01','3.00','2010-06-09 15:05:35',54,'2010-06-09 15:07:35',1),(222,70,'6.00','2010-03-01',1,'2010-03-26','6.00','2010-06-09 15:06:06',54,'2010-06-09 15:07:23',1),(223,28,'3.00','2010-03-01',1,'2010-03-01','3.00','2010-06-09 15:06:38',54,'2010-06-09 15:07:11',1),(224,65,'3.00','2010-03-01',1,'2010-03-01','3.00','2010-06-09 15:11:36',26,'2010-06-09 15:17:12',1),(225,43,'1.00','2010-03-01',1,'2010-03-01','1.00','2010-06-09 15:12:06',26,'2010-06-09 15:17:01',1),(226,14,'1.00','2010-03-01',1,'2010-03-29','1.00','2010-06-09 15:12:44',26,'2010-06-09 15:16:44',1),(227,238,'1.00','2010-03-01',1,'2010-03-01','1.00','2010-06-09 15:13:51',26,'2010-06-09 15:22:14',1),(228,196,'6.00','2010-03-01',1,'2010-04-22','6.00','2010-06-09 15:14:30',26,'2010-06-09 15:15:55',1),(229,107,'2.00','2010-03-01',1,'2010-03-01','2.00','2010-06-09 15:25:04',27,'2010-06-09 15:30:03',1),(230,15,'2.00','2010-03-01',1,'2010-03-01','2.00','2010-06-09 15:25:44',27,'2010-06-09 15:29:48',1),(231,9,'1.00','2010-03-01',1,'2010-03-01','1.00','2010-06-09 15:26:07',27,'2010-06-09 15:29:38',1),(236,67,'100.00','2010-03-02',1,'2010-03-02','100.00','2010-06-09 15:32:34',42,'2010-06-09 15:33:02',1),(233,43,'1.00','2010-03-01',1,'2010-03-01','1.00','2010-06-09 15:27:32',27,'2010-06-09 15:28:49',1),(234,50,'2.00','2010-03-01',1,'2010-03-01','2.00','2010-06-09 15:27:59',27,'2010-06-09 15:28:30',1),(235,12,'2.00','2010-03-01',1,'2010-03-01','2.00','2010-06-09 15:30:48',27,'2010-06-09 15:31:37',1),(237,75,'1.00','2010-03-02',1,'2010-03-26','1.00','2010-06-09 15:34:05',42,'2010-06-09 15:34:32',1),(238,65,'5.00','2010-03-04',1,'2010-04-05','5.00','2010-06-09 15:58:18',21,'2010-06-09 15:59:47',1),(239,64,'2.00','2010-03-04',1,'2010-03-04','2.00','2010-06-09 15:59:02',21,'2010-06-09 15:59:35',1),(240,135,'20.00','2010-03-07',1,'2010-03-17','20.00','2010-06-09 16:00:55',58,'2010-06-09 16:07:58',1),(241,136,'20.00','2010-03-07',1,'2010-03-17','20.00','2010-06-09 16:01:20',58,'2010-06-09 16:07:44',1),(242,141,'3.00','2010-03-07',1,'2010-03-17','3.00','2010-06-09 16:01:45',58,'2010-06-09 16:07:21',1),(243,142,'1.00','2010-03-07',1,'2010-03-17','1.00','2010-06-09 16:02:14',58,'2010-06-09 16:07:10',1),(244,144,'0.50','2010-03-07',1,'2010-03-17','0.50','2010-06-09 16:02:54',58,'2010-06-09 16:06:50',1),(245,145,'0.50','2010-03-07',1,'2010-03-17','0.50','2010-06-09 16:05:09',58,'2010-06-09 16:06:37',1),(246,146,'0.50','2010-03-07',1,'2010-03-17','0.50','2010-06-09 16:05:35',58,'2010-06-09 16:06:26',1),(247,65,'2.00','2010-03-08',1,'2010-03-08','2.00','2010-06-09 16:10:37',25,'2010-06-09 16:12:59',1),(248,16,'2.00','2010-03-08',1,'2010-03-08','2.00','2010-06-09 16:11:14',25,'2010-06-09 16:12:46',1),(249,12,'3.00','2010-03-08',1,'2010-03-08','3.00','2010-06-09 16:11:46',25,'2010-06-09 16:12:31',1),(250,11,'3.00','2010-03-09',1,'2010-03-09','3.00','2010-06-09 16:14:01',59,'2010-06-09 16:14:55',1),(251,65,'3.00','2010-03-10',1,'2010-03-26','3.00','2010-06-09 16:16:12',29,'2010-06-09 16:18:36',1),(252,64,'3.00','2010-03-10',1,'2010-03-26','3.00','2010-06-09 16:16:57',29,'2010-06-09 16:18:17',1),(253,59,'100.00','2010-03-10',1,'2010-03-10','100.00','2010-06-09 16:17:28',29,'2010-06-09 16:17:57',1),(254,64,'4.00','2010-03-10',1,'2010-03-26','4.00','2010-06-09 16:24:03',20,'2010-06-09 16:25:03',1),(255,56,'10.00','2010-03-10',1,'2010-03-10','10.00','2010-06-09 16:27:27',29,'2010-06-09 16:30:38',1),(256,81,'500.00','2010-03-10',1,'2010-03-10','500.00','2010-06-09 16:29:32',60,'2010-06-09 16:33:05',1),(257,178,'500.00','2010-04-15',1,'2010-04-15','500.00','2010-06-09 16:30:10',60,'2010-06-09 16:31:46',1),(258,54,'1.00','2010-03-11',1,'2010-03-11','1.00','2010-06-09 16:33:53',61,'2010-06-09 16:35:40',1),(259,65,'2.00','2010-03-15',1,'2010-04-05','2.00','2010-06-09 16:35:09',20,'2010-06-09 16:36:00',1),(260,15,'10.00','2010-03-15',1,'2010-03-15','2.00','2010-06-09 16:37:38',22,'2010-06-09 16:39:13',1),(261,240,'10.00','2010-03-15',1,'2010-03-15','10.00','2010-06-09 16:38:05',22,'2010-06-09 16:39:27',1),(262,137,'500.00','2010-03-17',1,'2010-03-17','500.00','2010-06-09 16:41:44',62,'2010-06-09 16:45:25',1),(263,138,'500.00','2010-03-17',1,'2010-03-17','500.00','2010-06-09 16:42:19',62,'2010-06-09 16:45:11',1),(264,121,'2500.00','2010-03-17',1,'2010-03-17','2500.00','2010-06-09 16:42:58',62,'2010-06-09 16:44:54',1),(265,140,'1.00','2010-03-17',1,'2010-03-17','1.00','2010-06-09 16:43:43',62,'2010-06-09 16:44:27',1),(266,66,'20.00','2010-03-18',1,'2010-03-18','20.00','2010-06-09 16:57:29',63,'2010-06-09 17:03:47',1),(267,61,'1.00','2010-03-18',1,'2010-03-18','1.00','2010-06-09 16:58:08',63,'2010-06-09 17:15:42',1),(268,160,'1.00','2010-03-18',1,'2010-03-29','1.00','2010-06-09 16:58:35',63,'2010-06-09 17:03:14',1),(269,196,'3.00','2010-03-18',1,'2010-04-22','3.00','2010-06-09 16:59:02',63,'2010-06-09 17:02:56',1),(270,107,'1.00','2010-03-18',1,'2010-03-18','1.00','2010-06-09 16:59:28',63,'2010-06-09 17:02:41',1),(271,139,'500.00','2010-03-18',1,'2010-03-18','500.00','2010-06-09 17:01:38',63,'2010-06-09 17:02:29',1),(272,66,'50.00','2010-03-23',1,'2010-03-26','50.00','2010-06-09 17:16:50',14,'2010-06-09 17:17:49',1),(273,65,'3.00','2010-03-23',1,'2010-04-05','3.00','2010-06-09 17:17:17',14,'2010-06-09 17:18:05',1),(274,65,'3.00','2010-03-23',1,'2010-04-05','3.00','2010-06-09 17:21:01',15,'2010-06-09 17:25:27',1),(275,105,'3.00','2010-03-24',1,'2010-03-24','3.00','2010-06-09 17:21:43',15,'2010-06-09 17:25:14',1),(276,39,'3.00','2010-03-24',1,'2010-03-24','3.00','2010-06-09 17:22:15',15,'2010-06-09 17:24:56',1),(277,65,'2.00','2010-03-23',1,'2010-04-05','2.00','2010-06-09 17:23:06',20,'2010-06-09 17:24:40',1),(278,147,'700.00','2010-03-23',1,'2010-06-03','700.00','2010-06-09 17:23:42',20,'2010-06-09 17:24:17',1),(279,64,'3.00','2010-03-26',1,'2010-03-26','3.00','2010-06-09 17:37:32',64,'2010-06-09 17:49:57',1),(280,65,'6.00','2010-03-26',1,'2010-04-15','6.00','2010-06-09 17:37:59',64,'2010-06-09 17:49:43',1),(281,86,'1.00','2010-03-26',1,'2010-03-26','1.00','2010-06-09 17:38:32',64,'2010-06-09 17:49:27',1),(282,148,'3.00','2010-03-26',1,'2010-03-26','3.00','2010-06-09 17:38:54',64,'2010-06-09 17:49:14',1),(283,75,'3.00','2010-03-26',1,'2010-03-26','3.00','2010-06-09 17:39:48',64,'2010-06-09 17:49:02',1),(284,38,'30.00','2010-03-26',1,'2010-03-26','30.00','2010-06-09 17:41:17',64,'2010-06-09 17:48:50',1),(285,70,'12.00','2010-03-26',1,'2010-03-26','12.00','2010-06-09 17:41:44',64,'2010-06-09 17:48:36',1),(286,105,'30.00','2010-03-26',1,'2010-03-26','30.00','2010-06-09 17:42:09',64,'2010-06-09 17:47:44',1),(287,27,'30.00','2010-03-26',1,'2010-04-22','30.00','2010-06-09 17:43:17',64,'2010-06-09 17:47:26',1),(288,66,'30.00','2010-03-26',1,'2010-03-31','30.00','2010-06-09 17:44:37',64,'2010-06-09 17:47:13',1),(289,149,'1500.00','2010-03-26',1,'2010-03-26','1500.00','2010-06-09 17:45:15',64,'2010-06-09 17:54:31',1),(290,65,'2.00','2010-03-26',1,'2010-04-05','2.00','2010-06-09 18:04:14',17,'2010-06-09 18:06:19',1),(291,73,'2.00','2010-03-26',1,'2010-03-26','2.00','2010-06-09 18:04:37',17,'2010-06-09 18:06:07',1),(292,9,'1.00','2010-03-26',1,'2010-03-26','1.00','2010-06-09 18:05:11',17,'2010-06-09 18:05:45',1),(293,65,'2.00','2010-03-29',1,'2010-04-05','2.00','2010-06-09 18:08:44',65,'2010-06-09 18:13:59',1),(294,64,'2.00','2010-03-29',1,'2010-04-05','2.00','2010-06-09 18:09:59',65,'2010-06-09 18:13:47',1),(295,75,'1.00','2010-03-29',1,'2010-03-29','1.00','2010-06-09 18:10:21',65,'2010-06-09 18:13:26',1),(297,65,'1.00','2010-03-31',1,'2010-03-31','1.00','2010-06-09 18:15:11',20,'2010-06-09 18:15:48',1),(298,105,'6.00','2010-03-31',1,'2010-03-31','6.00','2010-06-09 18:18:10',66,'2010-06-09 18:32:00',1),(299,27,'6.00','2010-03-31',1,'2010-03-31','6.00','2010-06-09 18:19:35',66,'2010-06-09 18:31:38',1),(300,167,'2.00','2010-03-31',1,'2010-04-22','2.00','2010-06-09 18:20:10',66,'2010-06-09 18:31:21',1),(301,17,'5.00','2010-03-31',1,'2010-03-31','5.00','2010-06-09 18:20:48',66,'2010-06-09 18:31:02',1),(302,12,'3.00','2010-03-31',1,'2010-03-31','3.00','2010-06-09 18:21:23',66,'2010-06-09 18:30:34',1),(303,163,'1.00','2010-03-31',1,'2010-03-31','1.00','2010-06-09 18:21:52',66,'2010-06-09 18:30:17',1),(304,31,'1.00','2010-03-31',1,'2010-03-31','1.00','2010-06-09 18:22:19',66,'2010-06-09 18:30:03',1),(305,11,'3.00','2010-03-31',1,'2010-03-31','3.00','2010-06-09 18:22:50',66,'2010-06-09 18:29:49',1),(306,160,'2.00','2010-03-31',1,'2010-03-31','2.00','2010-06-09 18:23:18',66,'2010-06-09 18:29:36',1),(307,107,'2.00','2010-03-31',1,'2010-03-31','2.00','2010-06-09 18:23:58',66,'2010-06-09 18:29:21',1),(308,34,'2.00','2010-03-31',1,'2010-03-31','2.00','2010-06-09 18:24:21',66,'2010-06-09 18:29:04',1),(309,196,'6.00','2010-03-31',1,'2010-04-22','6.00','2010-06-09 18:24:43',66,'2010-06-09 18:28:39',1),(310,47,'3.00','2010-03-31',1,'2010-03-31','3.00','2010-06-09 18:25:09',66,'2010-06-09 18:28:19',1),(311,66,'10.00','2010-03-31',1,'2010-03-31','10.00','2010-06-09 18:25:38',66,'2010-06-09 18:28:01',1),(312,33,'5.00','2010-03-31',1,'2010-03-31','5.00','2010-06-09 18:38:28',66,'2010-06-09 18:39:08',1),(313,64,'2.00','2010-04-01',1,'2010-04-05','2.00','2010-06-09 18:43:00',5,'2010-06-09 19:02:15',1),(314,61,'3.00','2010-04-01',1,'2010-04-01','3.00','2010-06-09 18:44:06',5,'2010-06-09 19:02:02',1),(315,67,'100.00','2010-04-01',1,'2010-04-01','100.00','2010-06-09 18:44:58',5,'2010-06-09 19:01:40',1),(316,66,'20.00','2010-04-01',1,'2010-04-01','20.00','2010-06-09 18:45:25',5,'2010-06-09 19:01:25',1),(317,39,'6.00','2010-04-01',1,'2010-04-01','6.00','2010-06-09 18:45:55',5,'2010-06-09 19:01:09',1),(318,160,'1.00','2010-04-01',1,'2010-04-01','1.00','2010-06-09 18:46:15',5,'2010-06-09 19:00:01',1),(319,105,'12.00','2010-04-01',1,'2010-04-01','12.00','2010-06-09 18:47:08',5,'2010-06-09 18:59:44',1),(320,31,'2.00','2010-04-01',1,'2010-04-01','2.00','2010-06-09 18:48:01',5,'2010-06-09 18:59:30',1),(321,11,'4.00','2010-04-01',1,'2010-04-01','4.00','2010-06-09 18:48:41',5,'2010-06-09 18:58:22',1),(322,12,'2.00','2010-04-01',1,'2010-04-01','2.00','2010-06-09 18:50:41',5,'2010-06-09 18:58:10',1),(323,175,'1.00','2010-04-01',1,'2010-04-22','1.00','2010-06-09 18:51:02',5,'2010-06-09 18:57:43',1),(324,9,'3.00','2010-04-01',1,'2010-04-01','3.00','2010-06-09 18:51:43',5,'2010-06-09 18:57:26',1),(325,20,'1.00','2010-04-01',1,'2010-04-01','1.00','2010-06-09 18:53:30',5,'2010-06-09 18:57:12',1),(329,15,'2.00','2010-04-01',1,'2010-04-01','2.00','2010-06-09 19:03:12',5,'2010-06-09 19:03:43',1),(327,75,'2.00','2010-04-01',1,'2010-04-01','2.00','2010-06-09 18:54:58',5,'2010-06-09 18:56:17',1),(328,34,'3.00','2010-04-01',1,'2010-04-01','3.00','2010-06-09 18:55:17',5,'2010-06-09 18:56:02',1),(330,175,'1.00','2010-04-01',1,'2010-04-22','1.00','2010-06-09 19:04:36',21,'2010-06-09 19:05:36',1),(331,79,'1.00','2010-04-01',1,'2010-04-01','1.00','2010-06-09 19:05:09',21,'2010-06-09 19:05:54',1),(332,75,'1.00','2010-04-01',1,'2010-04-01','1.00','2010-06-09 19:07:08',16,'2010-06-09 19:08:51',1),(333,148,'1.00','2010-04-01',1,'2010-04-01','1.00','2010-06-09 19:07:25',16,'2010-06-09 19:09:05',1),(334,160,'1.00','2010-04-01',1,'2010-04-01','1.00','2010-06-09 19:14:17',25,'2010-06-09 19:16:42',1),(335,15,'2.00','2010-04-01',1,'2010-04-01','2.00','2010-06-09 19:14:49',25,'2010-06-09 19:16:26',1),(336,167,'1.00','2010-04-01',1,'2010-04-22','1.00','2010-06-09 19:15:13',25,'2010-06-09 19:16:16',1),(337,75,'2.00','2010-04-01',1,'2010-05-18','2.00','2010-06-09 19:15:40',25,'2010-06-09 19:16:06',1),(338,69,'2.00','2010-04-05',1,'2010-04-05','2.00','2010-06-09 19:18:23',16,'2010-06-09 19:18:47',1),(339,65,'1.00','2010-04-05',1,'2010-04-05','1.00','2010-06-09 19:20:49',67,'2010-06-09 19:28:10',1),(340,86,'1.00','2010-04-05',1,'2010-04-05','1.00','2010-06-09 19:21:49',67,'2010-06-09 19:27:57',1),(347,29,'1.00','2010-04-05',1,'2010-04-05','1.00','2010-06-09 19:28:53',67,'2010-06-09 19:29:20',1),(342,175,'1.00','2010-04-05',1,'2010-04-22','1.00','2010-06-09 19:24:01',67,'2010-06-09 19:27:44',1),(343,79,'1.00','2010-04-05',1,'2010-04-05','1.00','2010-06-09 19:24:47',67,'2010-06-09 19:27:29',1),(344,14,'1.00','2010-04-05',1,'2010-04-05','1.00','2010-06-09 19:25:11',67,'2010-06-09 19:27:13',1),(345,66,'50.00','2010-04-05',1,'2010-04-22','50.00','2010-06-09 19:25:34',67,'2010-06-09 19:26:59',1),(346,107,'2.00','2010-04-05',1,'2010-04-05','2.00','2010-06-09 19:25:55',67,'2010-06-09 19:26:43',1),(348,65,'2.00','2010-04-08',1,'2010-04-15','2.00','2010-06-09 19:32:11',20,'2010-06-09 19:34:30',1),(349,163,'1.00','2010-04-08',1,'2010-04-08','1.00','2010-06-09 19:33:16',20,'2010-06-09 19:34:20',1),(350,13,'1.00','2010-04-08',1,'2010-04-08','1.00','2010-06-09 19:33:41',20,'2010-06-09 19:34:11',1),(351,65,'2.00','2010-04-08',1,'2010-04-15','2.00','2010-06-09 19:35:23',64,'2010-06-09 19:40:55',1),(352,65,'2.00','2010-04-09',1,'2010-04-15','2.00','2010-06-09 19:36:06',29,'2010-06-09 19:40:46',1),(360,59,'100.00','2010-04-09',1,'2010-04-09','100.00','2010-06-09 19:43:09',29,'2010-06-09 19:43:34',1),(354,105,'6.00','2010-04-09',1,'2010-04-09','6.00','2010-06-09 19:36:47',29,'2010-06-09 19:40:19',1),(355,38,'6.00','2010-04-09',1,'2010-04-09','6.00','2010-06-09 19:37:07',29,'2010-06-09 19:40:12',1),(356,12,'2.00','2010-04-09',1,'2010-04-09','2.00','2010-06-09 19:37:54',29,'2010-06-09 19:40:04',1),(357,175,'1.00','2010-04-09',1,'2010-04-22','1.00','2010-06-09 19:38:17',29,'2010-06-09 19:39:55',1),(358,47,'1.00','2010-04-09',1,'2010-04-09','1.00','2010-06-09 19:38:42',29,'2010-06-09 19:39:46',1),(359,66,'50.00','2010-04-09',1,'2010-04-22','50.00','2010-06-09 19:39:03',29,'2010-06-09 19:39:30',1),(361,65,'2.00','2010-04-09',1,'2010-04-15','2.00','2010-06-09 19:44:33',33,'2010-06-09 19:44:53',1),(362,196,'2.00','2010-04-12',1,'2010-04-22','2.00','2010-06-09 19:45:54',13,'2010-06-09 19:48:12',1),(363,163,'1.00','2010-04-12',1,'2010-04-12','1.00','2010-06-09 19:46:21',13,'2010-06-09 19:48:01',1),(364,12,'1.00','2010-04-12',1,'2010-04-12','1.00','2010-06-09 19:46:46',13,'2010-06-09 19:47:51',1),(365,43,'1.00','2010-04-12',1,'2010-04-12','1.00','2010-06-09 19:47:15',13,'2010-06-09 19:47:41',1),(366,65,'3.00','2010-04-12',1,'2010-04-15','3.00','2010-06-09 19:50:53',17,'2010-06-09 19:56:29',1),(367,66,'10.00','2010-04-12',1,'2010-04-22','10.00','2010-06-09 19:51:16',17,'2010-06-09 19:56:19',1),(368,9,'2.00','2010-04-12',1,'2010-04-12','2.00','2010-06-09 19:51:44',17,'2010-06-09 19:56:08',1),(369,163,'1.00','2010-04-12',1,'2010-04-12','1.00','2010-06-09 19:52:04',17,'2010-06-09 19:55:55',1),(375,79,'1.00','2010-04-12',1,'2010-04-12','1.00','2010-06-09 19:57:32',17,'2010-06-09 19:58:00',1),(371,70,'6.00','2010-04-12',1,'2010-04-22','6.00','2010-06-09 19:53:03',17,'2010-06-09 19:55:18',1),(372,61,'1.00','2010-04-12',1,'2010-04-12','1.00','2010-06-09 19:53:34',17,'2010-06-09 19:55:08',1),(373,64,'4.00','2010-04-12',1,'2010-04-12','4.00','2010-06-09 19:53:58',17,'2010-06-09 19:54:58',1),(374,75,'2.00','2010-04-12',1,'2010-05-18','2.00','2010-06-09 19:54:22',17,'2010-06-09 19:54:49',1),(376,65,'3.00','2010-04-12',1,'2010-04-15','3.00','2010-06-09 20:14:31',68,'2010-06-09 20:27:29',1),(377,31,'1.00','2010-04-12',1,'2010-04-12','1.00','2010-06-09 20:17:18',68,'2010-06-09 20:27:17',1),(378,70,'4.00','2010-04-12',1,'2010-04-12','4.00','2010-06-09 20:18:07',68,'2010-06-09 20:27:04',1),(379,11,'1.00','2010-04-12',1,'2010-04-12','1.00','2010-06-09 20:18:39',68,'2010-06-09 20:26:50',1),(380,175,'1.00','2010-04-12',1,'2010-04-22','1.00','2010-06-09 20:19:12',68,'2010-06-09 20:26:32',1),(381,79,'1.00','2010-04-12',1,'2010-04-12','1.00','2010-06-09 20:19:38',68,'2010-06-09 20:26:15',1),(390,240,'1.00','2010-04-12',1,'2010-04-12','1.00','2010-06-09 20:35:22',68,'2010-06-09 20:36:06',1),(383,75,'1.00','2010-04-12',1,'2010-05-18','1.00','2010-06-09 20:20:25',68,'2010-06-09 20:25:45',1),(384,34,'2.00','2010-04-12',1,'2010-04-12','2.00','2010-06-09 20:20:54',68,'2010-06-09 20:25:36',1),(385,15,'2.00','2010-04-12',1,'2010-04-12','2.00','2010-06-09 20:21:27',68,'2010-06-09 20:25:26',1),(386,21,'2.00','2010-04-12',1,'2010-04-12','2.00','2010-06-09 20:21:49',68,'2010-06-09 20:25:15',1),(391,164,'4.00','2010-04-12',1,'2010-04-12','4.00','2010-06-09 20:35:44',68,'2010-06-09 20:36:19',1),(388,160,'1.00','2010-04-12',1,'2010-04-12','1.00','2010-06-09 20:23:00',68,'2010-06-09 20:24:35',1),(389,9,'4.00','2010-04-12',1,'2010-04-12','4.00','2010-06-09 20:23:31',68,'2010-06-09 20:24:24',1),(392,64,'2.00','2010-04-13',1,'2010-04-13','2.00','2010-06-09 20:39:06',20,'2010-06-09 20:41:39',1),(393,39,'1.00','2010-04-13',1,'2010-04-13','1.00','2010-06-09 20:40:33',20,'2010-06-09 20:41:52',1),(394,61,'1.00','2010-04-14',1,'2010-04-14','1.00','2010-06-09 20:43:18',7,'2010-06-09 20:50:31',1),(395,9,'2.00','2010-04-14',1,'2010-04-14','2.00','2010-06-09 20:44:04',7,'2010-06-09 20:50:21',1),(396,79,'2.00','2010-04-14',1,'2010-04-14','2.00','2010-06-09 20:44:32',7,'2010-06-09 20:50:11',1),(397,11,'2.00','2010-04-14',1,'2010-04-14','2.00','2010-06-09 20:45:00',7,'2010-06-09 20:49:59',1),(398,164,'2.00','2010-04-14',1,'2010-04-14','2.00','2010-06-09 20:45:28',7,'2010-06-09 20:49:46',1),(399,175,'1.00','2010-04-14',1,'2010-04-22','1.00','2010-06-09 20:46:05',7,'2010-06-09 20:49:35',1),(400,59,'200.00','2010-04-14',1,'2010-04-14','200.00','2010-06-09 20:52:11',29,'2010-06-09 20:52:41',1),(401,167,'1.00','2010-04-15',1,'2010-04-22','1.00','2010-06-09 21:08:41',69,'2010-06-09 21:10:48',1),(402,160,'1.00','2010-04-15',1,'2010-04-15','1.00','2010-06-09 21:09:09',69,'2010-06-09 21:10:37',1),(403,15,'3.00','2010-04-15',1,'2010-04-15','3.00','2010-06-09 21:09:45',69,'2010-06-09 21:10:26',1),(404,65,'2.00','2010-04-15',1,'2010-04-15','2.00','2010-06-09 21:11:49',20,'2010-06-09 21:13:24',1),(405,21,'1.00','2010-04-15',1,'2010-04-15','1.00','2010-06-09 21:12:16',20,'2010-06-09 21:13:14',1),(406,160,'1.00','2010-04-15',1,'2010-04-15','1.00','2010-06-09 21:12:38',20,'2010-06-09 21:13:04',1),(407,76,'4.00','2010-04-16',1,'2010-04-16','4.00','2010-06-09 21:14:19',31,'2010-06-09 21:14:45',1),(408,65,'6.00','2010-04-16',1,'2010-04-16','6.00','2010-06-10 08:07:34',32,'2010-06-10 08:08:28',1),(409,86,'1.00','2010-04-16',1,'2010-04-16','1.00','2010-06-10 08:07:59',32,'2010-06-10 08:08:40',1),(410,86,'1.00','2010-04-16',1,'2010-04-16','1.00','2010-06-10 08:09:27',11,'2010-06-10 08:12:43',1),(411,186,'500.00','2010-04-19',1,'2010-04-19','500.00','2010-06-10 08:11:54',63,'2010-06-10 08:12:57',1),(412,107,'1.00','2010-04-19',1,'2010-04-19','1.00','2010-06-10 08:13:57',33,'2010-06-10 08:15:17',1),(413,175,'1.00','2010-04-19',1,'2010-04-22','1.00','2010-06-10 08:14:37',33,'2010-06-10 08:15:28',1),(414,61,'1.00','2010-04-19',1,'2010-04-19','1.00','2010-06-10 08:18:10',64,'2010-06-10 08:19:47',1),(415,9,'2.00','2010-04-19',1,'2010-04-19','2.00','2010-06-10 08:18:34',64,'2010-06-10 08:19:59',1),(416,45,'1.00','2010-04-20',1,'2010-04-20','1.00','2010-06-10 08:21:53',25,'2010-06-10 08:23:29',1),(417,21,'1.00','2010-04-20',1,'2010-04-20','1.00','2010-06-10 08:22:26',25,'2010-06-10 08:23:43',1),(418,65,'2.00','2010-04-20',1,'2010-04-20','2.00','2010-06-10 08:22:59',25,'2010-06-10 08:23:55',1),(419,65,'10.00','2010-06-05',1,'2010-06-05','10.00','2010-06-10 11:16:30',24,'2010-06-10 11:31:48',1),(420,213,'30.00','2010-06-05',1,'2010-06-05','30.00','2010-06-10 11:16:56',24,'2010-06-10 11:31:20',1),(421,39,'24.00','2010-06-05',1,'2010-06-05','24.00','2010-06-10 11:17:18',24,'2010-06-10 11:31:07',1),(422,38,'36.00','2010-06-05',1,'2010-06-05','36.00','2010-06-10 11:17:51',24,'2010-06-10 11:30:51',1),(423,105,'24.00','2010-06-05',1,'2010-06-05','24.00','2010-06-10 11:18:15',24,'2010-06-10 11:30:38',1),(424,148,'5.00','2010-06-05',1,'2010-06-05','5.00','2010-06-10 11:18:43',24,'2010-06-10 11:30:24',1),(425,70,'12.00','2010-06-05',1,'2010-06-05','12.00','2010-06-10 11:19:12',24,'2010-06-10 11:30:13',1),(426,150,'20.00','2010-06-05',1,'2010-06-05','20.00','2010-06-10 11:19:47',24,'2010-06-10 11:29:59',1),(427,243,'36.00','2010-06-05',1,'2010-06-05','36.00','2010-06-10 11:20:16',24,'2010-06-10 11:29:47',1),(428,66,'100.00','2010-06-05',1,'2010-06-05','100.00','2010-06-10 11:20:45',24,'2010-06-10 11:29:33',1),(429,244,'12.00','2010-06-05',1,'2010-06-05','12.00','2010-06-10 11:21:15',24,'2010-06-10 11:29:21',1),(430,156,'12.00','2010-06-05',1,'2010-06-05','12.00','2010-06-10 11:21:49',24,'2010-06-10 11:29:05',1),(431,34,'20.00','2010-06-05',1,'2010-06-14','20.00','2010-06-10 11:22:24',24,'2010-06-10 11:28:51',1),(432,107,'12.00','2010-06-05',1,'2010-06-14','12.00','2010-06-10 11:22:49',24,'2010-06-10 11:28:39',1),(433,47,'12.00','2010-06-05',1,'2010-06-05','12.00','2010-06-10 11:23:16',24,'2010-06-10 11:28:25',1),(434,159,'12.00','2010-06-05',1,'2010-06-05','12.00','2010-06-10 11:23:47',24,'2010-06-10 11:28:11',1),(435,160,'12.00','2010-06-05',1,'2010-06-14','12.00','2010-06-10 11:24:14',24,'2010-06-10 11:27:59',1),(436,21,'24.00','2010-06-05',1,'2010-06-14','24.00','2010-06-10 11:24:39',24,'2010-06-10 11:27:49',1),(437,76,'5.00','2010-06-05',1,'2010-06-05','5.00','2010-06-10 11:25:07',24,'2010-06-10 11:27:36',1),(438,163,'10.00','2010-06-05',1,'2010-06-05','10.00','2010-06-10 11:25:54',24,'2010-06-10 11:27:22',1),(439,164,'24.00','2010-06-05',1,'2010-06-05','24.00','2010-06-10 11:26:27',24,'2010-06-10 11:27:12',1),(440,166,'10.00','2010-04-20',1,'2010-04-20','10.00','2010-06-10 11:41:11',34,'2010-06-10 11:43:16',1),(441,233,'5.00','2010-04-20',1,'2010-06-03','5.00','2010-06-10 11:42:20',34,'2010-06-10 11:42:53',1),(442,21,'2.00','2010-04-20',1,'2010-04-20','2.00','2010-06-10 11:47:26',14,'2010-06-10 11:51:52',1),(443,107,'2.00','2010-04-20',1,'2010-04-20','2.00','2010-06-10 11:47:50',14,'2010-06-10 11:51:38',1),(444,14,'1.00','2010-04-20',1,'2010-04-20','1.00','2010-06-10 11:48:19',14,'2010-06-10 11:50:38',1),(445,15,'1.00','2010-04-20',1,'2010-04-20','1.00','2010-06-10 11:48:49',14,'2010-06-10 11:50:10',1),(446,9,'2.00','2010-04-20',1,'2010-04-19','2.00','2010-06-10 11:49:21',14,'2010-06-10 11:49:51',1),(447,65,'5.00','2010-04-20',1,'2010-04-27','5.00','2010-06-10 11:54:40',21,'2010-06-10 11:58:33',1),(448,64,'4.00','2010-04-20',1,'2010-04-27','4.00','2010-06-10 11:55:16',21,'2010-06-10 11:58:22',1),(449,65,'2.00','2010-04-20',1,'2010-04-27','2.00','2010-06-10 11:56:03',29,'2010-06-10 11:58:09',1),(450,76,'4.00','2010-04-20',1,'2010-04-20','4.00','2010-06-10 11:56:46',31,'2010-06-10 11:57:56',1),(451,21,'1.00','2010-04-20',1,'2010-04-20','1.00','2010-06-10 11:57:09',31,'2010-06-10 11:57:38',1),(452,240,'15.00','2010-04-14',1,'2010-04-14','15.00','2010-06-10 12:12:28',14,'2010-06-10 12:15:00',1),(453,240,'5.00','2010-04-15',1,'2010-04-15','5.00','2010-06-10 12:13:18',20,'2010-06-10 12:15:18',1),(454,251,'1500.00','2010-04-19',1,'2010-04-19','1500.00','2010-06-10 12:14:28',63,'2010-06-10 12:15:48',1),(455,250,'100.00','2010-04-19',1,'2010-04-19','100.00','2010-06-10 12:25:43',60,'2010-06-10 12:26:12',1),(456,245,'2000.00','2010-04-20',1,'2010-04-20','2000.00','2010-06-10 14:02:24',14,'2010-06-10 14:12:09',1),(457,119,'1000.00','2010-04-20',1,'2010-04-20','1000.00','2010-06-10 14:04:06',14,'2010-06-10 14:13:25',1),(458,246,'2.00','2010-04-20',1,'2010-04-20','2.00','2010-06-10 14:04:37',14,'2010-06-10 14:13:39',1),(459,173,'1.00','2010-04-20',1,'2010-04-22','1.00','2010-06-10 14:05:28',14,'2010-06-10 14:13:53',1),(460,172,'1.00','2010-04-20',1,'2010-04-22','1.00','2010-06-10 14:05:51',14,'2010-06-10 14:14:08',1),(461,171,'1.00','2010-04-20',1,'2010-04-22','1.00','2010-06-10 14:06:18',14,'2010-06-10 14:14:21',1),(462,170,'1.00','2010-04-20',1,'2010-04-22','1.00','2010-06-10 14:06:40',14,'2010-06-10 14:14:35',1),(463,189,'2.00','2010-04-20',1,'2010-04-20','2.00','2010-06-10 14:07:10',14,'2010-06-10 14:14:48',1),(464,166,'15.00','2010-04-20',1,'2010-04-20','15.00','2010-06-10 14:07:39',14,'2010-06-10 14:15:08',1),(465,192,'50.00','2010-04-20',1,'2010-04-20','50.00','2010-06-10 14:08:09',14,'2010-06-10 14:15:20',1),(466,247,'5.00','2010-04-20',1,'2010-04-20','5.00','2010-06-10 14:08:27',14,'2010-06-10 14:15:33',1),(467,248,'2.00','2010-04-20',1,'2010-04-20','2.00','2010-06-10 14:10:17',14,'2010-06-10 14:13:02',1),(468,249,'10.00','2010-04-20',1,'2010-04-20','10.00','2010-06-10 14:10:40',14,'2010-06-10 14:12:51',1),(469,167,'5.00','2010-04-20',1,'2010-04-22','5.00','2010-06-10 14:11:07',14,'2010-06-10 14:12:40',1),(470,230,'2.00','2010-04-19',1,'2010-05-24','2.00','2010-06-10 14:11:38',14,'2010-06-10 14:12:26',1),(471,252,'2.00','2010-04-20',1,'2010-04-20','2.00','2010-06-10 14:24:20',14,'2010-06-10 14:25:08',1),(472,253,'5.00','2010-04-20',1,'2010-04-20','5.00','2010-06-10 14:24:43',14,'2010-06-10 14:25:21',1),(473,64,'1.00','2010-02-18',1,'2010-02-18','1.00','2010-06-10 14:48:30',13,'2010-06-10 14:49:03',1),(474,52,'240.00','2010-03-31',1,'2010-03-31','240.00','2010-06-10 14:52:31',66,'2010-06-10 14:52:58',1),(475,108,'1.00','2010-04-01',1,'2010-04-01','1.00','2010-06-10 14:55:43',5,'2010-06-10 14:56:08',1),(476,256,'1.00','2010-04-14',1,'2010-04-14','1.00','2010-06-10 15:00:48',7,'2010-06-10 15:01:52',1),(477,238,'1.00','2010-04-14',1,'2010-04-14','1.00','2010-06-10 15:01:13',7,'2010-06-10 15:01:40',1),(478,64,'9.00','2010-04-14',1,'2010-04-14','9.00','2010-06-10 15:06:50',14,'2010-06-10 15:30:43',1),(479,173,'1.00','2010-04-14',1,'2010-06-03','1.00','2010-06-10 15:07:16',14,'2010-06-10 15:30:28',1),(480,172,'1.00','2010-04-14',1,'2010-06-03','1.00','2010-06-10 15:07:37',14,'2010-06-10 15:30:12',1),(481,171,'1.00','2010-04-14',1,'2010-05-06','1.00','2010-06-10 15:07:59',14,'2010-06-10 15:29:58',1),(482,170,'1.00','2010-04-14',1,'2010-06-03','1.00','2010-06-10 15:08:22',14,'2010-06-10 15:29:46',1),(483,257,'1.00','2010-04-14',1,'2010-12-31','1.00','2010-06-10 15:14:18',14,'2010-06-10 15:29:33',1),(484,247,'5.00','2010-04-14',1,'2010-04-14','5.00','2010-06-10 15:14:42',14,'2010-06-10 15:28:59',1),(491,252,'2.00','2010-04-14',1,'2010-04-14','2.00','2010-06-10 15:35:50',14,'2010-06-10 15:36:48',1),(486,189,'2.00','2010-04-14',1,'2010-04-14','2.00','2010-06-10 15:15:51',14,'2010-06-10 15:28:28',1),(487,166,'5.00','2010-04-14',1,'2010-04-14','5.00','2010-06-10 15:17:34',14,'2010-06-10 15:28:13',1),(488,167,'2.00','2010-04-14',1,'2010-04-22','2.00','2010-06-10 15:18:02',14,'2010-06-10 15:22:19',1),(489,192,'10.00','2010-04-14',1,'2010-04-14','10.00','2010-06-10 15:18:38',14,'2010-06-10 15:22:07',1),(493,258,'1.00','2010-04-14',1,'2010-04-14','1.00','2010-06-10 15:39:31',14,'2010-06-10 15:39:57',1),(494,173,'1.00','2010-04-20',1,'2010-06-03','1.00','2010-06-10 16:47:17',63,'2010-06-10 17:03:23',1),(495,172,'1.00','2010-04-20',1,'2010-06-29','1.00','2010-06-10 16:47:37',63,'2010-06-10 17:03:12',1),(496,171,'1.00','2010-04-20',1,'2010-05-06','1.00','2010-06-10 16:48:03',63,'2010-06-10 17:03:01',1),(497,170,'1.00','2010-04-20',1,'2010-05-06','1.00','2010-06-10 16:48:40',63,'2010-06-10 17:00:15',1),(498,166,'15.00','2010-04-20',1,'2010-04-20','15.00','2010-06-10 16:49:40',63,'2010-06-10 17:00:04',1),(499,192,'10.00','2010-04-20',1,'2010-04-20','10.00','2010-06-10 16:51:16',63,'2010-06-10 16:58:57',1),(500,189,'3.00','2010-04-20',1,'2010-04-20','3.00','2010-06-10 16:56:06',63,'2010-06-10 16:58:47',1),(501,230,'1.00','2010-04-20',1,'2010-05-24','1.00','2010-06-10 16:56:39',63,'2010-06-10 17:05:14',1),(502,186,'250.00','2010-04-20',1,'2010-04-20','250.00','2010-06-10 16:57:05',63,'2010-06-10 16:58:16',1),(503,70,'1.00','2010-04-20',1,'2010-04-20','1.00','2010-06-10 16:57:27',63,'2010-06-10 16:58:05',1),(504,164,'2.00','2010-04-21',1,'2010-04-22','2.00','2010-06-10 17:08:20',35,'2010-06-10 17:12:11',1),(505,65,'2.00','2010-04-21',1,'2010-04-27','2.00','2010-06-10 17:09:09',7,'2010-06-10 17:11:59',1),(506,57,'450.00','2010-04-21',1,'2010-04-22','450.00','2010-06-10 17:09:34',7,'2010-06-10 17:11:48',1),(507,65,'2.00','2010-04-22',1,'2010-04-27','2.00','2010-06-10 17:10:31',21,'2010-06-10 17:11:39',1),(508,105,'4.00','2010-04-22',1,'2010-04-22','4.00','2010-06-10 17:11:02',21,'2010-06-10 17:11:27',1),(509,65,'2.00','2010-04-22',1,'2010-04-27','2.00','2010-06-14 08:30:28',17,'2010-06-14 08:33:17',1),(510,66,'20.00','2010-04-22',1,'2010-04-22','20.00','2010-06-14 08:30:51',17,'2010-06-14 08:33:07',1),(511,58,'100.00','2010-04-22',1,'2010-04-22','100.00','2010-06-14 08:31:11',17,'2010-06-14 08:32:55',1),(512,73,'2.00','2010-04-22',1,'2010-04-22','2.00','2010-06-14 08:31:32',17,'2010-06-14 08:32:44',1),(513,70,'12.00','2010-04-22',1,'2010-04-22','12.00','2010-06-14 08:32:01',17,'2010-06-14 08:32:28',1),(514,47,'1.00','2010-04-22',1,'2010-04-22','1.00','2010-06-14 08:34:13',19,'2010-06-14 10:17:55',1),(515,73,'1.00','2010-04-22',1,'2010-04-22','1.00','2010-06-14 08:34:36',19,'2010-06-14 10:18:11',1),(516,67,'100.00','2010-04-22',1,'2010-04-22','100.00','2010-06-14 10:22:00',6,'2010-06-14 10:23:30',1),(517,178,'3000.00','2010-04-22',1,'2010-04-22','3000.00','2010-06-14 10:22:44',6,'2010-06-14 10:23:17',1),(518,86,'1.00','2010-04-23',1,'2010-04-23','1.00','2010-06-14 10:24:54',22,'2010-06-14 10:28:09',1),(519,65,'2.00','2010-04-23',1,'2010-04-27','2.00','2010-06-14 10:25:59',28,'2010-06-14 10:27:56',1),(520,64,'2.00','2010-04-23',1,'2010-04-27','2.00','2010-06-14 10:26:28',28,'2010-06-14 10:27:43',1),(521,20,'1.00','2010-04-23',1,'2010-04-23','1.00','2010-06-14 10:30:36',27,'2010-06-14 10:34:37',1),(522,16,'2.00','2010-04-23',1,'2010-04-23','2.00','2010-06-14 10:31:24',27,'2010-06-14 12:22:22',1),(523,49,'2.00','2010-04-23',1,'2010-04-23','2.00','2010-06-14 10:31:57',27,'2010-06-14 10:33:56',1),(524,167,'1.00','2010-04-23',1,'2010-04-23','1.00','2010-06-14 10:32:23',27,'2010-06-14 10:33:43',1),(525,240,'5.00','2010-04-23',1,'2010-04-23','5.00','2010-06-14 10:32:46',27,'2010-06-14 10:33:28',1),(526,259,'100.00','2010-04-23',1,'2010-04-23','100.00','2010-06-14 18:40:06',28,'2010-06-14 18:40:35',1),(527,119,'1500.00','2010-04-24',1,'2010-04-28','1500.00','2010-06-14 19:18:04',63,'2010-06-14 19:21:53',1),(528,181,'100.00','2010-04-24',1,'2010-04-30','100.00','2010-06-14 19:18:29',63,'2010-06-14 19:23:18',1),(529,178,'50.00','2010-04-24',1,'2010-04-24','50.00','2010-06-14 19:19:03',63,'2010-06-14 19:23:08',1),(530,65,'2.00','2010-04-26',1,'2010-04-27','2.00','2010-06-14 19:20:05',6,'2010-06-14 19:21:14',1),(531,14,'1.00','2010-04-26',1,'2010-04-26','1.00','2010-06-14 19:20:34',6,'2010-06-14 19:21:00',1),(532,175,'1.00','2010-04-26',1,'2010-04-26','1.00','2010-06-14 19:59:22',34,'2010-06-14 20:02:51',1),(533,79,'1.00','2010-04-26',1,'2010-04-26','1.00','2010-06-14 19:59:50',34,'2010-06-14 20:02:40',1),(534,43,'2.00','2010-04-26',1,'2010-06-14','2.00','2010-06-14 20:00:45',34,'2010-06-14 20:02:26',1),(535,167,'1.00','2010-04-26',1,'2010-05-05','1.00','2010-06-14 20:01:10',34,'2010-06-14 20:02:12',1),(536,21,'1.00','2010-04-26',1,'2010-04-26','1.00','2010-06-14 20:01:29',34,'2010-06-14 20:01:59',1),(537,253,'40.00','2010-04-26',1,'2010-04-26','40.00','2010-06-14 20:08:30',36,'2010-06-14 20:12:52',1),(538,177,'20.00','2010-04-26',1,'2010-04-26','20.00','2010-06-14 20:09:12',36,'2010-06-14 20:12:42',1),(539,152,'50.00','2010-04-26',1,'2010-04-26','50.00','2010-06-14 20:09:47',36,'2010-06-14 20:12:26',1),(540,65,'2.00','2010-04-26',1,'2010-04-27','2.00','2010-06-14 20:16:12',70,'2010-06-14 20:31:35',1),(541,200,'250.00','2010-04-26',1,'2010-04-26','250.00','2010-06-14 20:16:55',70,'2010-06-14 20:31:23',1),(542,168,'250.00','2010-04-26',1,'2010-04-26','250.00','2010-06-14 20:17:16',70,'2010-06-14 20:31:10',1),(543,169,'250.00','2010-04-26',1,'2010-04-26','250.00','2010-06-14 20:17:42',70,'2010-06-14 20:30:56',1),(544,199,'1000.00','2010-04-26',1,'2010-04-26','1000.00','2010-06-14 20:18:11',70,'2010-06-14 20:30:41',1),(545,147,'500.00','2010-04-26',1,'2010-06-03','500.00','2010-06-14 20:19:00',70,'2010-06-14 20:30:25',1),(546,160,'10.00','2010-04-26',1,'2010-04-26','10.00','2010-06-14 20:20:14',70,'2010-06-14 20:30:11',1),(547,167,'10.00','2010-04-26',1,'2010-06-22','10.00','2010-06-14 20:20:48',70,'2010-06-14 20:29:58',1),(548,176,'10.00','2010-04-26',1,'2010-04-26','10.00','2010-06-14 20:21:19',70,'2010-06-14 20:29:45',1),(549,38,'5.00','2010-04-26',1,'2010-04-26','5.00','2010-06-14 20:22:11',70,'2010-06-14 20:29:30',1),(550,105,'10.00','2010-04-26',1,'2010-04-26','10.00','2010-06-14 20:22:36',70,'2010-06-14 20:29:18',1),(551,9,'2.00','2010-04-26',1,'2010-04-26','2.00','2010-06-14 20:23:32',70,'2010-06-14 20:29:07',1),(557,163,'4.00','2010-04-26',1,'2010-04-26','4.00','2010-06-14 20:33:05',70,'2010-06-14 20:33:34',1),(553,31,'1.00','2010-04-26',1,'2010-04-26','1.00','2010-06-14 20:24:35',70,'2010-06-14 20:28:25',1),(554,256,'1.00','2010-04-26',1,'2010-04-26','1.00','2010-06-14 20:25:03',70,'2010-06-14 20:28:13',1),(555,20,'1.00','2010-04-26',1,'2010-04-26','1.00','2010-06-14 20:25:38',70,'2010-06-14 20:27:57',1),(556,15,'1.00','2010-04-26',1,'2010-04-26','1.00','2010-06-14 20:26:48',70,'2010-06-14 20:27:45',1),(558,33,'5.00','2010-04-26',1,'2010-04-26','5.00','2010-06-14 20:40:11',70,'2010-06-14 20:41:08',1),(559,196,'3.00','2010-04-27',1,'2010-04-27','3.00','2010-06-14 20:42:32',66,'2010-06-14 20:43:02',1),(560,64,'3.00','2010-02-01',1,'2010-02-01','3.00','2010-06-14 20:48:45',29,'2010-06-14 21:07:26',1),(561,65,'5.00','2010-02-01',1,'2010-02-01','5.00','2010-06-14 20:49:21',29,'2010-06-14 21:07:13',1),(562,66,'100.00','2010-02-01',1,'2010-02-01','100.00','2010-06-14 20:50:07',29,'2010-06-14 21:06:58',1),(563,167,'4.00','2010-02-01',1,'2010-05-05','4.00','2010-06-14 20:50:36',29,'2010-06-14 21:06:48',1),(578,79,'2.00','2010-02-01',1,'2010-02-01','2.00','2010-06-14 21:08:48',29,'2010-06-14 21:09:31',1),(565,37,'12.00','2010-02-01',1,'2010-02-01','12.00','2010-06-14 20:51:35',29,'2010-06-14 21:05:17',1),(566,9,'10.00','2010-02-01',1,'2010-02-01','10.00','2010-06-14 20:52:02',29,'2010-06-14 21:05:08',1),(567,46,'2.00','2010-02-01',1,'2010-02-01','2.00','2010-06-14 20:52:30',29,'2010-06-14 21:04:57',1),(568,61,'1.00','2010-02-01',1,'2010-02-01','1.00','2010-06-14 20:53:46',29,'2010-06-14 21:04:47',1),(569,26,'3.00','2010-02-01',1,'2010-02-01','3.00','2010-06-14 20:55:00',29,'2010-06-14 21:04:36',1),(570,58,'100.00','2010-02-01',1,'2010-02-01','100.00','2010-06-14 20:55:19',29,'2010-06-14 21:04:26',1),(571,69,'1.00','2010-02-01',1,'2010-02-01','1.00','2010-06-14 20:56:20',29,'2010-06-14 21:04:14',1),(572,15,'2.00','2010-02-01',1,'2010-02-01','2.00','2010-06-14 20:56:54',29,'2010-06-14 21:04:01',1),(573,16,'2.00','2010-02-01',1,'2010-02-01','2.00','2010-06-14 20:57:20',29,'2010-06-14 21:03:52',1),(574,67,'100.00','2010-02-01',1,'2010-02-01','100.00','2010-06-14 20:57:37',29,'2010-06-14 21:03:42',1),(575,34,'3.00','2010-02-01',1,'2010-03-29','3.00','2010-06-14 20:57:57',29,'2010-06-14 21:03:29',1),(576,47,'5.00','2010-02-01',1,'2010-02-01','5.00','2010-06-14 20:58:24',29,'2010-06-14 21:03:16',1),(577,260,'2.00','2010-02-01',1,'2010-02-01','2.00','2010-06-14 21:02:25',29,'2010-06-14 21:02:50',1),(579,65,'2.00','2010-02-01',1,'2010-02-01','2.00','2010-06-14 21:11:16',37,'2010-06-14 21:16:57',1),(580,64,'2.00','2010-02-01',1,'2010-02-01','2.00','2010-06-14 21:11:38',37,'2010-06-14 21:16:46',1),(581,66,'20.00','2010-02-01',1,'2010-02-01','20.00','2010-06-14 21:12:01',37,'2010-06-14 21:16:37',1),(582,69,'2.00','2010-02-01',1,'2010-02-01','2.00','2010-06-14 21:12:36',37,'2010-06-14 21:16:29',1),(583,164,'3.00','2010-02-01',1,'2010-03-31','3.00','2010-06-14 21:13:19',37,'2010-06-14 21:16:21',1),(584,159,'10.00','2010-02-01',1,'2010-03-29','10.00','2010-06-14 21:14:18',37,'2010-06-14 21:16:12',1),(585,14,'2.00','2010-02-01',1,'2010-02-01','2.00','2010-06-14 21:14:43',37,'2010-06-14 21:16:04',1),(586,75,'1.00','2010-02-01',1,'2010-02-25','1.00','2010-06-14 21:18:12',23,'2010-06-14 21:25:12',1),(587,107,'2.00','2010-02-01',1,'2010-02-01','2.00','2010-06-14 21:20:02',37,'2010-06-14 21:25:03',1),(588,22,'2.00','2010-02-01',1,'2010-02-01','2.00','2010-06-14 21:20:24',37,'2010-06-14 21:24:54',1),(589,14,'2.00','2010-02-01',1,'2010-03-29','2.00','2010-06-14 21:20:53',37,'2010-06-14 21:24:42',1),(590,196,'6.00','2010-02-01',1,'2010-05-14','6.00','2010-06-14 21:21:16',37,'2010-06-14 21:24:33',1),(591,70,'3.00','2010-02-01',1,'2010-02-01','3.00','2010-06-14 21:21:34',37,'2010-06-14 21:24:23',1),(592,9,'3.00','2010-02-01',1,'2010-02-01','3.00','2010-06-14 21:22:05',37,'2010-06-14 21:24:14',1),(593,59,'100.00','2010-02-01',1,'2010-02-01','100.00','2010-06-14 21:22:39',37,'2010-06-14 21:24:01',1),(594,61,'4.00','2010-02-01',1,'2010-02-01','4.00','2010-06-14 21:26:46',5,'2010-06-14 21:31:10',1),(595,164,'12.00','2010-02-01',1,'2010-03-31','12.00','2010-06-14 21:27:10',5,'2010-06-14 21:31:02',1),(596,59,'100.00','2010-02-01',1,'2010-02-01','100.00','2010-06-14 21:27:31',5,'2010-06-14 21:30:53',1),(597,66,'25.00','2010-02-01',1,'2010-02-01','25.00','2010-06-14 21:27:54',5,'2010-06-14 21:30:44',1),(598,65,'1.00','2010-02-01',1,'2010-02-01','1.00','2010-06-14 21:28:19',5,'2010-06-14 21:30:35',1),(599,21,'1.00','2010-02-01',1,'2010-02-01','1.00','2010-06-14 21:28:37',5,'2010-06-14 21:30:25',1),(600,9,'4.00','2010-02-01',1,'2010-02-01','4.00','2010-06-14 21:28:55',5,'2010-06-14 21:30:15',1),(601,109,'50.00','2010-02-02',1,'2010-02-02','50.00','2010-06-14 21:48:40',7,'2010-06-14 21:50:34',1),(602,261,'30.00','2010-02-02',1,'2010-12-31','30.00','2010-06-14 21:49:05',7,'2010-06-14 21:50:43',1),(603,65,'2.00','2010-02-02',1,'2010-02-23','2.00','2010-06-14 21:49:42',17,'2010-06-14 21:51:06',1),(604,66,'20.00','2010-02-02',1,'2010-02-02','20.00','2010-06-14 21:50:07',17,'2010-06-14 21:51:16',1),(605,86,'1.00','2010-02-02',1,'2010-02-02','1.00','2010-06-14 21:52:55',18,'2010-06-14 21:53:22',1),(606,186,'250.00','2010-01-06',1,'2010-04-15','250.00','2010-06-14 21:55:40',8,'2010-06-14 21:56:13',1),(607,76,'4.00','2010-02-06',1,'2010-02-06','4.00','2010-06-14 21:57:48',19,'2010-06-14 21:59:02',1),(608,64,'1.00','2010-02-10',1,'2010-02-10','1.00','2010-06-14 21:59:58',26,'2010-06-14 22:08:07',1),(609,65,'2.00','2010-02-10',1,'2010-02-23','2.00','2010-06-14 22:00:32',26,'2010-06-14 22:07:57',1),(610,63,'1.00','2010-02-10',1,'2010-02-10','1.00','2010-06-14 22:03:04',26,'2010-06-14 22:07:45',1),(611,30,'1.00','2010-02-10',1,'2010-02-10','1.00','2010-06-14 22:03:49',26,'2010-06-14 22:07:33',1),(612,66,'10.00','2010-02-10',1,'2010-02-10','10.00','2010-06-14 22:04:28',26,'2010-06-14 22:07:16',1),(613,11,'1.00','2010-02-10',1,'2010-02-10','1.00','2010-06-14 22:04:49',26,'2010-06-14 22:06:54',1),(614,70,'4.00','2010-02-10',1,'2010-02-10','4.00','2010-06-14 22:05:14',26,'2010-06-14 22:06:44',1),(615,107,'1.00','2010-02-10',1,'2010-02-10','1.00','2010-06-14 22:05:35',26,'2010-06-14 22:06:29',1),(616,38,'12.00','2010-02-10',1,'2010-02-10','12.00','2010-06-14 22:05:55',26,'2010-06-14 22:06:19',1),(617,65,'2.00','2010-02-11',1,'2010-02-01','2.00','2010-06-14 22:09:22',20,'2010-06-14 22:14:16',1),(618,64,'2.00','2010-02-11',1,'2010-02-01','2.00','2010-06-14 22:09:42',20,'2010-06-14 22:14:05',1),(619,196,'12.00','2010-02-01',1,'2010-05-14','12.00','2010-06-14 22:10:27',38,'2010-06-14 22:13:55',1),(620,79,'1.00','2010-02-01',1,'2010-02-01','1.00','2010-06-14 22:11:02',38,'2010-06-14 22:13:45',1),(621,21,'1.00','2010-02-01',1,'2010-02-01','1.00','2010-06-14 22:11:20',38,'2010-06-14 22:13:36',1),(622,43,'2.00','2010-02-01',1,'2010-02-01','2.00','2010-06-14 22:11:57',38,'2010-06-14 22:13:28',1),(623,65,'2.00','2010-02-01',1,'2010-02-01','2.00','2010-06-14 22:12:23',38,'2010-06-14 22:13:18',1),(624,61,'1.00','2010-02-01',1,'2010-02-01','1.00','2010-06-14 22:12:47',38,'2010-06-14 22:13:09',1),(625,196,'12.00','2010-02-11',1,'2010-05-14','12.00','2010-06-14 22:27:21',63,'2010-06-14 22:32:37',1),(626,79,'1.00','2010-02-11',1,'2010-02-11','1.00','2010-06-14 22:27:49',63,'2010-06-14 22:32:26',1),(627,43,'2.00','2010-02-11',1,'2010-02-11','2.00','2010-06-14 22:28:28',63,'2010-06-14 22:32:16',1),(628,65,'2.00','2010-02-11',1,'2010-02-23','2.00','2010-06-14 22:28:55',63,'2010-06-14 22:32:00',1),(629,59,'100.00','2010-02-11',1,'2010-02-11','100.00','2010-06-14 22:29:22',63,'2010-06-14 22:31:31',1),(630,120,'250.00','2010-02-11',1,'2010-02-11','250.00','2010-06-14 22:30:31',63,'2010-06-14 22:31:18',1),(631,66,'20.00','2010-02-12',1,'2010-02-12','20.00','2010-06-14 22:33:54',14,'2010-06-14 22:38:28',1),(632,65,'5.00','2010-02-12',1,'2010-02-23','5.00','2010-06-14 22:34:25',14,'2010-06-14 22:38:12',1),(633,9,'2.00','2010-02-12',1,'2010-02-12','2.00','2010-06-14 22:34:48',14,'2010-06-14 22:38:02',1),(634,37,'5.00','2010-02-12',1,'2010-04-22','5.00','2010-06-14 22:35:13',14,'2010-06-14 22:37:51',1),(635,164,'5.00','2010-02-12',1,'2010-03-31','5.00','2010-06-14 22:35:38',14,'2010-06-14 22:40:25',1),(636,70,'12.00','2010-02-12',1,'2010-03-26','12.00','2010-06-14 22:36:04',14,'2010-06-14 22:37:16',1),(637,61,'1.00','2010-02-12',1,'2010-02-12','1.00','2010-06-14 22:36:29',14,'2010-06-14 22:36:55',1),(638,65,'3.00','2010-02-12',1,'2010-02-23','3.00','2010-06-14 22:42:06',5,'2010-06-14 22:46:44',1),(639,64,'1.00','2010-02-12',1,'2010-02-12','1.00','2010-06-14 22:42:41',5,'2010-06-14 22:46:34',1),(640,59,'100.00','2010-02-12',1,'2010-02-12','100.00','2010-06-14 22:43:09',5,'2010-06-14 22:47:36',1),(641,66,'50.00','2010-02-12',1,'2010-02-12','50.00','2010-06-14 22:43:44',5,'2010-06-14 22:46:01',1),(642,18,'1.00','2010-02-12',1,'2010-02-12','1.00','2010-06-14 22:44:20',5,'2010-06-14 22:45:50',1),(643,238,'1.00','2010-02-12',1,'2010-02-12','1.00','2010-06-14 22:44:52',5,'2010-06-14 22:45:35',1),(644,59,'20.00','2010-02-12',1,'2010-02-12','20.00','2010-06-14 22:48:28',28,'2010-06-14 22:56:24',1),(645,76,'2.00','2010-02-12',1,'2010-02-12','2.00','2010-06-14 22:49:24',67,'2010-06-14 22:52:51',1),(646,240,'2.00','2010-02-12',1,'2010-02-12','2.00','2010-06-14 22:49:51',67,'2010-06-14 22:52:40',1),(647,196,'6.00','2010-02-12',1,'2010-05-14','6.00','2010-06-14 22:50:13',67,'2010-06-14 22:52:30',1),(648,105,'1.00','2010-02-12',1,'2010-02-12','1.00','2010-06-14 22:50:38',67,'2010-06-14 22:52:21',1),(649,107,'1.00','2010-02-12',1,'2010-02-12','1.00','2010-06-14 22:51:03',67,'2010-06-14 22:52:12',1),(650,66,'10.00','2010-02-12',1,'2010-02-12','10.00','2010-06-14 22:51:31',67,'2010-06-14 22:52:02',1),(651,68,'500.00','2010-01-21',1,'2010-01-21','500.00','2010-06-14 22:58:33',14,'2010-06-14 22:59:00',1),(652,106,'1.00','2010-01-25',1,'2010-01-25','1.00','2010-06-14 23:00:27',39,'2010-06-14 23:00:53',1),(653,262,'1.00','2010-01-26',1,'2010-01-26','1.00','2010-06-14 23:29:21',69,'2010-06-14 23:34:07',1),(654,115,'3.00','2010-01-26',1,'2010-01-26','3.00','2010-06-14 23:29:51',69,'2010-06-14 23:33:56',1),(655,194,'3.00','2010-01-26',1,'2010-04-14','3.00','2010-06-14 23:30:28',69,'2010-06-14 23:33:45',1),(656,116,'50.00','2010-01-26',1,'2010-01-26','50.00','2010-06-14 23:31:22',69,'2010-06-14 23:33:33',1),(657,253,'1.00','2010-01-26',1,'2010-01-26','1.00','2010-06-14 23:32:14',69,'2010-06-14 23:33:21',1),(658,252,'1.00','2010-01-26',1,'2010-01-26','1.00','2010-06-14 23:32:44',69,'2010-06-14 23:33:10',1),(659,120,'5500.00','2010-01-26',1,'2010-01-26','5500.00','2010-06-15 09:46:34',62,'2010-06-15 09:47:52',1),(660,119,'1000.00','2010-01-26',1,'2010-01-26','1000.00','2010-06-15 09:47:28',62,'2010-06-15 09:48:03',1),(661,59,'20.00','2010-01-27',1,'2010-01-27','20.00','2010-06-15 09:56:17',29,'2010-06-15 09:57:26',1),(662,64,'2.00','2010-01-27',1,'2010-01-27','2.00','2010-06-15 09:56:38',29,'2010-06-15 09:57:36',1),(663,65,'2.00','2010-01-27',1,'2010-01-27','2.00','2010-06-15 09:56:56',29,'2010-06-15 09:57:46',1),(664,62,'3.00','2010-01-27',1,'2010-01-14','3.00','2010-06-15 10:11:03',6,'2010-06-15 10:19:56',1),(665,66,'50.00','2010-01-14',1,'2010-01-14','50.00','2010-06-15 10:11:41',37,'2010-06-15 10:20:10',1),(666,65,'3.00','2010-01-14',1,'2010-01-14','3.00','2010-06-15 10:12:03',37,'2010-06-15 10:20:20',1),(667,37,'4.00','2010-01-14',1,'2010-01-14','4.00','2010-06-15 10:12:28',37,'2010-06-15 10:20:29',1),(668,38,'2.00','2010-01-14',1,'2010-01-14','2.00','2010-06-15 10:12:51',37,'2010-06-15 10:20:38',1),(669,47,'1.00','2010-01-14',1,'2010-01-14','1.00','2010-06-15 10:13:17',37,'2010-06-15 10:20:47',1),(670,61,'1.00','2010-01-14',1,'2010-01-14','1.00','2010-06-15 10:13:43',37,'2010-06-15 10:19:39',1),(671,59,'100.00','2010-01-14',1,'2010-01-14','100.00','2010-06-15 10:14:01',37,'2010-06-15 10:19:29',1),(672,58,'100.00','2010-01-14',1,'2010-01-14','100.00','2010-06-15 10:14:18',37,'2010-06-15 10:15:08',1),(673,66,'31.00','2010-02-23',1,'2010-02-23','31.00','2010-06-15 10:21:47',22,'2010-06-15 10:22:43',1),(674,65,'3.00','2010-02-23',1,'2010-02-23','3.00','2010-06-15 10:22:10',22,'2010-06-15 10:22:33',1),(675,66,'50.00','2010-02-23',1,'2010-02-23','50.00','2010-06-15 10:31:15',40,'2010-06-15 10:41:35',1),(676,105,'5.00','2010-02-23',1,'2010-02-23','5.00','2010-06-15 10:31:40',40,'2010-06-15 10:41:18',1),(683,27,'5.00','2010-02-23',1,'2010-02-23','5.00','2010-06-15 10:43:35',40,'2010-06-15 10:44:07',1),(678,196,'5.00','2010-02-23',1,'2010-05-14','5.00','2010-06-15 10:32:30',40,'2010-06-15 10:40:45',1),(679,185,'5.00','2010-02-23',1,'2010-04-05','5.00','2010-06-15 10:32:54',40,'2010-06-15 10:40:32',1),(680,79,'5.00','2010-02-23',1,'2010-02-23','5.00','2010-06-15 10:33:19',40,'2010-06-15 10:40:17',1),(681,65,'2.00','2010-02-23',1,'2010-02-23','2.00','2010-06-15 10:33:39',40,'2010-06-15 10:40:06',1),(684,66,'12.00','2010-02-15',1,'2010-02-15','12.00','2010-06-15 10:45:08',33,'2010-06-15 10:51:05',1),(685,196,'12.00','2010-02-15',1,'2010-05-14','12.00','2010-06-15 10:45:31',33,'2010-06-15 10:51:15',1),(686,79,'3.00','2010-02-15',1,'2010-02-15','3.00','2010-06-15 10:46:26',33,'2010-06-15 10:50:56',1),(687,29,'1.00','2010-02-15',1,'2010-02-15','1.00','2010-06-15 10:47:15',33,'2010-06-15 10:50:46',1),(688,9,'1.00','2010-02-15',1,'2010-02-15','1.00','2010-06-15 10:47:37',33,'2010-06-15 10:50:36',1),(689,43,'1.00','2010-02-15',1,'2010-02-15','1.00','2010-06-15 10:48:25',33,'2010-06-15 10:50:27',1),(690,15,'2.00','2010-02-15',1,'2010-02-15','2.00','2010-06-15 10:48:48',33,'2010-06-15 10:50:20',1),(691,20,'1.00','2010-02-15',1,'2010-02-15','1.00','2010-06-15 10:49:13',33,'2010-06-15 10:50:11',1),(692,70,'3.00','2010-02-15',1,'2010-03-26','3.00','2010-06-15 10:49:34',33,'2010-06-15 10:50:01',1),(693,66,'50.00','2010-02-16',1,'2010-02-16','50.00','2010-06-15 12:33:19',67,'2010-06-15 12:40:59',1),(694,61,'1.00','2010-02-16',1,'2010-02-16','1.00','2010-06-15 12:33:40',67,'2010-06-15 12:40:48',1),(695,65,'1.00','2010-02-16',1,'2010-02-23','1.00','2010-06-15 12:34:04',67,'2010-06-15 12:40:34',1),(696,47,'1.00','2010-02-16',1,'2010-02-16','1.00','2010-06-15 12:34:25',67,'2010-06-15 12:40:19',1),(697,26,'2.00','2010-02-16',1,'2010-02-16','2.00','2010-06-15 12:35:10',67,'2010-06-15 12:40:05',1),(698,64,'5.00','2010-02-16',1,'2010-02-16','5.00','2010-06-15 12:36:00',41,'2010-06-15 12:39:45',1),(699,65,'4.00','2010-02-18',1,'2010-02-23','4.00','2010-06-15 12:36:44',22,'2010-06-15 12:39:32',1),(700,68,'200.00','2010-02-18',1,'2010-02-18','200.00','2010-06-15 12:37:15',22,'2010-06-15 12:39:19',1),(701,79,'2.00','2010-02-18',1,'2010-02-18','2.00','2010-06-15 12:37:39',22,'2010-06-15 12:39:07',1),(702,9,'2.00','2010-02-18',1,'2010-02-18','2.00','2010-06-15 12:38:02',22,'2010-06-15 12:38:56',1),(703,67,'100.00','2010-02-18',1,'2010-02-18','100.00','2010-06-15 12:38:20',22,'2010-06-15 12:38:45',1),(704,66,'20.00','2010-02-19',1,'2010-02-19','20.00','2010-06-15 12:42:08',42,'2010-06-15 12:45:32',1),(705,9,'3.00','2010-02-19',1,'2010-02-19','3.00','2010-06-15 12:42:30',42,'2010-06-15 12:45:20',1),(706,196,'6.00','2010-02-19',1,'2010-05-14','6.00','2010-06-15 12:42:51',42,'2010-06-15 12:45:08',1),(707,107,'1.00','2010-02-19',1,'2010-02-19','1.00','2010-06-15 12:43:14',42,'2010-06-15 12:44:56',1),(708,59,'10.00','2010-02-19',1,'2010-02-19','10.00','2010-06-15 12:43:34',42,'2010-06-15 12:44:43',1),(709,65,'2.00','2010-02-19',1,'2010-02-23','2.00','2010-06-15 12:43:58',42,'2010-06-15 12:44:29',1),(710,65,'2.00','2010-02-19',1,'2010-02-23','2.00','2010-06-15 12:46:55',37,'2010-06-15 12:53:11',1),(711,64,'2.00','2010-02-19',1,'2010-02-19','2.00','2010-06-15 12:47:17',37,'2010-06-15 12:52:56',1),(712,61,'1.00','2010-02-19',1,'2010-02-19','1.00','2010-06-15 12:47:50',37,'2010-06-15 12:52:40',1),(713,66,'20.00','2010-02-19',1,'2010-02-19','20.00','2010-06-15 12:48:38',37,'2010-06-15 12:52:28',1),(714,69,'2.00','2010-02-18',1,'2010-02-18','2.00','2010-06-15 12:49:01',37,'2010-06-15 12:52:15',1),(715,62,'3.00','2010-02-19',1,'2010-02-19','3.00','2010-06-15 12:50:04',37,'2010-06-15 12:51:58',1),(716,52,'10.00','2010-02-19',1,'2010-02-19','10.00','2010-06-15 12:50:29',37,'2010-06-15 12:54:36',1),(717,14,'2.00','2010-02-19',1,'2010-03-29','2.00','2010-06-15 12:50:50',37,'2010-06-15 12:51:24',1),(718,119,'2000.00','2010-02-22',1,'2010-04-15','2000.00','2010-06-15 12:56:56',14,'2010-06-15 12:58:52',1),(719,64,'6.00','2010-02-22',1,'2010-02-22','6.00','2010-06-15 12:57:39',64,'2010-06-15 12:58:40',1),(720,65,'2.00','2010-02-22',1,'2010-02-23','2.00','2010-06-15 12:58:05',64,'2010-06-15 12:58:29',1),(721,65,'1.00','2010-05-03',1,'2010-05-03','1.00','2010-06-15 13:01:03',37,'2010-06-15 13:14:39',1),(722,64,'1.00','2010-05-03',1,'2010-05-03','1.00','2010-06-15 13:01:25',37,'2010-06-15 13:14:27',1),(723,66,'12.00','2010-05-03',1,'2010-05-03','12.00','2010-06-15 13:08:01',37,'2010-06-15 13:14:15',1),(724,107,'1.00','2010-05-03',1,'2010-05-03','1.00','2010-06-15 13:10:52',37,'2010-06-15 13:14:04',1),(725,196,'3.00','2010-05-03',1,'2010-05-14','3.00','2010-06-15 13:11:18',37,'2010-06-15 13:13:51',1),(726,70,'4.00','2010-05-03',1,'2010-05-03','4.00','2010-06-15 13:11:39',37,'2010-06-15 13:13:40',1),(727,174,'2.00','2010-05-03',1,'2010-05-03','2.00','2010-06-15 13:12:19',37,'2010-06-15 13:13:28',1),(728,65,'3.00','2010-05-03',1,'2010-05-03','3.00','2010-06-15 13:15:30',21,'2010-06-15 13:37:34',1),(729,65,'2.00','2010-05-03',1,'2010-05-03','2.00','2010-06-15 13:16:20',62,'2010-06-15 13:37:08',1),(730,196,'2.00','2010-05-03',1,'2010-05-14','2.00','2010-06-15 13:16:36',62,'2010-06-15 13:36:53',1),(731,175,'1.00','2010-05-03',1,'2010-05-03','1.00','2010-06-15 13:17:04',62,'2010-06-15 13:36:23',1),(732,79,'1.00','2010-05-03',1,'2010-05-03','1.00','2010-06-15 13:17:23',62,'2010-06-15 13:37:21',1),(733,181,'5250.00','2010-05-03',1,'2010-05-03','5250.00','2010-06-15 13:18:31',38,'2010-06-15 13:35:56',1),(734,173,'1.00','2010-05-05',1,'2010-06-03','1.00','2010-06-15 13:23:40',38,'2010-06-15 13:45:36',1),(735,172,'1.00','2010-05-03',1,'2010-06-29','1.00','2010-06-15 13:24:10',38,'2010-06-15 13:45:23',1),(736,171,'1.00','2010-05-03',1,'2010-06-03','1.00','2010-06-15 13:24:49',38,'2010-06-15 13:34:56',1),(737,170,'1.00','2010-05-03',1,'2010-05-06','1.00','2010-06-15 13:25:15',38,'2010-06-15 13:34:44',1),(738,192,'10.00','2010-05-03',1,'2010-05-03','10.00','2010-06-15 13:28:56',38,'2010-06-15 13:45:06',1),(739,166,'10.00','2010-05-03',1,'2010-05-03','10.00','2010-06-15 13:29:23',38,'2010-06-15 13:34:05',1),(740,230,'1.00','2010-05-03',1,'2010-05-24','1.00','2010-06-15 13:29:50',38,'2010-06-15 13:33:54',1),(741,65,'2.00','2010-05-04',1,'2010-05-04','2.00','2010-06-15 13:30:55',44,'2010-06-15 13:33:37',1),(742,196,'5.00','2010-05-04',1,'2010-05-14','5.00','2010-06-15 13:55:10',45,'2010-06-15 13:58:45',1),(743,79,'2.00','2010-05-04',1,'2010-05-04','2.00','2010-06-15 13:55:40',45,'2010-06-15 13:58:35',1),(744,66,'15.00','2010-05-04',1,'2010-05-04','15.00','2010-06-15 13:56:11',45,'2010-06-15 13:58:24',1),(745,26,'2.00','2010-05-04',1,'2010-05-04','2.00','2010-06-15 13:56:49',45,'2010-06-15 13:57:49',1),(746,62,'4.00','2010-05-04',1,'2010-05-04','4.00','2010-06-15 14:11:55',20,'2010-06-15 14:39:56',1),(747,264,'5.00','2010-05-04',1,'2010-05-04','5.00','2010-06-15 14:16:51',20,'2010-06-15 14:38:05',1),(748,37,'3.00','2010-05-04',1,'2010-05-04','3.00','2010-06-15 14:17:16',20,'2010-06-15 14:37:52',1),(749,196,'2.00','2010-05-04',1,'2010-05-14','2.00','2010-06-15 14:18:47',20,'2010-06-15 14:37:39',1),(750,65,'2.00','2010-05-04',1,'2010-05-04','2.00','2010-06-15 14:20:18',20,'2010-06-15 14:37:26',1),(751,79,'3.00','2010-05-04',1,'2010-05-04','3.00','2010-06-15 14:22:03',20,'2010-06-15 14:37:13',1),(752,9,'3.00','2010-05-04',1,'2010-05-04','3.00','2010-06-15 14:25:46',20,'2010-06-15 14:36:57',1),(753,66,'15.00','2010-05-04',1,'2010-05-04','15.00','2010-06-15 14:27:58',20,'2010-06-15 14:36:44',1),(754,26,'2.00','2010-05-04',1,'2010-05-04','2.00','2010-06-15 14:32:04',20,'2010-06-15 14:36:30',1),(761,66,'20.00','2010-05-04',1,'2010-05-04','20.00','2010-06-15 18:24:40',20,'2010-06-15 18:29:45',1),(762,79,'2.00','2010-05-04',1,'2010-05-04','2.00','2010-06-15 18:25:00',20,'2010-06-15 18:29:01',1),(763,37,'2.00','2010-05-04',1,'2010-05-04','2.00','2010-06-15 18:25:25',20,'2010-06-15 18:28:50',1),(764,196,'3.00','2010-05-04',1,'2010-05-18','3.00','2010-06-15 18:25:45',20,'2010-06-15 18:28:26',1),(765,9,'3.00','2010-05-04',1,'2010-05-04','3.00','2010-06-15 18:26:15',20,'2010-06-15 18:28:38',1),(760,147,'50.00','2010-05-04',1,'2010-06-03','50.00','2010-06-15 18:21:24',60,'2010-06-15 18:23:02',1),(766,178,'60.00','2010-05-05',1,'2010-05-05','60.00','2010-06-15 18:32:22',63,'2010-06-15 18:32:45',1),(767,119,'1000.00','2010-05-05',1,'2010-05-05','1000.00','2010-06-15 18:33:52',62,'2010-06-15 18:35:17',1),(768,185,'5.00','2010-05-05',1,'2010-05-05','5.00','2010-06-15 18:34:22',62,'2010-06-15 18:37:40',1),(769,65,'4.00','2010-05-06',1,'2010-05-11','4.00','2010-06-15 18:38:55',46,'2010-06-15 18:42:53',1),(770,47,'1.00','2010-05-06',1,'2010-05-06','1.00','2010-06-15 18:39:19',46,'2010-06-15 18:42:42',1),(771,64,'3.00','2010-05-06',1,'2010-05-06','3.00','2010-06-15 18:39:50',46,'2010-06-15 18:42:32',1),(772,107,'1.00','2010-05-06',1,'2010-05-06','1.00','2010-06-15 18:40:10',46,'2010-06-15 18:42:22',1),(773,65,'4.00','2010-05-06',1,'2010-05-14','4.00','2010-06-15 18:41:00',21,'2010-06-15 18:42:11',1),(774,38,'1.00','2010-05-06',1,'2010-05-06','1.00','2010-06-15 18:41:25',21,'2010-06-15 18:41:59',1),(775,61,'1.00','2010-01-28',1,'2010-01-28','1.00','2010-06-15 18:44:45',20,'2010-06-15 18:46:50',1),(776,63,'1.00','2010-01-28',1,'2010-01-28','1.00','2010-06-15 18:45:57',20,'2010-06-15 18:46:39',1),(777,147,'150.00','2010-01-29',1,'2010-03-29','150.00','2010-06-15 18:54:11',20,'2010-06-15 18:58:00',1),(778,37,'6.00','2010-02-02',1,'2010-02-02','6.00','2010-06-15 18:55:47',48,'2010-06-15 19:03:20',1),(779,196,'6.00','2010-02-02',1,'2010-05-18','6.00','2010-06-15 18:56:06',48,'2010-06-15 19:03:10',1),(780,79,'20.00','2010-02-02',1,'2010-02-02','20.00','2010-06-15 18:56:33',48,'2010-06-15 19:05:13',1),(781,43,'2.00','2010-02-02',1,'2010-02-02','2.00','2010-06-15 18:56:52',48,'2010-06-15 19:02:48',1),(782,65,'2.00','2010-02-02',1,'2010-02-23','2.00','2010-06-15 18:57:13',48,'2010-06-15 19:02:31',1),(783,59,'100.00','2010-02-02',1,'2010-02-02','100.00','2010-06-15 18:57:29',48,'2010-06-15 19:02:22',1),(784,107,'2.00','2010-02-02',1,'2010-02-02','2.00','2010-06-16 08:13:38',37,'2010-06-16 08:16:16',1),(785,22,'2.00','2010-02-02',1,'2010-02-02','2.00','2010-06-16 08:14:05',37,'2010-06-16 08:16:07',1),(786,14,'2.00','2010-02-02',1,'2010-03-29','2.00','2010-06-16 08:14:31',37,'2010-06-16 08:15:58',1),(787,196,'6.00','2010-02-02',1,'2010-05-18','6.00','2010-06-16 08:14:57',37,'2010-06-16 08:15:50',1),(788,70,'3.00','2010-02-02',1,'2010-02-02','3.00','2010-06-16 08:15:17',37,'2010-06-16 08:15:42',1),(789,43,'2.00','2010-05-10',1,'2010-06-14','2.00','2010-06-16 08:21:05',13,'2010-06-16 08:29:09',1),(790,240,'5.00','2010-05-10',1,'2010-05-10','5.00','2010-06-16 08:21:39',13,'2010-06-16 08:29:00',1),(791,79,'2.00','2010-05-10',1,'2010-05-10','2.00','2010-06-16 08:22:03',13,'2010-06-16 08:28:50',1),(792,11,'2.00','2010-05-10',1,'2010-05-10','2.00','2010-06-16 08:22:27',13,'2010-06-16 08:28:42',1),(793,31,'1.00','2010-05-10',1,'2010-05-10','1.00','2010-06-16 08:22:54',13,'2010-06-16 08:28:32',1),(794,175,'1.00','2010-05-10',1,'2010-05-10','1.00','2010-06-16 08:23:19',13,'2010-06-16 08:28:17',1),(795,256,'1.00','2010-05-10',1,'2010-05-10','1.00','2010-06-16 08:23:40',13,'2010-06-16 08:28:07',1),(796,65,'2.00','2010-05-10',1,'2010-05-14','2.00','2010-06-16 08:24:06',13,'2010-06-16 08:27:55',1),(797,64,'1.00','2010-05-10',1,'2010-05-10','1.00','2010-06-16 08:24:32',13,'2010-06-16 08:27:46',1),(798,48,'2.00','2010-05-10',1,'2010-05-10','2.00','2010-06-16 08:24:58',13,'2010-06-16 08:27:36',1),(799,38,'3.00','2010-05-10',1,'2010-05-10','3.00','2010-06-16 08:25:17',13,'2010-06-16 08:27:27',1),(800,105,'30.00','2010-05-10',1,'2010-05-10','30.00','2010-06-16 08:25:45',13,'2010-06-16 08:27:17',1),(801,164,'3.00','2010-05-10',1,'2010-05-10','3.00','2010-06-16 08:26:13',13,'2010-06-16 08:26:40',1),(802,62,'7.00','2010-05-11',1,'2010-05-11','7.00','2010-06-16 08:31:10',5,'2010-06-16 08:34:26',1),(803,61,'1.00','2010-05-11',1,'2010-05-11','1.00','2010-06-16 08:31:41',5,'2010-06-16 08:34:17',1),(804,67,'200.00','2010-05-11',1,'2010-05-11','200.00','2010-06-16 08:31:55',5,'2010-06-16 08:34:08',1),(805,65,'1.00','2010-05-11',1,'2010-05-14','1.00','2010-06-16 08:32:16',5,'2010-06-16 08:34:00',1),(806,196,'4.00','2010-05-11',1,'2010-05-18','4.00','2010-06-16 08:32:35',5,'2010-06-16 08:33:50',1),(807,79,'2.00','2010-05-11',1,'2010-05-11','2.00','2010-06-16 08:33:17',5,'2010-06-16 08:33:41',1),(808,210,'1.00','2010-05-11',1,'2010-05-11','1.00','2010-06-16 08:41:21',11,'2010-06-16 08:44:40',1),(809,65,'1.00','2010-05-11',1,'2010-05-11','1.00','2010-06-16 08:41:43',11,'2010-06-16 08:44:31',1),(810,160,'1.00','2010-05-11',1,'2010-05-11','1.00','2010-06-16 08:42:42',16,'2010-06-16 08:44:22',1),(811,107,'1.00','2010-05-11',1,'2010-05-11','1.00','2010-06-16 08:43:05',16,'2010-06-16 08:44:11',1),(813,17,'1.00','2010-05-11',1,'2010-05-11','1.00','2010-06-16 08:46:17',16,'2010-06-16 08:46:47',1),(814,201,'94.00','2010-05-05',1,'2010-05-05','94.00','2010-06-28 15:19:50',31,'2010-06-28 15:22:43',1),(815,202,'65.00','2010-05-05',1,'2010-05-05','65.00','2010-06-28 15:20:38',31,'2010-06-28 15:23:05',1),(816,203,'6.00','2010-05-05',1,'2010-05-05','6.00','2010-06-28 15:21:12',31,'2010-06-28 18:54:05',1),(817,206,'26.00','2010-05-05',1,'2010-05-05','26.00','2010-06-28 18:56:27',31,'2010-06-28 19:04:39',1),(818,207,'7.00','2010-05-05',1,'2010-05-05','7.00','2010-06-28 18:56:57',31,'2010-06-28 19:04:23',1),(819,204,'14.00','2010-05-05',1,'2010-05-05','14.00','2010-06-28 18:57:37',31,'2010-06-28 18:59:22',1),(820,263,'30.00','2010-05-05',1,'2010-05-05','30.00','2010-06-28 19:07:25',15,'2010-06-28 19:08:10',1),(821,263,'50.00','2010-05-05',1,'2010-05-05','50.00','2010-06-28 19:09:42',51,'2010-06-28 19:13:34',1),(822,196,'50.00','2010-05-05',1,'2010-05-18','50.00','2010-06-28 19:10:11',51,'2010-06-28 19:13:13',1),(823,213,'50.00','2010-05-05',1,'2010-05-18','50.00','2010-06-28 19:10:44',51,'2010-06-28 19:12:47',1),(824,75,'3.00','2010-05-05',1,'2010-06-03','3.00','2010-06-28 19:11:18',51,'2010-06-28 19:12:24',1),(825,64,'2.00','2010-05-05',1,'2010-05-05','2.00','2010-06-28 19:19:17',28,'2010-06-28 19:22:02',1),(826,65,'2.00','2010-05-05',1,'2010-05-14','3.00','2010-06-28 19:20:35',21,'2010-06-28 19:22:53',1),(827,61,'1.00','2010-05-05',1,'2010-05-19','1.00','2010-06-28 19:23:49',21,'2010-06-28 19:25:43',1),(828,65,'2.00','2010-05-18',1,'2010-05-18','2.00','2010-06-28 19:24:52',46,'2010-06-28 19:26:07',1),(829,65,'9.00','2010-05-19',1,'2010-05-19','9.00','2010-06-28 19:31:03',14,'2010-06-28 19:36:59',1),(830,166,'10.00','2010-05-19',1,'2010-05-20','10.00','2010-06-28 19:32:11',14,'2010-06-28 19:36:49',1),(831,178,'500.00','2010-05-19',1,'2010-05-19','500.00','2010-06-28 19:32:54',14,'2010-06-28 19:36:39',1),(832,81,'500.00','2010-05-19',1,'2010-05-19','500.00','2010-06-28 19:34:04',14,'2010-06-28 19:38:17',1),(833,49,'3.00','2010-05-19',1,'2010-06-11','3.00','2010-06-28 19:34:45',14,'2010-06-28 19:36:08',1),(834,64,'4.00','2010-05-19',1,'2010-06-11','4.00','2010-06-28 19:40:09',14,'2010-06-28 19:44:43',1),(835,75,'2.00','2010-05-19',1,'2010-06-03','2.00','2010-06-28 19:40:27',14,'2010-06-28 19:44:33',1),(836,200,'100.00','2010-05-19',1,'2010-05-19','100.00','2010-06-28 19:42:23',14,'2010-06-28 19:44:24',1),(837,218,'20.00','2010-05-19',1,'2010-05-24','20.00','2010-06-28 19:42:54',14,'2010-06-28 19:47:35',1),(838,263,'45.00','2010-05-20',1,'2010-05-20','45.00','2010-06-28 19:51:33',12,'2010-06-28 19:53:11',1),(839,196,'40.00','2010-05-20',1,'2010-05-20','40.00','2010-06-28 19:51:59',12,'2010-06-28 19:53:21',1),(840,105,'40.00','2010-05-20',1,'2010-05-20','40.00','2010-06-28 19:52:23',12,'2010-06-28 19:53:31',1),(841,86,'1.00','2010-05-20',1,'2010-05-20','1.00','2010-06-28 19:56:36',33,'2010-06-28 19:57:48',1),(842,75,'1.00','2010-05-20',1,'2010-06-03','1.00','2010-06-28 19:57:22',33,'2010-06-28 19:58:00',1),(843,263,'50.00','2010-05-25',1,'2010-05-25','50.00','2010-06-28 20:03:06',14,'2010-06-28 20:05:49',1),(844,213,'49.00','2010-05-25',1,'2010-05-25','49.00','2010-06-28 20:03:40',14,'2010-06-28 20:05:39',1),(845,105,'49.00','2010-05-25',1,'2010-05-25','49.00','2010-06-28 20:04:01',14,'2010-06-28 20:05:29',1),(846,196,'49.00','2010-05-25',1,'2010-06-03','49.00','2010-06-28 20:04:26',14,'2010-06-28 20:05:18',1),(847,236,'25.00','2010-05-25',1,'2010-05-25','25.00','2010-06-28 20:12:44',14,'2010-06-28 20:15:39',1),(848,214,'1.00','2010-05-25',1,'2010-05-25','1.00','2010-06-28 20:13:17',14,'2010-06-28 20:15:29',1),(849,215,'1.00','2010-05-25',1,'2010-05-25','1.00','2010-06-28 20:13:41',14,'2010-06-28 20:15:19',1),(850,166,'15.00','2010-05-25',1,'2010-05-25','15.00','2010-06-28 20:14:05',14,'2010-06-28 20:15:07',1),(851,237,'1.00','2010-05-25',1,'2010-05-25','1.00','2010-06-28 20:14:31',14,'2010-06-28 20:14:57',1),(852,65,'2.00','2010-05-25',1,'2010-05-25','2.00','2010-06-28 20:21:15',28,'2010-06-28 20:23:17',1),(853,65,'1.00','2010-05-25',1,'2010-05-25','1.00','2010-06-28 20:22:51',54,'2010-06-28 20:23:28',1),(854,65,'4.00','2010-01-18',1,'2010-01-20','4.00','2010-06-29 16:23:22',22,'2010-06-29 16:29:02',1),(855,64,'2.00','2010-01-18',1,'2010-01-18','2.00','2010-06-29 16:23:52',22,'2010-06-29 16:28:51',1),(856,79,'2.00','2010-01-18',1,'2010-01-18','2.00','2010-06-29 16:25:40',22,'2010-06-29 16:28:41',1),(857,9,'2.00','2010-01-18',1,'2010-01-18','2.00','2010-06-29 16:26:03',22,'2010-06-29 16:28:32',1),(858,67,'100.00','2010-01-18',1,'2010-01-18','100.00','2010-06-29 16:26:20',22,'2010-06-29 16:28:22',1),(859,61,'1.00','2010-01-25',1,'2010-01-25','1.00','2010-06-29 16:30:07',5,'2010-06-29 16:43:26',1),(860,26,'3.00','2010-01-25',1,'2010-01-25','3.00','2010-06-29 16:31:14',5,'2010-06-29 16:41:57',1),(861,58,'100.00','2010-01-25',1,'2010-01-25','100.00','2010-06-29 16:31:33',5,'2010-06-29 16:41:47',1),(862,260,'2.00','2010-01-25',1,'2010-01-25','2.00','2010-06-29 16:32:05',5,'2010-06-29 16:41:33',1),(863,69,'1.00','2010-01-25',1,'2010-01-25','1.00','2010-06-29 16:32:30',5,'2010-06-29 16:41:18',1),(864,15,'2.00','2010-01-25',1,'2010-01-25','2.00','2010-06-29 16:33:18',5,'2010-06-29 16:39:33',1),(865,16,'2.00','2010-01-25',1,'2010-01-25','2.00','2010-06-29 16:33:39',5,'2010-06-29 16:39:14',1),(866,67,'100.00','2010-01-25',1,'2010-01-25','100.00','2010-06-29 16:34:01',5,'2010-06-29 16:38:56',1),(867,34,'3.00','2010-01-25',1,'2010-01-25','3.00','2010-06-29 16:34:25',5,'2010-06-29 16:38:39',1),(868,48,'5.00','2010-01-25',1,'2010-04-22','5.00','2010-06-29 16:34:48',5,'2010-06-29 16:36:53',1),(869,119,'500.00','2010-06-02',1,'2010-06-02','500.00','2010-06-29 19:09:44',14,'2010-06-29 19:18:02',1),(870,223,'2.00','2010-06-02',1,'2010-06-02','2.00','2010-06-29 19:10:06',14,'2010-06-29 19:14:19',1),(871,184,'1.00','2010-06-02',1,'2010-06-02','1.00','2010-06-29 19:11:08',14,'2010-06-29 19:14:09',1),(872,9,'1.00','2010-06-02',1,'2010-06-02','1.00','2010-06-29 19:11:46',14,'2010-06-29 19:14:00',1),(873,160,'3.00','2010-06-02',1,'2010-06-02','3.00','2010-06-29 19:22:32',14,'2010-06-29 19:23:40',1),(874,224,'1.00','2010-06-02',1,'2010-06-02','1.00','2010-06-29 19:23:02',14,'2010-06-29 19:23:50',1),(875,234,'15.00','2010-06-03',1,'2010-06-03','15.00','2010-06-29 19:27:52',5,'2010-06-29 19:33:59',1),(876,75,'15.00','2010-06-03',1,'2010-06-03','15.00','2010-06-29 19:28:13',5,'2010-06-29 19:33:48',1),(877,213,'15.00','2010-06-03',1,'2010-06-03','15.00','2010-06-29 19:28:33',5,'2010-06-29 19:33:38',1),(878,196,'15.00','2010-06-03',1,'2010-06-03','15.00','2010-06-29 19:28:50',5,'2010-06-29 19:33:23',1),(879,65,'2.00','2010-06-03',1,'2010-06-03','2.00','2010-06-29 19:29:40',5,'2010-06-29 19:33:01',1),(881,69,'20.00','2010-06-03',1,'2010-06-03','20.00','2010-06-29 19:34:50',5,'2010-06-29 19:35:17',1),(882,65,'1.00','2010-06-03',1,'2010-06-03','1.00','2010-06-29 19:36:22',28,'2010-06-29 19:38:21',1),(883,64,'1.00','2010-06-03',1,'2010-06-11','1.00','2010-06-29 19:36:47',28,'2010-06-29 19:38:13',1),(884,26,'2.00','2010-06-03',1,'2010-06-03','2.00','2010-06-29 19:37:09',28,'2010-06-29 19:38:03',1),(885,196,'2.00','2010-06-03',1,'2010-06-03','2.00','2010-06-29 19:37:26',28,'2010-06-29 19:37:54',1),(886,26,'2.00','2010-06-03',1,'2010-06-03','2.00','2010-06-29 19:51:42',16,'2010-06-29 19:57:18',1),(887,34,'2.00','2010-06-03',1,'2010-06-03','2.00','2010-06-29 19:52:02',16,'2010-06-29 19:57:07',1),(888,66,'15.00','2010-06-03',1,'2010-06-03','15.00','2010-06-29 19:52:30',16,'2010-06-29 19:56:56',1),(894,27,'1.00','2010-06-03',1,'2010-06-03','1.00','2010-06-29 19:59:41',16,'2010-06-29 20:00:10',1),(890,18,'1.00','2010-06-03',1,'2010-06-03','1.00','2010-06-29 19:53:19',16,'2010-06-29 19:59:07',1),(891,107,'1.00','2010-06-03',1,'2010-06-03','1.00','2010-06-29 19:54:23',16,'2010-06-29 19:56:21',1),(892,105,'2.00','2010-06-03',1,'2010-06-03','2.00','2010-06-29 19:54:52',16,'2010-06-29 19:56:12',1),(893,37,'3.00','2010-06-03',1,'2010-06-03','3.00','2010-06-29 19:55:19',16,'2010-06-29 19:55:58',1),(895,65,'10.00','2010-06-03',1,'2010-06-03','10.00','2010-06-29 20:02:40',24,'2010-06-29 20:39:14',1),(896,213,'30.00','2010-06-03',1,'2010-06-03','30.00','2010-06-29 20:02:59',24,'2010-06-29 20:38:00',1),(897,196,'24.00','2010-06-03',1,'2010-06-14','24.00','2010-06-29 20:03:21',24,'2010-06-29 20:37:38',1),(898,38,'36.00','2010-06-03',1,'2010-06-03','36.00','2010-06-29 20:03:53',24,'2010-06-29 20:37:24',1),(899,105,'24.00','2010-06-03',1,'2010-06-03','24.00','2010-06-29 20:04:13',24,'2010-06-29 20:37:08',1),(900,148,'5.00','2010-06-03',1,'2010-06-03','5.00','2010-06-29 20:04:33',24,'2010-06-29 20:36:43',1),(901,70,'12.00','2010-06-03',1,'2010-06-03','12.00','2010-06-29 20:04:53',24,'2010-06-29 20:35:47',1),(902,150,'20.00','2010-06-03',1,'2010-06-03','20.00','2010-06-29 20:06:24',24,'2010-06-29 20:58:20',1),(903,27,'36.00','2010-06-03',1,'2010-06-03','36.00','2010-06-29 20:07:25',24,'2010-06-29 20:35:10',1),(904,66,'100.00','2010-06-03',1,'2010-06-03','100.00','2010-06-29 20:08:13',24,'2010-06-29 20:58:03',1),(905,244,'12.00','2010-06-03',1,'2010-06-03','12.00','2010-06-29 20:08:39',24,'2010-06-29 21:05:13',1),(906,163,'12.00','2010-06-03',1,'2010-06-03','12.00','2010-06-29 20:09:17',24,'2010-06-29 20:34:26',1),(907,34,'20.00','2010-06-03',1,'2010-06-03','20.00','2010-06-29 20:09:36',24,'2010-06-29 20:34:11',1),(908,107,'12.00','2010-06-03',1,'2010-06-14','12.00','2010-06-29 20:10:03',24,'2010-06-29 20:33:55',1),(909,47,'12.00','2010-06-03',1,'2010-06-03','12.00','2010-06-29 20:10:27',24,'2010-06-29 20:55:25',1),(910,159,'12.00','2010-06-03',1,'2010-06-03','12.00','2010-06-29 20:10:51',24,'2010-06-29 20:54:47',1),(911,160,'12.00','2010-06-03',1,'2010-06-03','12.00','2010-06-29 20:12:04',24,'2010-06-29 20:33:13',1),(912,21,'24.00','2010-06-03',1,'2010-06-03','24.00','2010-06-29 20:12:47',24,'2010-06-29 20:32:55',1),(913,76,'5.00','2010-06-03',1,'2010-06-03','5.00','2010-06-29 20:13:33',24,'2010-06-29 20:54:30',1),(914,163,'10.00','2010-06-03',1,'2010-06-03','10.00','2010-06-29 20:14:09',24,'2010-06-29 20:26:31',1),(915,62,'24.00','2010-06-03',1,'2010-06-03','24.00','2010-06-29 20:14:30',24,'2010-06-29 20:54:15',1),(916,263,'5.00','2010-06-08',1,'2010-06-08','5.00','2010-06-29 21:34:31',34,'2010-06-29 21:38:35',1),(917,63,'2.00','2010-06-09',1,'2010-06-09','2.00','2010-06-29 21:37:37',14,'2010-06-29 21:38:19',1),(918,210,'1.00','2010-06-10',1,'2010-06-10','1.00','2010-06-29 21:40:08',25,'2010-06-29 21:42:43',1),(919,39,'2.00','2010-06-10',1,'2010-06-10','2.00','2010-06-29 21:40:35',25,'2010-06-29 21:42:29',1),(920,31,'1.00','2010-06-10',1,'2010-06-10','1.00','2010-06-29 21:40:58',25,'2010-06-29 21:42:14',1),(921,11,'2.00','2010-06-10',1,'2010-06-10','2.00','2010-06-29 21:41:24',25,'2010-06-29 21:41:57',1),(922,177,'40.00','2010-04-16',1,'2010-04-26','40.00','2010-06-29 21:44:31',69,'2010-06-29 21:50:55',1),(923,177,'20.00','2010-06-10',1,'2010-06-10','20.00','2010-06-29 21:45:03',69,'2010-06-29 21:50:26',1),(924,242,'1.00','2010-06-10',1,'2010-06-10','1.00','2010-06-29 21:46:00',69,'2010-06-29 21:50:03',1),(925,152,'50.00','2010-06-10',1,'2010-06-10','50.00','2010-06-29 21:47:12',69,'2010-06-29 21:49:46',1),(926,152,'150.00','2010-04-16',1,'2010-04-16','150.00','2010-06-29 21:48:07',69,'2010-06-29 21:49:01',1),(927,65,'2.00','2010-06-14',1,'2010-06-14','2.00','2010-06-29 21:52:12',17,'2010-06-29 21:56:55',1),(928,61,'1.00','2010-06-14',1,'2010-06-14','1.00','2010-06-29 21:52:37',17,'2010-06-29 21:56:36',1),(929,263,'10.00','2010-06-14',1,'2010-06-14','10.00','2010-06-29 21:53:07',17,'2010-06-29 21:55:56',1),(930,196,'3.00','2010-06-14',1,'2010-06-14','3.00','2010-06-29 21:53:26',17,'2010-06-29 21:55:36',1),(931,105,'2.00','2010-06-14',1,'2010-06-14','2.00','2010-06-29 21:53:55',17,'2010-06-29 21:55:22',1),(932,79,'2.00','2010-06-14',1,'2010-06-14','2.00','2010-06-29 21:54:31',17,'2010-06-29 21:55:07',1),(933,65,'5.00','2010-06-14',1,'2010-06-14','5.00','2010-06-29 22:07:20',46,'2010-06-29 22:08:56',1),(934,64,'5.00','2010-06-14',1,'2010-06-14','5.00','2010-06-29 22:07:48',46,'2010-06-29 22:08:46',1),(935,65,'1.00','2010-06-14',1,'2010-06-14','1.00','2010-06-29 22:10:46',5,'2010-06-29 22:13:21',1),(936,244,'1.00','2010-06-14',1,'2010-06-14','1.00','2010-06-29 22:11:14',5,'2010-06-29 22:22:41',1),(937,263,'25.00','2010-06-14',1,'2010-06-14','25.00','2010-06-29 22:11:37',5,'2010-06-29 22:12:50',1),(938,61,'1.00','2010-06-14',1,'2010-06-14','1.00','2010-06-29 22:12:05',5,'2010-06-29 22:12:35',1),(939,65,'2.00','2010-06-14',1,'2010-06-14','2.00','2010-06-29 22:25:46',26,'2010-06-29 22:33:03',1),(940,61,'1.00','2010-06-14',1,'2010-06-14','1.00','2010-06-29 22:26:08',26,'2010-06-29 22:32:47',1),(941,263,'20.00','2010-06-14',1,'2010-06-14','20.00','2010-06-29 22:26:29',26,'2010-06-29 22:32:32',1),(942,70,'2.00','2010-06-14',1,'2010-06-14','2.00','2010-06-29 22:26:53',26,'2010-06-29 22:32:17',1),(943,79,'2.00','2010-06-14',1,'2010-06-14','2.00','2010-06-29 22:27:21',26,'2010-06-29 22:31:57',1),(944,46,'1.00','2010-06-14',1,'2010-06-14','1.00','2010-06-29 22:28:33',26,'2010-06-29 22:31:39',1),(945,34,'3.00','2010-06-14',1,'2010-06-14','3.00','2010-06-29 22:28:58',26,'2010-06-29 22:31:27',1),(946,160,'1.00','2010-06-14',1,'2010-06-14','1.00','2010-06-29 22:29:15',26,'2010-06-29 22:31:13',1),(947,21,'1.00','2010-06-14',1,'2010-06-14','1.00','2010-06-29 22:29:38',26,'2010-06-29 22:31:00',1),(948,86,'1.00','2010-06-14',1,'2010-06-14','1.00','2010-06-29 22:29:59',26,'2010-06-29 22:30:47',1),(949,9,'2.00','2010-06-14',1,'2010-06-14','2.00','2010-06-29 22:33:45',26,'2010-06-29 22:34:13',1),(950,65,'5.00','2010-06-14',1,'2010-06-14','5.00','2010-06-29 22:43:02',20,'2010-06-29 23:40:26',1),(951,64,'2.00','2010-06-14',1,'2010-06-14','2.00','2010-06-29 22:43:23',20,'2010-06-29 23:40:06',1),(952,61,'2.00','2010-06-14',1,'2010-06-14','2.00','2010-06-29 22:43:45',20,'2010-06-29 23:46:45',1),(953,37,'10.00','2010-06-14',1,'2010-06-14','10.00','2010-06-29 22:44:06',20,'2010-06-29 23:39:38',1),(954,47,'3.00','2010-06-14',1,'2010-06-14','3.00','2010-06-29 23:29:10',20,'2010-06-29 23:39:20',1),(955,105,'5.00','2010-06-14',1,'2010-06-14','5.00','2010-06-29 23:29:36',20,'2010-06-29 23:38:53',1),(956,34,'5.00','2010-06-14',1,'2010-06-14','5.00','2010-06-29 23:29:56',20,'2010-06-29 23:38:41',1),(957,76,'10.00','2010-06-14',1,'2010-06-14','10.00','2010-06-29 23:30:13',20,'2010-06-29 23:46:29',1),(958,107,'2.00','2010-06-14',1,'2010-06-14','2.00','2010-06-29 23:30:37',20,'2010-06-29 23:38:10',1),(959,28,'2.00','2010-06-14',1,'2010-06-14','2.00','2010-06-29 23:31:00',20,'2010-06-29 23:37:54',1),(960,66,'20.00','2010-06-14',1,'2010-06-14','20.00','2010-06-29 23:31:30',20,'2010-06-29 23:37:38',1),(961,263,'20.00','2010-06-14',1,'2010-06-14','20.00','2010-06-29 23:31:54',20,'2010-06-29 23:37:28',1),(962,210,'1.00','2010-06-14',1,'2010-06-14','1.00','2010-06-29 23:32:12',20,'2010-06-29 23:37:14',1),(963,86,'1.00','2010-06-14',1,'2010-06-14','1.00','2010-06-29 23:32:36',20,'2010-06-29 23:37:05',1),(964,26,'2.00','2010-06-14',1,'2010-06-14','2.00','2010-06-29 23:33:02',20,'2010-06-29 23:36:51',1),(965,9,'2.00','2010-06-14',1,'2010-06-14','2.00','2010-06-29 23:33:23',20,'2010-06-29 23:36:36',1),(966,46,'2.00','2010-06-14',1,'2010-06-14','2.00','2010-06-29 23:35:12',20,'2010-06-29 23:36:20',1),(967,256,'1.00','2010-06-14',1,'2010-06-14','1.00','2010-06-29 23:35:35',20,'2010-06-29 23:46:16',1),(968,65,'3.00','2010-06-14',1,'2010-06-14','3.00','2010-06-29 23:49:09',64,'2010-06-29 23:57:11',1),(969,61,'1.00','2010-06-14',1,'2010-06-14','1.00','2010-06-29 23:49:43',64,'2010-06-29 23:56:55',1),(970,263,'31.00','2010-06-14',1,'2010-06-14','31.00','2010-06-29 23:50:28',64,'2010-06-29 23:56:42',1),(971,62,'6.00','2010-06-16',1,'2010-06-14','6.00','2010-06-29 23:50:51',64,'2010-06-29 23:59:27',1),(972,15,'2.00','2010-06-14',1,'2010-06-14','2.00','2010-06-29 23:51:19',64,'2010-06-29 23:56:16',1),(973,265,'24.00','2010-06-14',1,'2010-06-14','24.00','2010-06-29 23:51:38',64,'2010-06-29 23:56:03',1),(974,30,'1.00','2010-06-14',1,'2010-06-14','1.00','2010-06-29 23:51:59',64,'2010-06-29 23:55:48',1),(975,9,'2.00','2010-06-14',1,'2010-06-14','2.00','2010-06-29 23:52:22',64,'2010-06-29 23:55:34',1),(976,175,'1.00','2010-06-14',1,'2010-06-14','1.00','2010-06-29 23:52:55',64,'2010-06-30 00:02:38',1),(977,79,'2.00','2010-06-14',1,'2010-06-14','2.00','2010-06-29 23:53:19',64,'2010-06-29 23:55:03',1),(978,21,'1.00','2010-06-14',1,'2010-06-14','1.00','2010-06-29 23:53:38',64,'2010-06-29 23:54:50',1),(979,160,'1.00','2010-06-14',1,'2010-06-14','1.00','2010-06-29 23:54:02',64,'2010-06-29 23:54:34',1),(980,65,'2.00','2010-06-15',1,'2010-06-15','2.00','2010-06-30 08:44:49',12,'2010-06-30 09:10:34',1),(981,64,'1.00','2010-06-15',1,'2010-06-15','1.00','2010-06-30 08:45:20',12,'2010-06-30 09:10:20',1),(982,61,'1.00','2010-06-15',1,'2010-06-15','1.00','2010-06-30 08:46:16',12,'2010-06-30 09:12:33',1),(983,70,'12.00','2010-06-15',1,'2010-06-15','12.00','2010-06-30 08:46:55',12,'2010-06-30 09:09:54',1),(984,196,'3.00','2010-06-15',1,'2010-06-15','3.00','2010-06-30 08:47:18',12,'2010-06-30 09:09:41',1),(985,105,'2.00','2010-06-15',1,'2010-06-15','2.00','2010-06-30 08:47:44',12,'2010-06-30 09:09:29',1),(986,34,'3.00','2010-06-15',1,'2010-06-15','3.00','2010-06-30 08:48:08',12,'2010-06-30 09:08:53',1),(987,9,'4.00','2010-06-15',1,'2010-06-15','4.00','2010-06-30 08:48:29',12,'2010-06-30 09:08:41',1),(988,107,'1.00','2010-06-15',1,'2010-06-15','1.00','2010-06-30 08:48:58',12,'2010-06-30 09:08:29',1),(989,151,'4.00','2010-06-15',1,'2010-06-15','4.00','2010-06-30 08:49:58',12,'2010-06-30 09:08:17',1),(990,263,'20.00','2010-06-15',1,'2010-06-15','20.00','2010-06-30 08:50:19',12,'2010-06-30 09:07:46',1),(991,27,'2.00','2010-06-15',1,'2010-06-15','2.00','2010-06-30 08:52:28',12,'2010-06-30 08:53:08',1),(992,86,'1.00','2010-06-15',1,'2010-06-15','1.00','2010-06-30 09:14:20',16,'2010-06-30 09:15:13',1),(993,65,'2.00','2010-06-15',1,'2010-06-15','2.00','2010-06-30 09:14:40',16,'2010-06-30 09:15:04',1),(994,223,'2.00','2010-05-27',1,'2010-05-27','2.00','2010-06-30 09:17:26',34,'2010-06-30 09:24:21',1),(995,189,'3.00','2010-05-27',1,'2010-05-27','3.00','2010-06-30 09:17:54',34,'2010-06-30 09:24:04',1),(996,231,'2.00','2010-05-27',1,'2010-05-27','2.00','2010-06-30 09:18:21',34,'2010-06-30 09:23:46',1),(997,230,'2.00','2010-05-27',1,'2010-05-27','2.00','2010-06-30 09:18:51',34,'2010-06-30 09:23:14',1),(998,258,'25.00','2010-05-27',1,'2010-05-27','25.00','2010-06-30 09:19:24',34,'2010-06-30 09:26:01',1),(999,166,'25.00','2010-05-27',1,'2010-06-22','25.00','2010-06-30 09:19:59',34,'2010-06-30 09:22:43',1),(1000,225,'1.00','2010-05-27',1,'2010-05-27','1.00','2010-06-30 09:20:44',34,'2010-06-30 09:22:26',1),(1001,226,'1.00','2010-05-27',1,'2010-05-27','1.00','2010-06-30 09:21:34',34,'2010-06-30 09:22:07',1),(1002,64,'3.00','2010-05-26',1,'2010-06-14','3.00','2010-06-30 09:27:37',46,'2010-06-30 09:28:47',1),(1003,26,'2.00','2010-05-26',1,'2010-05-26','2.00','2010-06-30 09:28:10',46,'2010-06-30 09:28:36',1),(1004,65,'2.00','2010-05-26',1,'2010-05-26','2.00','2010-06-30 09:30:37',14,'2010-06-30 09:32:02',1),(1005,30,'1.00','2010-05-26',1,'2010-05-26','1.00','2010-06-30 09:36:37',14,'2010-06-30 09:37:09',1),(1006,66,'15.00','2010-02-03',1,'2010-02-03','15.00','2010-06-30 10:05:57',63,'2010-06-30 10:07:20',1),(1007,76,'2.00','2010-02-03',1,'2010-02-03','2.00','2010-06-30 10:08:20',20,'2010-06-30 10:10:00',1),(1008,66,'10.00','2010-02-03',1,'2010-02-03','10.00','2010-06-30 10:08:48',20,'2010-06-30 10:09:49',1),(1009,65,'2.00','2010-02-03',1,'2010-02-23','2.00','2010-06-30 10:09:12',20,'2010-06-30 10:09:40',1),(1010,119,'1000.00','2010-02-09',1,'2010-04-15','1000.00','2010-06-30 10:33:04',62,'2010-06-30 10:50:10',1),(1011,120,'5500.00','2010-02-09',1,'2010-02-09','5500.00','2010-06-30 10:34:00',62,'2010-06-30 10:49:52',1),(1012,233,'10.00','2010-02-09',1,'2010-06-03','10.00','2010-06-30 10:34:32',62,'2010-06-30 10:49:30',1),(1013,178,'8500.00','2010-05-09',1,'2010-05-11','8500.00','2010-06-30 12:44:45',62,'2010-06-30 12:48:18',1),(1014,147,'330.00','2010-05-09',1,'2010-06-03','330.00','2010-06-30 12:45:11',62,'2010-06-30 12:47:29',1),(1015,166,'10.00','2010-05-09',1,'2010-05-20','10.00','2010-06-30 12:45:41',62,'2010-06-30 12:47:04',1),(1016,211,'20.00','2010-05-09',1,'2010-05-11','20.00','2010-06-30 12:46:05',62,'2010-06-30 12:46:45',1),(1017,245,'1250.00','2010-05-09',1,'2010-05-09','1250.00','2010-06-30 13:07:10',60,'2010-06-30 13:07:44',1),(1018,86,'1.00','2010-05-10',1,'2010-05-10','1.00','2010-06-30 13:09:31',20,'2010-06-30 13:17:13',1),(1019,65,'2.00','2010-05-10',1,'2010-05-14','2.00','2010-06-30 13:15:31',65,'2010-06-30 13:16:57',1),(1020,58,'200.00','2010-05-10',1,'2010-05-10','200.00','2010-06-30 13:15:55',65,'2010-06-30 13:16:30',1),(1021,44,'1.00','2010-05-11',1,'2010-05-11','1.00','2010-06-30 13:18:15',50,'2010-06-30 13:18:48',1),(1022,148,'2.00','2010-05-12',1,'2010-05-14','2.00','2010-06-30 13:31:48',35,'2010-06-30 13:38:51',1),(1023,65,'2.00','2010-05-12',1,'2010-05-14','2.00','2010-06-30 13:33:06',21,'2010-06-30 13:38:41',1),(1024,148,'1.00','2010-05-14',1,'2010-05-14','1.00','2010-06-30 13:33:47',20,'2010-06-30 13:38:23',1),(1025,148,'1.00','2010-05-14',1,'2010-05-14','1.00','2010-06-30 13:37:28',30,'2010-06-30 13:38:04',1),(1026,59,'300.00','2010-05-17',1,'2010-05-17','300.00','2010-06-30 15:07:46',7,'2010-06-30 15:10:51',1),(1027,61,'1.00','2010-05-17',1,'2010-05-17','1.00','2010-06-30 15:08:14',7,'2010-06-30 15:10:35',1),(1028,14,'1.00','2010-05-17',1,'2010-05-17','1.00','2010-06-30 15:08:37',7,'2010-06-30 15:10:18',1),(1029,263,'100.00','2010-05-17',1,'2010-05-17','100.00','2010-06-30 15:09:01',7,'2010-06-30 15:09:53',1),(1030,148,'1.00','2010-05-14',1,'2010-05-14','1.00','2010-06-30 15:12:31',18,'2010-06-30 15:13:46',1),(1031,210,'1.00','2010-05-14',1,'2010-05-14','1.00','2010-06-30 15:13:00',18,'2010-06-30 15:13:35',1),(1032,64,'2.00','2010-05-17',1,'2010-05-17','2.00','2010-06-30 15:14:56',33,'2010-06-30 16:33:09',1),(1033,9,'3.00','2010-05-17',1,'2010-05-17','3.00','2010-06-30 15:15:22',33,'2010-06-30 16:32:49',1),(1034,265,'1.00','2010-05-17',1,'2010-06-14','1.00','2010-06-30 15:16:06',33,'2010-06-30 16:35:51',1),(1035,66,'6.00','2010-05-17',1,'2010-05-17','6.00','2010-06-30 15:16:35',33,'2010-06-30 16:32:11',1),(1036,196,'4.00','2010-05-17',1,'2010-05-18','4.00','2010-06-30 15:16:55',33,'2010-06-30 16:31:55',1),(1037,79,'2.00','2010-05-17',1,'2010-05-17','2.00','2010-06-30 15:17:22',33,'2010-06-30 16:31:35',1),(1038,263,'6.00','2010-05-17',1,'2010-05-17','6.00','2010-06-30 15:18:08',33,'2010-06-30 16:31:11',1),(1039,64,'3.00','2010-05-17',1,'2010-05-17','3.00','2010-06-30 16:39:36',21,'2010-06-30 16:46:24',1),(1040,34,'1.00','2010-05-17',1,'2010-05-17','1.00','2010-06-30 16:39:57',21,'2010-06-30 16:46:04',1),(1041,44,'1.00','2010-05-17',1,'2010-05-17','1.00','2010-06-30 16:43:41',21,'2010-06-30 16:52:39',1),(1042,64,'3.00','2010-05-17',1,'2010-05-17','3.00','2010-06-30 17:12:07',25,'2010-06-30 17:15:12',1),(1043,196,'1.00','2010-05-17',1,'2010-05-18','1.00','2010-06-30 17:13:06',25,'2010-06-30 17:14:50',1),(1044,75,'2.00','2010-05-17',1,'2010-06-03','2.00','2010-06-30 17:13:43',25,'2010-06-30 17:14:23',1),(1045,250,'120.00','2010-02-03',1,'2010-02-03','120.00','2010-06-30 17:23:44',62,'2010-06-30 17:28:53',1),(1046,196,'2.00','2010-05-18',1,'2010-05-20','2.00','2010-06-30 17:38:02',20,'2010-06-30 17:38:36',1),(1047,65,'3.00','2010-05-20',1,'2010-05-20','3.00','2010-06-30 17:40:20',25,'2010-06-30 17:41:38',1),(1048,64,'1.00','2010-05-20',1,'2010-06-14','1.00','2010-06-30 17:40:55',25,'2010-06-30 17:41:27',1),(1049,34,'2.00','2010-05-21',1,'2010-04-21','2.00','2010-06-30 17:42:50',52,'2010-06-30 17:45:31',1),(1050,196,'6.00','2010-05-21',1,'2010-05-21','6.00','2010-06-30 17:43:11',52,'2010-06-30 17:45:21',1),(1051,107,'1.00','2010-05-21',1,'2010-05-21','1.00','2010-06-30 17:43:34',52,'2010-06-30 17:45:11',1),(1052,47,'1.00','2010-05-21',1,'2010-05-21','1.00','2010-06-30 17:44:03',52,'2010-06-30 17:45:02',1),(1053,43,'2.00','2010-05-21',1,'2010-06-14','2.00','2010-06-30 17:44:24',52,'2010-06-30 17:44:52',1),(1054,65,'3.00','2010-05-24',1,'2010-05-24','3.00','2010-06-30 17:54:58',21,'2010-06-30 17:55:34',1),(1055,53,'6.00','2010-05-24',1,'2010-05-24','6.00','2010-06-30 17:58:31',53,'2010-06-30 17:59:07',1),(1056,233,'10.00','2010-06-07',1,'2010-06-29','10.00','2010-06-30 18:15:45',62,'2010-06-30 18:18:51',1),(1057,253,'5.00','2010-04-16',1,'2010-04-16','5.00','2010-06-30 18:16:50',69,'2010-06-30 18:18:36',1),(1058,181,'150.00','2010-06-09',1,'2010-06-09','150.00','2010-06-30 18:17:38',63,'2010-06-30 18:18:18',1),(1059,235,'14000.00','2010-06-04',1,'2010-06-04','14000.00','2010-06-30 18:24:20',62,'2010-06-30 18:30:36',1),(1060,187,'1500.00','2010-06-04',1,'2010-06-04','1500.00','2010-06-30 18:24:49',62,'2010-06-30 18:30:23',1),(1061,173,'2.00','2010-06-04',1,'2010-06-04','2.00','2010-06-30 18:26:11',62,'2010-06-30 18:30:12',1),(1062,172,'2.00','2010-06-04',1,'2010-06-04','2.00','2010-06-30 18:26:31',62,'2010-06-30 18:29:59',1),(1063,171,'2.00','2010-06-04',1,'2010-06-04','2.00','2010-06-30 18:26:57',62,'2010-06-30 18:29:41',1),(1064,170,'2.00','2010-06-04',1,'2010-06-04','2.00','2010-06-30 18:27:14',62,'2010-06-30 18:29:29',1),(1065,166,'15.00','2010-06-04',1,'2010-06-22','15.00','2010-06-30 18:27:42',62,'2010-06-30 18:29:18',1),(1066,233,'15.00','2010-06-04',1,'2010-06-04','15.00','2010-06-30 18:28:07',62,'2010-06-30 18:29:08',1),(1067,247,'4.00','2010-06-04',1,'2010-06-30','4.00','2010-06-30 18:28:21',62,'2010-06-30 18:28:57',1),(1068,166,'10.00','2010-05-26',1,'2010-06-22','10.00','2010-06-30 18:38:33',62,'2010-06-30 18:40:48',1),(1069,189,'2.00','2010-05-26',1,'2010-05-26','2.00','2010-06-30 18:39:17',62,'2010-06-30 18:42:06',1),(1070,233,'3.00','2010-05-26',1,'2010-06-03','3.00','2010-06-30 18:39:46',62,'2010-06-30 18:40:19',1),(1071,57,'100.00','2010-05-25',1,'2010-05-25','100.00','2010-06-30 18:45:25',7,'2010-06-30 18:51:04',1),(1072,66,'10.00','2010-05-26',1,'2010-05-26','10.00','2010-06-30 18:46:15',63,'2010-06-30 18:50:39',1),(1073,65,'1.00','2010-05-26',1,'2010-04-27','1.00','2010-06-30 18:46:40',63,'2010-06-30 18:50:21',1),(1074,196,'1.00','2010-05-26',1,'2010-05-26','1.00','2010-06-30 18:46:59',63,'2010-06-30 18:50:03',1),(1075,52,'100.00','2010-05-26',1,'2010-06-02','100.00','2010-06-30 18:47:48',64,'2010-06-30 18:52:11',1),(1076,53,'5.00','2010-05-26',1,'2010-05-26','5.00','2010-06-30 18:48:27',64,'2010-06-30 18:49:35',1),(1077,196,'5.00','2010-05-26',1,'2010-05-26','5.00','2010-06-30 18:48:44',64,'2010-06-30 18:49:17',1),(1078,65,'3.00','2010-05-26',1,'2010-05-26','3.00','2010-06-30 19:06:35',5,'2010-06-30 19:07:15',1),(1079,14,'5.00','2010-05-10',1,'2010-05-10','5.00','2010-06-30 19:12:14',71,'2010-06-30 19:13:31',1),(1080,70,'1.00','2010-05-10',1,'2010-05-10','1.00','2010-06-30 19:12:39',71,'2010-06-30 19:13:17',1),(1081,232,'5.00','2010-05-09',1,'2010-05-09','5.00','2010-06-30 19:19:09',62,'2010-06-30 19:21:54',1),(1082,232,'5.00','2010-06-02',1,'2010-06-02','5.00','2010-06-30 19:20:12',14,'2010-06-30 19:21:43',1),(1083,286,'1.00','2010-05-09',1,'2010-05-09','1.00','2010-06-30 19:24:56',62,'2010-06-30 19:25:33',1),(1084,288,'200.00','2010-05-25',1,'2010-05-25','200.00','2010-06-30 19:37:14',7,'2010-06-30 19:41:59',1),(1085,291,'200.00','2010-05-25',1,'2010-05-25','200.00','2010-06-30 19:37:37',7,'2010-06-30 19:41:47',1),(1086,287,'200.00','2010-05-25',1,'2010-05-25','200.00','2010-06-30 19:38:00',7,'2010-06-30 19:41:33',1),(1087,289,'200.00','2010-05-25',1,'2010-05-25','200.00','2010-06-30 19:38:19',7,'2010-06-30 19:41:23',1),(1088,290,'200.00','2010-05-25',1,'2010-05-25','200.00','2010-06-30 19:38:39',7,'2010-06-30 19:41:11',1),(1089,292,'200.00','2010-05-25',1,'2010-05-25','200.00','2010-06-30 19:38:59',7,'2010-06-30 19:41:00',1),(1090,293,'5.00','2010-05-10',1,'2010-05-10','5.00','2010-06-30 19:40:08',71,'2010-06-30 19:40:40',1),(1091,295,'1.00','2010-05-14',1,'2010-05-14','1.00','2010-06-30 19:47:31',18,'2010-06-30 19:52:02',1),(1092,288,'200.00','2010-05-17',1,'2010-05-21','200.00','2010-06-30 19:48:26',7,'2010-06-30 19:51:48',1),(1093,291,'200.00','2010-05-17',1,'2010-05-21','200.00','2010-06-30 19:48:46',7,'2010-06-30 19:51:35',1),(1094,287,'200.00','2010-05-17',1,'2010-05-21','200.00','2010-06-30 19:49:04',7,'2010-06-30 19:51:22',1),(1095,289,'200.00','2010-05-17',1,'2010-05-21','200.00','2010-06-30 19:49:22',7,'2010-06-30 19:51:09',1),(1096,290,'200.00','2010-05-17',1,'2010-05-21','200.00','2010-06-30 19:49:44',7,'2010-06-30 19:50:58',1),(1097,292,'200.00','2010-05-17',1,'2010-05-21','200.00','2010-06-30 19:50:05',7,'2010-06-30 19:50:45',1),(1098,296,'2.00','2010-06-10',1,'2010-06-10','2.00','2010-06-30 19:54:34',62,'2010-06-30 19:55:52',1),(1099,295,'1.00','2010-06-10',1,'2010-06-10','1.00','2010-06-30 19:55:12',25,'2010-06-30 19:55:42',1),(1100,288,'400.00','2010-05-21',1,'2010-05-21','400.00','2010-06-30 19:57:24',53,'2010-06-30 20:00:32',1),(1101,291,'400.00','2010-05-21',1,'2010-05-21','400.00','2010-06-30 19:57:43',53,'2010-06-30 20:00:18',1),(1102,287,'400.00','2010-05-21',1,'2010-05-21','400.00','2010-06-30 19:58:01',53,'2010-06-30 20:00:07',1),(1103,289,'400.00','2010-05-21',1,'2010-05-21','400.00','2010-06-30 19:58:22',53,'2010-06-30 19:59:56',1),(1104,290,'400.00','2010-05-21',1,'2010-05-21','400.00','2010-06-30 19:58:39',53,'2010-06-30 19:59:44',1),(1105,292,'400.00','2010-05-21',1,'2010-05-21','400.00','2010-06-30 19:58:55',53,'2010-06-30 19:59:32',1),(1106,297,'2.00','2010-05-25',1,'2010-05-25','2.00','2010-06-30 20:06:59',14,'2010-06-30 20:08:12',1),(1107,217,'20.00','2010-05-25',1,'2010-05-25','20.00','2010-06-30 20:07:25',14,'2010-06-30 20:07:54',1),(1108,299,'6.00','2010-05-05',1,'2010-05-05','6.00','2010-06-30 20:12:06',31,'2010-06-30 20:13:35',1),(1109,300,'10.00','2010-05-17',1,'2010-05-17','10.00','2010-06-30 20:12:41',14,'2010-06-30 20:13:11',1),(1110,301,'2.00','2010-05-05',1,'2010-05-05','2.00','2010-06-30 20:21:07',14,'2010-06-30 20:28:25',1),(1111,302,'1.00','2010-05-05',1,'2010-05-05','1.00','2010-06-30 20:21:44',14,'2010-06-30 20:28:11',1),(1112,303,'1.00','2010-05-05',1,'2010-05-05','1.00','2010-06-30 20:22:07',14,'2010-06-30 20:27:58',1),(1113,286,'2.00','2010-05-05',1,'2010-05-05','2.00','2010-06-30 20:22:35',14,'2010-06-30 20:27:45',1),(1114,167,'2.00','2010-05-05',1,'2010-05-05','2.00','2010-06-30 20:23:05',14,'2010-06-30 20:27:18',1),(1115,200,'2.00','2010-05-05',1,'2010-05-05','2.00','2010-06-30 20:23:48',14,'2010-06-30 20:27:03',1),(1116,173,'1.00','2010-05-05',1,'2010-06-03','1.00','2010-06-30 20:24:37',63,'2010-06-30 20:26:49',1),(1117,172,'1.00','2010-05-05',1,'2010-06-29','1.00','2010-06-30 20:24:55',63,'2010-06-30 20:26:36',1),(1118,171,'1.00','2010-05-05',1,'2010-06-03','1.00','2010-06-30 20:25:17',63,'2010-06-30 20:26:25',1),(1119,170,'1.00','2010-05-05',1,'2010-06-22','1.00','2010-06-30 20:25:35',63,'2010-06-30 20:26:12',1),(1120,304,'20.00','2010-02-03',1,'2010-02-03','20.00','2010-06-30 20:36:38',63,'2010-06-30 20:38:42',1),(1121,305,'10.00','2010-02-06',1,'2010-02-06','10.00','2010-06-30 20:37:26',62,'2010-06-30 20:38:27',1),(1122,65,'2.00','2010-06-08',1,'2010-06-08','2.00','2010-06-30 20:41:10',51,'2010-06-30 20:46:28',1),(1123,64,'1.00','2010-06-08',1,'2010-06-08','1.00','2010-06-30 20:41:34',51,'2010-06-30 20:46:13',1),(1124,79,'2.00','2010-06-08',1,'2010-06-08','2.00','2010-06-30 20:41:57',51,'2010-06-30 20:49:34',1),(1125,9,'2.00','2010-06-08',1,'2010-06-08','2.00','2010-06-30 20:42:25',51,'2010-06-30 20:45:42',1),(1126,70,'12.00','2010-06-08',1,'2010-06-14','12.00','2010-06-30 20:42:56',51,'2010-06-30 20:45:32',1),(1127,196,'6.00','2010-06-08',1,'2010-06-08','6.00','2010-06-30 20:43:33',51,'2010-06-30 20:45:24',1),(1128,105,'6.00','2010-06-08',1,'2010-06-08','6.00','2010-06-30 20:43:58',51,'2010-06-30 20:45:06',1),(1129,65,'2.00','2010-06-30',1,'2010-06-30','2.00','2010-06-30 20:53:06',26,'2010-06-30 20:56:34',1),(1130,65,'2.00','2010-06-30',1,'2010-06-30','2.00','2010-06-30 20:54:05',12,'2010-06-30 20:57:20',1),(1131,263,'10.00','2010-06-30',1,'2010-06-30','10.00','2010-06-30 20:54:27',12,'2010-06-30 20:57:14',1),(1132,105,'10.00','2010-06-30',1,'2010-06-30','10.00','2010-06-30 20:54:46',12,'2010-06-30 20:57:07',1),(1133,196,'10.00','2010-06-30',1,'2010-06-30','10.00','2010-06-30 20:55:03',12,'2010-06-30 20:57:00',1),(1134,27,'5.00','2010-06-30',1,'2010-06-30','5.00','2010-06-30 20:55:21',12,'2010-06-30 20:56:54',1),(1135,33,'5.00','2010-06-30',1,'2010-06-30','5.00','2010-06-30 20:55:56',12,'2010-06-30 20:56:48',1),(1136,306,'6250.00','2010-06-30',1,'2010-06-30','6250.00','2010-06-30 21:05:12',62,'2010-06-30 21:09:24',1),(1137,230,'1.00','2010-06-30',1,'2010-06-30','1.00','2010-06-30 21:05:39',62,'2010-06-30 21:12:18',1),(1138,233,'15.00','2010-06-30',1,'2010-06-30','15.00','2010-06-30 21:06:01',62,'2010-06-30 21:09:07',1),(1139,173,'1.00','2010-06-30',1,'2010-06-30','1.00','2010-06-30 21:06:17',62,'2010-06-30 21:08:59',1),(1140,172,'1.00','2010-06-30',1,'2010-06-30','1.00','2010-06-30 21:06:30',62,'2010-06-30 21:08:53',1),(1141,171,'1.00','2010-06-30',1,'2010-06-30','1.00','2010-06-30 21:06:44',62,'2010-06-30 21:08:47',1),(1144,170,'1.00','2010-06-30',1,'2010-06-30','1.00','2010-06-30 21:10:10',62,'2010-06-30 21:10:35',1),(1143,232,'10.00','2010-06-30',1,'2010-06-30','10.00','2010-06-30 21:07:33',62,'2010-06-30 21:08:00',1),(1145,307,'1.00','2010-06-30',1,'2010-06-30','1.00','2010-06-30 21:13:06',70,'2010-06-30 21:14:03',1),(1146,75,'6.00','2010-06-30',1,'2010-06-30','6.00','2010-06-30 21:13:31',70,'2010-06-30 21:13:57',1),(1147,65,'2.00','2010-06-30',1,'2010-06-30','2.00','2010-06-30 21:15:45',17,'2010-06-30 21:18:20',1),(1148,66,'20.00','2010-06-30',1,'2010-06-30','20.00','2010-06-30 21:16:09',17,'2010-06-30 21:20:14',1),(1149,73,'2.00','2010-06-30',1,'2010-06-30','2.00','2010-06-30 21:16:34',17,'2010-06-30 21:18:06',1),(1150,108,'1.00','2010-06-30',1,'2010-06-30','1.00','2010-06-30 21:16:53',17,'2010-06-30 21:18:00',1),(1151,67,'10.00','2010-06-30',1,'2010-06-30','10.00','2010-06-30 21:17:07',17,'2010-06-30 21:17:55',1),(1152,263,'6.00','2010-06-30',1,'2010-06-30','6.00','2010-06-30 21:17:26',17,'2010-06-30 21:17:50',1),(1153,65,'2.00','2010-06-30',1,'2010-06-30','2.00','2010-06-30 21:21:04',14,'2010-06-30 21:23:43',1),(1154,196,'10.00','2010-06-30',1,'2010-06-30','10.00','2010-06-30 21:21:18',14,'2010-06-30 21:23:37',1),(1155,70,'5.00','2010-06-30',1,'2010-06-30','5.00','2010-06-30 21:21:36',14,'2010-06-30 21:23:31',1),(1156,105,'10.00','2010-06-30',1,'2010-06-30','10.00','2010-06-30 21:22:01',14,'2010-06-30 21:23:25',1),(1157,167,'1.00','2010-06-30',1,'2010-06-30','1.00','2010-06-30 21:22:19',14,'2010-06-30 21:23:19',1),(1158,65,'2.00','2010-06-30',1,'2010-06-30','2.00','2010-06-30 21:24:57',51,'2010-06-30 21:32:21',1),(1159,263,'12.00','2010-06-30',1,'2010-06-30','12.00','2010-06-30 21:25:19',51,'2010-06-30 21:32:12',1),(1160,196,'10.00','2010-06-30',1,'2010-06-30','10.00','2010-06-30 21:25:35',51,'2010-06-30 21:32:04',1),(1161,163,'1.00','2010-06-30',1,'2010-06-30','1.00','2010-06-30 21:27:21',51,'2010-06-30 21:31:56',1),(1162,79,'1.00','2010-06-30',1,'2010-06-30','1.00','2010-06-30 21:28:18',51,'2010-06-30 21:31:49',1),(1163,105,'10.00','2010-06-30',1,'2010-06-30','10.00','2010-06-30 21:28:37',51,'2010-06-30 21:31:34',1),(1164,9,'5.00','2010-06-30',1,'2010-06-30','5.00','2010-06-30 21:28:58',51,'2010-06-30 21:31:27',1),(1165,107,'1.00','2010-06-30',1,'2010-06-30','1.00','2010-06-30 21:29:19',51,'2010-06-30 21:31:13',1),(1166,27,'10.00','2010-06-30',1,'2010-06-30','10.00','2010-06-30 21:29:37',51,'2010-06-30 21:36:47',1),(1167,265,'1.00','2010-06-30',1,'2010-06-30','1.00','2010-06-30 21:29:57',51,'2010-06-30 21:35:29',1),(1168,46,'2.00','2010-06-30',1,'2010-06-30','2.00','2010-06-30 21:30:10',51,'2010-06-30 21:30:42',1),(1169,65,'5.00','2010-07-01',1,'2010-07-01','5.00','2010-07-07 21:59:46',46,'2010-07-07 22:09:26',1),(1170,64,'5.00','2010-07-01',1,'2010-07-01','5.00','2010-07-07 22:00:14',46,'2010-07-07 22:09:12',1),(1171,66,'50.00','2010-07-01',1,'2010-07-01','50.00','2010-07-07 22:01:08',28,'2010-07-07 22:08:58',1),(1172,30,'2.00','2010-07-01',1,'2010-07-01','2.00','2010-07-07 22:01:43',28,'2010-07-07 22:08:41',1),(1173,46,'2.00','2010-07-01',1,'2010-07-01','2.00','2010-07-07 22:02:10',28,'2010-07-07 22:07:12',1),(1174,79,'3.00','2010-07-01',1,'2010-07-01','3.00','2010-07-07 22:02:32',28,'2010-07-07 22:06:59',1),(1175,65,'1.00','2010-07-01',1,'2010-07-01','1.00','2010-07-07 22:03:02',28,'2010-07-07 22:06:40',1),(1176,152,'50.00','2010-07-02',1,'2010-07-02','50.00','2010-07-07 22:12:32',62,'2010-07-07 22:13:58',1),(1177,48,'1.00','2010-07-02',1,'2010-07-02','1.00','2010-07-07 22:12:54',62,'2010-07-07 22:13:45',1),(1178,15,'1.00','2010-07-02',1,'2010-07-02','1.00','2010-07-07 22:13:10',62,'2010-07-07 22:13:32',1),(1179,306,'10750.00','2010-07-02',1,'2010-07-02','10750.00','2010-07-07 22:16:47',62,'2010-07-07 22:20:02',1),(1180,173,'1.00','2010-07-02',1,'2010-07-02','1.00','2010-07-07 22:17:18',62,'2010-07-07 22:19:55',1),(1181,172,'2.00','2010-07-02',1,'2010-07-02','2.00','2010-07-07 22:17:44',62,'2010-07-07 22:19:47',1),(1182,171,'2.00','2010-07-02',1,'2010-07-02','2.00','2010-07-07 22:18:16',62,'2010-07-07 22:19:39',1),(1183,170,'3.00','2010-07-02',1,'2010-07-02','3.00','2010-07-07 22:18:44',62,'2010-07-07 22:19:30',1),(1184,348,'900.00','2010-07-06',1,'2010-07-06','900.00','2010-07-09 13:02:21',62,'2010-07-09 13:02:44',1),(1185,67,'1000.00','2010-06-30',1,'2010-07-01','1000.00','2010-07-19 15:48:33',30,'2010-07-19 15:49:35',1),(1186,50,'3.00','2010-06-30',1,'2010-06-30','3.00','2010-07-20 15:48:15',20,'2010-07-20 16:02:20',1),(1187,39,'62.00','2010-06-30',1,'2010-06-30','62.00','2010-07-20 15:48:45',20,'2010-07-20 16:02:08',1),(1188,74,'1.00','2010-06-30',1,'2010-06-30','1.00','2010-07-20 15:49:24',20,'2010-07-20 16:01:56',1),(1189,148,'22.00','2010-06-30',1,'2010-06-30','22.00','2010-07-20 15:50:01',20,'2010-07-20 16:01:44',1),(1190,11,'20.00','2010-06-30',1,'2010-06-30','20.00','2010-07-20 15:50:35',20,'2010-07-20 16:01:32',1),(1191,270,'4.00','2010-06-30',1,'2010-06-30','4.00','2010-07-20 15:51:57',20,'2010-07-20 16:01:21',1),(1192,65,'71.00','2010-06-30',1,'2010-06-30','71.00','2010-07-20 15:52:35',20,'2010-07-20 16:01:09',1),(1193,14,'6.00','2010-06-30',1,'2010-06-30','6.00','2010-07-20 15:53:05',20,'2010-07-20 16:00:56',1),(1194,53,'6.00','2010-06-30',1,'2010-06-30','6.00','2010-07-20 15:53:32',20,'2010-07-20 16:00:45',1),(1195,212,'2.00','2010-06-30',1,'2010-06-30','2.00','2010-07-20 15:54:11',20,'2010-07-20 16:00:35',1),(1196,182,'1.00','2010-06-30',1,'2010-06-30','1.00','2010-07-20 15:54:55',20,'2010-07-20 16:00:23',1),(1197,33,'7.00','2010-06-30',1,'2010-06-30','7.00','2010-07-20 15:55:33',20,'2010-07-20 16:00:11',1),(1198,180,'12.00','2010-06-30',1,'2010-06-30','12.00','2010-07-20 15:56:06',20,'2010-07-20 16:00:01',1),(1199,31,'3.00','2010-06-30',1,'2010-06-30','3.00','2010-07-20 15:56:42',20,'2010-07-20 15:59:49',1),(1200,101,'2.00','2010-06-30',1,'2010-06-30','2.00','2010-07-20 15:57:26',20,'2010-07-20 15:59:37',1),(1201,86,'7.00','2010-06-30',1,'2010-06-30','7.00','2010-07-20 15:58:12',20,'2010-07-20 15:59:27',1),(1202,210,'4.00','2010-06-30',1,'2010-06-30','4.00','2010-07-20 15:58:42',20,'2010-07-20 15:59:16',1),(1203,81,'50.00','2010-06-30',1,'2010-06-30','50.00','2010-07-20 16:03:48',62,'2010-07-20 16:36:35',1),(1204,313,'700.00','2010-06-30',1,'2010-06-30','700.00','2010-07-20 16:04:22',62,'2010-07-20 16:37:00',1),(1205,199,'1000.00','2010-06-30',1,'2010-06-30','1000.00','2010-07-20 16:05:03',62,'2010-07-20 16:37:15',1),(1206,315,'1.00','2010-06-30',1,'2010-06-30','1.00','2010-07-20 16:05:33',62,'2010-07-20 16:37:27',1),(1207,314,'4.00','2010-06-30',1,'2010-06-30','4.00','2010-07-20 16:06:09',62,'2010-07-20 16:37:40',1),(1208,316,'2.00','2010-06-30',1,'2010-06-30','2.00','2010-07-20 16:06:44',62,'2010-07-20 16:48:52',1),(1209,228,'20.00','2010-06-30',1,'2010-06-30','20.00','2010-07-20 16:07:13',62,'2010-07-20 16:48:39',1),(1210,197,'3000.00','2010-06-30',1,'2010-06-30','3000.00','2010-07-20 16:08:48',62,'2010-07-20 16:48:28',1),(1211,331,'500.00','2010-06-30',1,'2010-06-30','500.00','2010-07-20 16:10:56',62,'2010-07-20 16:48:14',1),(1212,325,'1000.00','2010-06-30',1,'2010-06-30','1000.00','2010-07-20 16:11:35',62,'2010-07-20 16:48:02',1),(1213,235,'23000.00','2010-06-30',1,'2010-06-30','23000.00','2010-07-20 16:12:20',62,'2010-07-20 16:47:50',1),(1214,120,'250.00','2010-06-30',1,'2010-06-30','250.00','2010-07-20 16:13:00',62,'2010-07-20 16:47:39',1),(1215,229,'5.00','2010-06-30',1,'2010-06-30','5.00','2010-07-20 16:13:42',62,'2010-07-20 16:36:23',1),(1216,230,'1.00','2010-06-30',1,'2010-06-30','1.00','2010-07-20 16:25:36',62,'2010-07-20 16:36:13',1),(1217,134,'50.00','2010-06-30',1,'2010-06-30','50.00','2010-07-20 16:26:44',62,'2010-07-20 16:36:03',1),(1218,190,'3.00','2010-06-30',1,'2010-06-30','3.00','2010-07-20 16:27:46',62,'2010-07-20 16:35:53',1),(1219,189,'3.00','2010-06-30',1,'2010-06-30','3.00','2010-07-20 16:28:34',62,'2010-07-20 16:33:57',1),(1220,188,'1.00','2010-06-30',1,'2010-06-30','1.00','2010-07-20 16:29:18',62,'2010-07-20 16:33:42',1),(1221,193,'2.00','2010-06-30',1,'2010-06-30','2.00','2010-07-20 16:29:44',62,'2010-07-20 16:33:30',1),(1222,63,'1.00','2010-06-30',1,'2010-06-30','1.00','2010-07-20 16:30:10',62,'2010-07-20 16:33:19',1),(1223,38,'13.00','2010-06-30',1,'2010-06-30','13.00','2010-07-20 16:51:14',12,'2010-07-20 16:55:59',1),(1224,12,'19.00','2010-06-30',1,'2010-06-30','19.00','2010-07-20 16:51:45',12,'2010-07-20 16:55:49',1),(1225,129,'1.00','2010-06-30',1,'2010-06-30','1.00','2010-07-20 16:52:22',12,'2010-07-20 16:55:39',1),(1226,151,'14.00','2010-06-30',1,'2010-06-30','14.00','2010-07-20 16:52:55',12,'2010-07-20 16:55:29',1),(1227,15,'39.00','2010-06-30',1,'2010-06-30','39.00','2010-07-20 16:53:29',12,'2010-07-20 16:55:19',1),(1228,70,'52.00','2010-06-30',1,'2010-06-30','52.00','2010-07-20 16:54:00',12,'2010-07-20 16:55:08',1),(1229,20,'3.00','2010-06-30',1,'2010-06-30','3.00','2010-07-20 16:54:28',12,'2010-07-20 16:54:56',1),(1230,75,'12.00','2010-06-30',1,'2010-06-30','12.00','2010-07-20 16:56:54',28,'2010-07-20 17:03:57',1),(1231,165,'20.00','2010-06-30',1,'2010-06-30','20.00','2010-07-20 16:57:28',28,'2010-07-20 17:04:09',1),(1232,73,'3.00','2010-06-30',1,'2010-06-30','3.00','2010-07-20 16:57:56',28,'2010-07-20 17:04:21',1),(1233,133,'2.00','2010-06-30',1,'2010-06-30','2.00','2010-07-20 16:58:27',28,'2010-07-20 17:04:32',1),(1234,132,'2.00','2010-06-30',1,'2010-06-30','2.00','2010-07-20 16:58:55',28,'2010-07-20 17:04:44',1),(1235,131,'5.00','2010-06-30',1,'2010-06-30','5.00','2010-07-20 16:59:21',28,'2010-07-20 17:04:55',1),(1236,26,'91.00','2010-06-30',1,'2010-06-30','91.00','2010-07-20 17:00:03',28,'2010-07-20 17:05:05',1),(1237,112,'1.00','2010-06-30',1,'2010-06-30','1.00','2010-07-20 17:00:30',28,'2010-07-20 17:05:17',1),(1238,183,'1.00','2010-06-30',1,'2010-06-30','1.00','2010-07-20 17:01:03',28,'2010-07-20 17:05:27',1),(1239,110,'3.00','2010-06-30',1,'2010-06-29','3.00','2010-07-20 17:01:34',28,'2010-07-20 17:05:37',1),(1240,104,'1.00','2010-06-30',1,'2010-06-30','1.00','2010-07-20 17:02:04',28,'2010-07-20 17:05:47',1),(1241,103,'5.00','2010-06-30',1,'2010-06-30','5.00','2010-07-20 17:02:34',28,'2010-07-20 17:05:57',1),(1242,111,'2.00','2010-06-30',1,'2010-06-30','2.00','2010-07-20 17:03:01',28,'2010-07-20 17:06:08',1),(1243,32,'7.00','2010-06-30',1,'2010-06-30','7.00','2010-07-20 17:03:25',28,'2010-07-20 17:06:18',1),(1244,209,'2.00','2010-06-30',1,'2010-06-30','2.00','2010-07-20 17:08:41',31,'2010-07-20 17:13:34',1),(1245,208,'2.00','2010-06-30',1,'2010-06-30','2.00','2010-07-20 17:09:17',31,'2010-07-20 17:13:45',1),(1246,85,'5.00','2010-06-30',1,'2010-06-30','5.00','2010-07-20 17:09:54',31,'2010-07-20 17:13:55',1),(1247,203,'4.00','2010-06-30',1,'2010-06-30','4.00','2010-07-20 17:10:28',31,'2010-07-20 17:15:15',1),(1248,207,'6.00','2010-06-30',1,'2010-06-30','6.00','2010-07-20 17:11:00',31,'2010-07-20 17:15:26',1),(1249,84,'3.00','2010-06-30',1,'2010-06-30','3.00','2010-07-20 17:11:28',31,'2010-07-20 17:15:36',1),(1250,205,'8.00','2010-06-30',1,'2010-06-30','8.00','2010-07-20 17:11:56',31,'2010-07-20 17:15:45',1),(1251,204,'10.00','2010-06-30',1,'2010-06-30','10.00','2010-07-20 17:12:24',31,'2010-07-20 17:15:55',1),(1252,83,'36.00','2010-06-30',1,'2010-06-30','36.00','2010-07-20 17:12:58',31,'2010-07-20 17:16:05',1),(1253,163,'9.00','2010-06-30',1,'2010-06-30','9.00','2010-07-20 17:22:30',14,'2010-07-20 17:31:51',1),(1254,266,'1.00','2010-06-30',1,'2010-06-30','1.00','2010-07-20 17:22:57',14,'2010-07-20 17:31:41',1),(1255,269,'3.00','2010-06-30',1,'2010-06-30','3.00','2010-07-20 17:23:35',14,'2010-07-20 17:31:31',1),(1256,216,'2.00','2010-06-30',1,'2010-06-30','2.00','2010-07-20 17:24:03',14,'2010-07-20 17:31:21',1),(1257,105,'42.00','2010-06-30',1,'2010-06-30','42.00','2010-07-20 17:24:43',14,'2010-07-20 17:31:10',1),(1258,49,'8.00','2010-06-30',1,'2010-06-30','8.00','2010-07-20 17:26:31',14,'2010-07-20 17:30:59',1),(1259,150,'12.00','2010-06-30',1,'2010-06-30','12.00','2010-07-20 17:27:52',14,'2010-07-20 17:30:48',1),(1260,200,'500.00','2010-06-30',1,'2010-06-30','500.00','2010-07-20 17:28:48',14,'2010-07-20 17:30:36',1),(1261,169,'500.00','2010-06-30',1,'2010-06-30','500.00','2010-07-20 17:29:19',14,'2010-07-20 17:30:27',1),(1262,168,'500.00','2010-06-30',1,'2010-06-30','500.00','2010-07-20 17:29:47',14,'2010-07-20 17:30:17',1),(1263,279,'1.00','2010-06-30',1,'2010-06-30','1.00','2010-07-20 17:32:47',7,'2010-07-20 17:39:00',1),(1264,278,'2.00','2010-06-30',1,'2010-06-30','2.00','2010-07-20 17:33:19',7,'2010-07-20 17:38:50',1),(1265,280,'2.00','2010-06-30',1,'2010-06-30','2.00','2010-07-20 17:35:00',7,'2010-07-20 17:38:40',1),(1266,109,'154.00','2010-06-30',1,'2010-06-30','154.00','2010-07-20 17:35:35',7,'2010-07-20 17:38:30',1),(1267,291,'400.00','2010-06-30',1,'2010-06-30','400.00','2010-07-20 17:36:01',7,'2010-07-20 17:38:18',1),(1268,51,'250.00','2010-06-30',1,'2010-06-30','250.00','2010-07-20 17:36:57',7,'2010-07-20 17:38:07',1),(1269,284,'2.00','2010-06-30',1,'2010-06-30','2.00','2010-07-20 17:37:26',7,'2010-07-20 17:37:57',1),(1270,195,'36.00','2010-06-30',1,'2010-06-30','36.00','2010-07-20 17:42:55',51,'2010-07-20 17:43:53',1),(1271,10,'69.00','2010-06-30',1,'2010-06-30','69.00','2010-07-20 17:43:29',51,'2010-07-20 17:44:03',1),(1272,335,'8.00','2010-06-30',1,'2010-06-30','8.00','2010-07-20 17:46:05',70,'2010-07-20 17:46:29',1),(1273,157,'3.00','2010-06-30',1,'2010-06-30','3.00','2010-07-20 18:17:15',26,'2010-07-20 18:18:45',1),(1274,28,'47.00','2010-06-30',1,'2010-06-30','47.00','2010-07-20 18:17:48',26,'2010-07-20 18:18:34',1),(1275,164,'4.00','2010-06-30',1,'2010-06-30','4.00','2010-07-20 18:22:19',16,'2010-07-20 18:23:07',1),(1276,106,'5.00','2010-06-30',1,'2010-06-30','5.00','2010-07-20 18:23:59',37,'2010-07-20 18:24:25',1),(1277,152,'50.00','2010-06-30',1,'2010-06-30','50.00','2010-07-20 18:26:18',69,'2010-07-20 18:28:35',1),(1278,154,'20.00','2010-06-30',1,'2010-06-30','20.00','2010-07-20 18:26:51',69,'2010-07-20 18:28:25',1),(1279,177,'20.00','2010-06-30',1,'2010-06-30','20.00','2010-07-20 18:27:35',69,'2010-07-20 18:28:14',1),(1280,156,'6.00','2010-06-30',1,'2010-06-30','6.00','2010-07-20 18:29:47',5,'2010-07-20 18:31:50',1),(1281,24,'8.00','2010-06-30',1,'2010-06-30','8.00','2010-07-20 18:30:35',5,'2010-07-20 18:31:39',1),(1282,264,'3.00','2010-06-30',1,'2010-06-30','3.00','2010-07-20 18:31:04',5,'2010-07-20 18:31:30',1),(1283,174,'1.00','2010-06-30',1,'2010-06-30','1.00','2010-07-20 18:33:57',64,'2010-07-20 18:35:37',1),(1284,319,'1.00','2010-06-30',1,'2010-06-30','1.00','2010-07-20 18:34:30',64,'2010-07-20 18:35:47',1),(1285,90,'3.00','2010-06-30',1,'2010-06-30','3.00','2010-07-20 18:37:37',13,'2010-07-20 18:39:55',1),(1286,89,'2.00','2010-06-30',1,'2010-06-30','2.00','2010-07-20 18:38:10',13,'2010-07-20 18:40:05',1),(1287,91,'4.00','2010-06-30',1,'2010-06-30','4.00','2010-07-20 18:38:33',13,'2010-07-20 18:40:14',1),(1288,88,'18.00','2010-06-30',1,'2010-06-30','18.00','2010-07-20 18:39:11',13,'2010-07-20 18:40:25',1),(1289,267,'1.00','2010-06-30',1,'2010-06-30','1.00','2010-07-20 18:41:29',46,'2010-07-20 18:43:39',1),(1290,268,'3.00','2010-06-30',1,'2010-06-30','3.00','2010-07-20 18:42:17',46,'2010-07-20 18:43:49',1),(1291,130,'1.00','2010-06-30',1,'2010-06-30','1.00','2010-07-20 18:43:13',46,'2010-07-20 18:44:00',1),(1292,65,'10.00','2010-06-25',1,'2010-06-25','10.00','2010-07-20 18:57:11',28,'2010-07-20 19:08:48',1),(1293,64,'5.00','2010-06-25',1,'2010-06-25','5.00','2010-07-20 18:57:44',28,'2010-07-20 19:08:37',1),(1294,105,'10.00','2010-06-25',1,'2010-06-25','10.00','2010-07-20 18:58:10',28,'2010-07-20 19:08:25',1),(1295,243,'10.00','2010-06-25',1,'2010-06-25','10.00','2010-07-20 18:58:42',28,'2010-07-20 19:07:36',1),(1297,86,'3.00','2010-06-25',1,'2010-06-25','3.00','2010-07-20 19:02:40',28,'2010-07-20 19:07:17',1),(1298,148,'10.00','2010-06-25',1,'2010-06-25','10.00','2010-07-20 19:03:06',28,'2010-07-20 19:07:07',1),(1299,53,'300.00','2010-06-25',1,'2010-06-25','300.00','2010-07-20 19:03:54',28,'2010-07-20 19:06:57',1),(1300,66,'300.00','2010-06-25',1,'2010-06-25','300.00','2010-07-20 19:04:42',28,'2010-07-20 19:06:42',1),(1301,108,'2.00','2010-06-25',1,'2010-06-25','2.00','2010-07-20 19:05:13',28,'2010-07-20 19:06:31',1),(1302,101,'3.00','2010-06-25',1,'2010-06-25','3.00','2010-07-20 19:05:47',28,'2010-07-20 19:06:21',1),(1303,196,'4.00','2010-07-09',1,'2010-07-09','4.00','2010-07-20 19:15:20',28,'2010-07-20 19:23:39',1),(1304,34,'3.00','2010-07-09',1,'2010-07-09','3.00','2010-07-20 19:15:44',28,'2010-07-20 19:23:48',1),(1305,148,'2.00','2010-07-09',1,'2010-07-09','2.00','2010-07-20 19:16:06',28,'2010-07-20 19:23:59',1),(1306,86,'1.00','2010-07-09',1,'2010-07-09','1.00','2010-07-20 19:16:35',28,'2010-07-20 19:24:09',1),(1307,64,'3.00','2010-07-09',1,'2010-07-09','3.00','2010-07-20 19:17:29',28,'2010-07-20 19:24:19',1),(1308,65,'1.00','2010-07-09',1,'2010-07-09','1.00','2010-07-20 19:18:03',28,'2010-07-20 19:24:31',1),(1309,48,'2.00','2010-07-09',1,'2010-07-09','2.00','2010-07-20 19:18:28',28,'2010-07-20 19:24:39',1),(1310,79,'2.00','2010-07-09',1,'2010-07-09','2.00','2010-07-20 19:20:13',28,'2010-07-20 19:24:48',1),(1311,32,'1.00','2010-07-09',1,'2010-07-09','1.00','2010-07-20 19:20:43',28,'2010-07-20 19:24:56',1),(1312,26,'2.00','2010-07-09',1,'2010-07-09','2.00','2010-07-20 19:21:10',28,'2010-07-20 19:25:04',1),(1313,46,'2.00','2010-07-09',1,'2010-07-09','2.00','2010-07-20 19:21:31',28,'2010-07-20 19:25:13',1),(1314,107,'1.00','2010-07-09',1,'2010-07-09','1.00','2010-07-20 19:22:01',28,'2010-07-20 19:25:21',1),(1315,10,'1.00','2010-07-09',1,'2010-07-09','1.00','2010-07-20 19:22:29',28,'2010-07-20 19:25:29',1),(1316,66,'50.00','2010-07-09',1,'2010-07-09','50.00','2010-07-20 19:23:03',28,'2010-07-20 19:23:30',1),(1317,70,'3.00','2010-07-13',1,'2010-07-13','3.00','2010-07-20 19:27:20',19,'2010-07-20 19:29:50',1),(1321,65,'2.00','2010-07-13',1,'2010-07-13','2.00','2010-07-20 19:35:14',37,'2010-07-20 19:42:12',1),(1319,74,'1.00','2010-07-13',1,'2010-07-13','1.00','2010-07-20 19:28:30',19,'2010-07-20 19:29:21',1),(1320,338,'4.00','2010-07-13',1,'2010-07-13','4.00','2010-07-20 19:28:52',19,'2010-07-20 19:29:14',1),(1322,64,'1.00','2010-07-13',1,'2010-07-13','1.00','2010-07-20 19:36:20',37,'2010-07-20 19:42:04',1),(1323,66,'12.00','2010-07-13',1,'2010-07-13','12.00','2010-07-20 19:37:06',37,'2010-07-20 19:41:53',1),(1324,52,'12.00','2010-07-13',1,'2010-07-13','12.00','2010-07-20 19:37:53',37,'2010-07-20 19:41:35',1),(1325,196,'3.00','2010-07-13',1,'2010-07-13','3.00','2010-07-20 19:38:17',37,'2010-07-20 19:41:18',1),(1328,261,'3.00','2010-07-14',1,'2010-07-14','3.00','2010-07-20 19:46:24',5,'2010-07-20 19:50:54',1),(1327,9,'2.00','2010-07-13',1,'2010-07-13','2.00','2010-07-20 19:39:46',37,'2010-07-20 19:40:42',1),(1329,43,'2.00','2010-07-14',1,'2010-07-14','2.00','2010-07-20 19:46:44',5,'2010-07-20 19:50:39',1),(1330,65,'2.00','2010-07-14',1,'2010-07-14','2.00','2010-07-20 19:47:14',5,'2010-07-20 19:50:25',1),(1331,62,'5.00','2010-07-14',1,'2010-07-14','5.00','2010-07-20 19:47:35',5,'2010-07-20 19:50:13',1),(1332,79,'2.00','2010-07-14',1,'2010-07-14','2.00','2010-07-20 19:48:00',5,'2010-07-20 19:50:00',1),(1333,66,'50.00','2010-07-14',1,'2010-07-14','50.00','2010-07-20 19:48:21',5,'2010-07-20 19:49:47',1),(1334,86,'1.00','2010-07-14',1,'2010-07-14','1.00','2010-07-20 19:51:43',51,'2010-07-20 19:52:04',1),(1335,66,'100.00','2010-07-20',1,'2010-07-20','100.00','2010-07-20 19:54:14',28,'2010-07-20 19:58:27',1),(1336,65,'2.00','2010-07-20',1,'2010-07-20','2.00','2010-07-20 19:54:43',28,'2010-07-20 19:58:33',1),(1337,148,'1.00','2010-07-20',1,'2010-07-20','1.00','2010-07-20 19:55:03',28,'2010-07-20 19:58:40',1),(1338,65,'3.00','2010-07-20',1,'2010-07-20','3.00','2010-07-20 19:55:51',14,'2010-07-20 19:58:50',1),(1339,264,'5.00','2010-07-20',1,'2010-07-20','5.00','2010-07-20 19:56:11',14,'2010-07-20 19:58:59',1),(1340,62,'4.00','2010-07-20',1,'2010-07-20','4.00','2010-07-20 19:56:36',14,'2010-07-20 19:59:06',1),(1341,107,'2.00','2010-07-20',1,'2010-07-20','2.00','2010-07-20 19:57:10',14,'2010-07-20 19:59:12',1),(1342,48,'2.00','2010-07-20',1,'2010-07-20','2.00','2010-07-20 19:57:38',14,'2010-07-20 19:59:18',1),(1343,14,'1.00','2010-07-20',1,'2010-07-20','1.00','2010-07-20 19:57:58',14,'2010-07-20 19:59:23',1),(1344,323,'30.00','2010-07-13',1,'2010-07-13','30.00','2010-07-21 11:01:07',19,'2010-07-21 11:04:21',1),(1345,218,'1.00','2010-07-13',1,'2010-07-13','1.00','2010-07-21 11:02:49',37,'2010-07-21 11:04:30',1),(1346,69,'3.00','2010-07-13',1,'2010-07-13','3.00','2010-07-21 11:03:14',37,'2010-07-21 11:04:39',1),(1347,156,'2.00','2010-07-14',1,'2010-07-14','2.00','2010-07-21 11:04:01',5,'2010-07-21 11:04:47',1),(1348,64,'22.00','2010-06-11',1,'2010-06-11','22.00','2010-07-23 15:54:32',28,'2010-07-28 10:06:50',1),(1349,65,'25.00','2010-06-11',1,'2010-06-11','25.00','2010-07-23 15:56:30',28,'2010-07-28 10:07:26',1),(1350,65,'25.00','2010-06-11',1,'2010-06-11','25.00','2010-07-23 16:00:03',28,'2010-07-28 10:08:01',1),(1351,148,'10.00','2010-06-11',1,'2010-06-11','10.00','2010-07-23 16:01:41',28,'2010-07-28 10:09:07',1),(1352,37,'24.00','2010-06-11',1,'2010-06-11','24.00','2010-07-23 16:05:25',28,'2010-07-28 10:10:18',1),(1353,107,'5.00','2010-06-11',1,'2010-06-11','5.00','2010-07-23 16:06:36',28,'2010-07-28 10:10:49',1),(1354,9,'12.00','2010-06-11',1,'2010-06-11','12.00','2010-07-23 16:07:08',28,'2010-07-27 15:20:32',30),(1355,10,'10.00','2010-06-11',1,'2010-06-11','10.00','2010-07-23 16:07:42',28,'2010-07-28 10:14:11',1),(1356,352,'10.00','2010-06-11',1,'2010-06-11','10.00','2010-07-23 16:08:39',28,'2010-07-28 10:13:42',1),(1357,56,'10.00','2010-06-11',1,'2010-06-11','10.00','2010-07-23 16:09:18',28,'2010-07-28 10:13:13',1),(1358,29,'10.00','2010-06-11',1,'2010-06-11','10.00','2010-07-23 16:09:41',28,'2010-07-28 10:12:39',1),(1359,156,'11.00','2010-06-11',1,'2010-06-11','11.00','2010-07-23 16:11:01',28,'2010-07-28 10:12:11',1),(1360,58,'500.00','2010-05-11',1,'2010-05-11','500.00','2010-07-23 16:11:34',28,'2010-07-28 10:09:38',1),(1361,79,'5.00','2010-06-11',1,'2010-06-11','5.00','2010-07-23 16:12:04',28,'2010-07-28 10:11:25',1),(1362,23,'5.00','2010-06-11',1,'2010-06-11','5.00','2010-07-23 16:12:53',28,'2010-07-28 10:14:49',1),(1363,260,'10.00','2010-06-11',1,'2010-06-08','10.00','2010-07-23 16:13:23',28,'2010-07-28 13:16:03',30),(1364,133,'10.00','2010-06-11',1,'2010-06-11','10.00','2010-07-23 16:13:45',28,'2010-07-28 12:59:30',30),(1365,52,'100.00','2010-06-11',1,'2010-06-11','100.00','2010-07-23 16:14:15',28,'2010-07-28 13:39:53',30),(1366,66,'100.00','2010-06-11',1,'2010-06-11','100.00','2010-07-23 16:14:43',28,'2010-07-28 11:39:04',30),(1367,213,'29.00','2010-05-15',1,'2010-05-15','29.00','2010-07-23 16:25:53',28,'2010-07-28 11:38:37',30),(1368,234,'29.00','2010-05-15',1,'2010-05-15','29.00','2010-07-23 16:26:49',28,'2010-07-28 11:34:30',1),(1369,105,'29.00','2010-05-15',1,'2010-05-15','29.00','2010-07-23 16:27:19',28,'2010-07-28 11:30:41',1),(1370,39,'29.00','2010-05-15',1,'2010-05-15','29.00','2010-07-23 16:28:00',28,'2010-07-28 11:29:59',1),(1371,27,'29.00','2010-05-15',1,'2010-05-15','29.00','2010-07-23 16:28:32',28,'2010-07-28 10:56:00',1),(1372,47,'29.00','2010-05-15',1,'2010-05-15','29.00','2010-07-23 16:29:02',28,'2010-07-28 10:42:48',1),(1373,65,'2.00','2010-05-14',1,'2010-05-14','2.00','2010-07-23 16:33:52',28,'2010-07-28 14:00:51',30),(1374,353,'2.00','2010-05-14',1,'2010-06-03','2.00','2010-07-23 16:35:00',28,'2010-07-28 11:35:38',30),(1375,39,'6.00','2010-05-14',1,'2010-05-14','6.00','2010-07-23 16:35:42',28,'2010-07-28 11:34:18',30),(1376,86,'1.00','2010-05-14',1,'2010-05-14','1.00','2010-07-23 16:36:36',28,'2010-07-28 14:03:58',30),(1377,65,'2.00','2010-07-21',1,'2010-07-21','2.00','2010-07-26 10:39:51',17,'2010-07-28 13:58:15',30),(1378,66,'10.00','2010-07-21',1,'2010-07-21','10.00','2010-07-26 10:40:25',17,'2010-07-28 11:29:10',1),(1379,61,'1.00','2010-07-21',1,'2010-07-21','1.00','2010-07-26 10:40:57',17,'2010-07-28 11:31:53',30),(1380,59,'100.00','2010-07-21',1,'2010-07-21','100.00','2010-07-26 10:41:23',17,'2010-07-28 11:31:17',30),(1381,10,'2.00','2010-07-21',1,'2010-07-21','2.00','2010-07-26 10:41:54',17,'2010-07-28 11:30:32',30),(1382,52,'2.00','2010-07-21',1,'2010-07-21','2.00','2010-07-26 10:42:24',17,'2010-07-28 11:17:38',30),(1383,309,'100.00','2010-07-21',1,'2010-07-21','100.00','2010-07-26 10:43:14',17,'2010-07-28 11:17:13',30),(1384,107,'1.00','2010-07-21',1,'2010-07-21','1.00','2010-07-26 10:43:39',17,'2010-07-28 11:16:48',30),(1385,65,'2.00','2010-07-21',1,'2010-07-21','2.00','2010-07-26 10:45:45',28,'2010-07-28 13:51:11',30),(1386,64,'1.00','2010-07-21',1,'2010-07-21','1.00','2010-07-26 10:46:22',28,'2010-07-28 11:15:05',30),(1387,267,'18.00','2010-07-21',1,'2010-07-21','18.00','2010-07-26 10:47:35',46,'2010-07-28 10:18:50',1),(1388,65,'3.00','2010-07-21',1,'2010-07-21','3.00','2010-07-26 10:48:49',20,'2010-07-28 13:54:20',30),(1389,148,'1.00','2010-07-21',1,'2010-07-21','1.00','2010-07-26 10:49:41',20,'2010-07-28 11:14:29',30),(1390,65,'3.00','2010-07-21',1,'2010-07-21','3.00','2010-07-26 10:52:10',56,'2010-07-28 11:14:00',30),(1391,61,'2.00','2010-07-21',1,'2010-07-21','2.00','2010-07-26 10:53:01',56,'2010-07-28 11:13:32',30),(1392,210,'1.00','2010-07-21',1,'2010-07-21','1.00','2010-07-26 10:53:38',56,'2010-07-28 11:12:56',30),(1393,66,'10.00','2010-07-21',1,'2010-07-21','10.00','2010-07-26 10:54:09',56,'2010-07-28 11:12:32',30),(1394,156,'1.00','2010-07-21',1,'2010-07-21','1.00','2010-07-26 10:54:40',56,'2010-07-28 11:12:00',30),(1395,157,'1.00','2010-07-21',1,'2010-07-21','1.00','2010-07-26 10:55:14',56,'2010-07-28 11:11:31',30),(1396,79,'1.00','2010-07-21',1,'2010-07-21','1.00','2010-07-26 10:55:42',56,'2010-07-28 11:11:00',30),(1397,12,'1.00','2010-07-21',1,'2010-07-21','1.00','2010-07-26 10:56:16',56,'2010-07-28 11:10:29',30),(1398,10,'2.00','2010-07-21',1,'2010-07-21','2.00','2010-07-26 10:57:02',56,'2010-07-28 11:09:47',30),(1399,86,'1.00','2010-07-21',1,'2010-07-21','1.00','2010-07-26 10:57:22',56,'2010-07-28 11:09:14',30),(1400,308,'275.00','2010-07-21',1,'2010-07-21','275.00','2010-07-26 10:59:27',64,'2010-07-28 11:08:24',30),(1401,200,'250.00','2010-07-21',1,'2010-07-21','250.00','2010-07-26 11:00:17',64,'2010-07-28 11:06:39',30),(1402,222,'500.00','2010-07-21',1,'2010-07-21','500.00','2010-07-26 11:02:04',64,'2010-07-28 10:41:19',1),(1403,65,'10.00','2010-07-21',1,'2010-07-21','10.00','2010-07-26 11:03:01',64,'2010-07-28 13:50:38',30),(1404,327,'15.00','2010-07-21',1,'2010-07-21','15.00','2010-07-26 11:04:31',64,'2010-07-28 10:54:38',1),(1405,149,'2.00','2010-07-21',1,'2010-07-21','2.00','2010-07-26 11:05:47',64,'2010-07-28 10:55:03',1),(1406,70,'24.00','2010-07-21',1,'2010-07-21','24.00','2010-07-26 11:06:23',64,'2010-07-28 10:51:49',1),(1407,167,'2.00','2010-07-21',1,'2010-07-21','2.00','2010-07-26 11:06:59',64,'2010-07-28 10:55:32',1),(1408,74,'1.00','2010-07-21',1,'2010-07-21','1.00','2010-07-26 11:07:33',64,'2010-07-28 11:27:54',30),(1409,238,'2.00','2010-07-21',1,'2010-07-21','2.00','2010-07-26 11:08:23',64,'2010-07-28 11:27:32',30),(1410,156,'2.00','2010-07-21',1,'2010-07-21','2.00','2010-07-26 11:08:59',64,'2010-07-28 11:27:03',30),(1411,157,'1.00','2010-07-21',1,'2010-07-21','1.00','2010-07-26 11:09:26',64,'2010-07-28 11:26:32',30),(1412,79,'2.00','2010-07-21',1,'2010-07-21','2.00','2010-07-26 11:10:00',64,'2010-07-28 11:26:01',30),(1413,12,'1.00','2010-07-21',1,'2010-07-21','1.00','2010-07-26 11:10:37',64,'2010-07-28 11:25:37',30),(1414,39,'12.00','2010-07-21',1,'2010-07-21','12.00','2010-07-26 11:11:33',64,'2010-07-28 11:25:07',30),(1415,38,'12.00','2010-07-21',1,'2010-07-21','12.00','2010-07-26 11:12:17',64,'2010-07-28 11:24:42',30),(1416,27,'5.00','2010-07-21',1,'2010-07-21','5.00','2010-07-26 11:12:45',64,'2010-07-28 10:53:26',1),(1417,349,'200.00','2010-07-21',1,'2010-07-21','200.00','2010-07-26 11:13:13',64,'2010-07-28 10:38:12',1),(1418,67,'200.00','2010-07-21',1,'2010-07-21','200.00','2010-07-26 11:13:38',64,'2010-07-28 10:37:51',1),(1419,354,'50.00','2010-07-21',1,'2010-07-21','50.00','2010-07-26 11:18:57',64,'2010-07-28 10:43:19',1),(1420,267,'1.00','2010-07-21',1,'2010-07-21','1.00','2010-07-26 11:19:47',64,'2010-07-28 10:52:40',1),(1421,61,'1.00','2010-07-21',1,'2010-07-21','1.00','2010-07-26 11:20:17',64,'2010-07-28 10:53:05',1),(1422,65,'2.00','2010-07-21',1,'2010-07-21','2.00','2010-07-26 11:20:59',64,'2010-07-28 10:30:03',1),(1423,355,'2.00','2010-07-21',1,'2010-07-21','2.00','2010-07-26 11:30:03',64,'2010-07-28 10:30:43',1),(1424,64,'20.00','2010-06-14',1,'2010-06-14','20.00','2010-07-26 13:28:19',17,'2010-07-28 13:45:45',30),(1425,65,'20.00','2010-06-14',1,'2010-06-14','20.00','2010-07-26 13:29:24',17,'2010-07-28 13:45:12',30),(1426,107,'2.00','2010-06-14',1,'2010-06-14','2.00','2010-07-26 13:29:54',17,'2010-07-28 10:33:40',1),(1427,148,'1.00','2010-06-14',1,'2010-06-14','1.00','2010-07-26 13:30:34',17,'2010-07-28 10:33:13',1),(1428,37,'12.00','2010-06-14',1,'2010-06-14','12.00','2010-07-26 13:31:11',17,'2010-07-28 10:32:42',1),(1429,86,'2.00','2010-06-14',1,'2010-06-14','2.00','2010-07-26 13:31:45',17,'2010-07-28 10:32:15',1),(1430,350,'2.00','2010-06-14',1,'2010-06-14','2.00','2010-07-26 13:32:22',17,'2010-07-28 10:34:06',1),(1431,351,'2.00','2010-06-14',1,'2010-06-14','2.00','2010-07-26 13:32:51',17,'2010-07-28 10:34:38',1),(1432,29,'10.00','2010-06-14',1,'2010-06-14','10.00','2010-07-26 13:33:34',17,'2010-07-28 10:35:32',1),(1433,66,'100.00','2010-06-14',1,'2010-06-14','100.00','2010-07-26 13:34:10',17,'2010-07-28 10:35:09',1),(1434,23,'10.00','2010-06-14',1,'2010-06-14','10.00','2010-07-26 13:34:41',17,'2010-07-28 10:36:06',1),(1435,260,'5.00','2010-06-14',1,'2010-06-14','5.00','2010-07-26 13:35:17',17,'2010-07-28 10:36:35',1),(1436,133,'10.00','2010-06-14',1,'2010-06-14','10.00','2010-07-26 13:35:58',17,'2010-07-28 10:29:39',1),(1437,52,'104.00','2010-06-14',1,'2010-06-14','104.00','2010-07-26 13:36:28',17,'2010-07-28 10:29:07',1),(1438,56,'10.00','2010-06-14',1,'2010-06-14','10.00','2010-07-26 13:37:07',17,'2010-07-28 10:28:37',1),(1439,156,'104.00','2010-06-14',1,'2010-06-14','104.00','2010-07-26 13:37:45',17,'2010-07-28 11:22:30',30),(1440,79,'10.00','2010-06-14',1,'2010-06-14','10.00','2010-07-26 13:38:40',17,'2010-07-28 10:06:04',1),(1441,9,'10.00','2010-06-14',1,'2010-06-14','10.00','2010-07-26 13:39:13',17,'2010-07-28 10:05:10',1),(1442,10,'10.00','2010-06-14',1,'2010-06-14','10.00','2010-07-26 13:39:51',17,'2010-07-28 10:05:29',30),(1443,352,'5.00','2010-06-14',1,'2010-06-14','5.00','2010-07-26 13:40:31',17,'2010-07-28 10:04:23',30),(1444,86,'4.00','2010-07-08',1,'2010-07-08','4.00','2010-07-26 13:43:03',5,'2010-07-28 10:03:53',30),(1445,350,'3.00','2010-07-08',1,'2010-07-08','3.00','2010-07-26 13:43:32',5,'2010-07-28 10:03:26',30),(1446,351,'3.00','2010-07-08',1,'2010-07-08','3.00','2010-07-26 13:43:54',5,'2010-07-28 10:03:02',30),(1447,148,'10.00','2010-07-08',1,'2010-07-08','10.00','2010-07-26 13:44:26',5,'2010-07-28 10:02:42',30),(1448,37,'24.00','2010-07-08',1,'2010-07-08','24.00','2010-07-26 13:45:02',5,'2010-07-28 10:02:14',30),(1449,64,'22.00','2010-07-08',1,'2010-07-08','22.00','2010-07-26 13:45:35',5,'2010-07-28 10:01:43',30),(1450,65,'22.00','2010-07-08',1,'2010-07-08','22.00','2010-07-26 13:46:13',5,'2010-07-28 10:01:19',30),(1451,107,'4.00','2010-07-08',1,'2010-07-08','4.00','2010-07-26 13:46:52',5,'2010-07-28 10:00:54',30),(1452,29,'10.00','2010-07-08',1,'2010-07-08','10.00','2010-07-26 13:47:21',5,'2010-07-28 10:00:30',30),(1453,156,'10.00','2010-07-08',1,'2010-07-08','10.00','2010-07-26 13:47:56',5,'2010-07-28 10:00:06',30),(1454,58,'500.00','2010-07-08',1,'2010-07-08','500.00','2010-07-26 13:48:43',5,'2010-07-28 09:59:45',30),(1455,79,'10.00','2010-07-08',1,'2010-07-08','10.00','2010-07-26 13:49:40',5,'2010-07-28 09:58:26',30),(1456,9,'12.00','2010-07-08',1,'2010-07-08','12.00','2010-07-26 13:50:16',5,'2010-07-28 09:57:25',30),(1457,10,'10.00','2010-07-08',1,'2010-07-08','10.00','2010-07-26 13:50:47',5,'2010-07-28 09:56:50',30),(1458,352,'10.00','2010-07-08',1,'2010-07-08','10.00','2010-07-26 13:51:17',5,'2010-07-28 09:56:25',30),(1459,56,'10.00','2010-07-08',1,'2010-07-08','10.00','2010-07-26 13:51:53',5,'2010-07-28 09:55:55',30),(1460,66,'100.00','2010-07-08',1,'2010-07-08','100.00','2010-07-26 13:52:21',5,'2010-07-28 09:55:17',30),(1461,23,'5.00','2010-07-08',1,'2010-07-08','5.00','2010-07-26 13:53:02',5,'2010-07-28 09:54:49',30),(1462,260,'10.00','2010-07-08',1,'2010-07-08','10.00','2010-07-26 13:53:39',5,'2010-07-28 13:17:03',30),(1463,133,'10.00','2010-07-08',1,'2010-07-08','10.00','2010-07-26 13:54:07',5,'2010-07-28 09:37:23',30),(1464,52,'100.00','2010-07-08',1,'2010-07-08','100.00','2010-07-26 13:54:46',5,'2010-07-28 09:36:56',30),(1465,86,'2.00','2010-06-21',1,'2010-06-21','2.00','2010-07-26 13:56:52',20,'2010-07-28 09:36:26',30),(1466,64,'15.00','2010-06-21',1,'2010-06-21','15.00','2010-07-26 13:57:32',20,'2010-07-28 09:35:58',30),(1467,65,'15.00','2010-06-21',1,'2010-06-21','15.00','2010-07-26 13:58:36',20,'2010-07-28 09:35:27',30),(1468,29,'10.00','2010-06-21',1,'2010-06-21','10.00','2010-07-26 13:59:10',20,'2010-07-28 09:34:50',30),(1469,156,'10.00','2010-06-21',1,'2010-06-21','10.00','2010-07-26 13:59:47',20,'2010-07-28 09:34:11',30),(1470,148,'5.00','2010-06-21',1,'2010-06-21','5.00','2010-07-26 14:00:21',20,'2010-07-28 09:33:43',30),(1471,9,'5.00','2010-06-21',1,'2010-06-21','5.00','2010-07-26 14:01:01',20,'2010-07-28 09:32:55',30),(1472,52,'50.00','2010-06-21',1,'2010-06-21','50.00','2010-07-26 14:01:33',20,'2010-07-28 09:32:18',30),(1473,66,'100.00','2010-06-21',1,'2010-06-21','100.00','2010-07-26 14:02:04',20,'2010-07-28 09:31:39',30),(1474,79,'13.00','2010-06-21',1,'2010-06-21','13.00','2010-07-26 14:02:36',20,'2010-07-28 09:31:06',30),(1475,9,'10.00','2010-06-21',1,'2010-06-21','10.00','2010-07-26 14:03:17',20,'2010-07-28 09:30:22',30),(1476,86,'2.00','2010-07-07',1,'2010-07-07','2.00','2010-07-26 14:06:21',26,'2010-07-28 09:29:49',30),(1477,64,'10.00','2010-07-07',1,'2010-07-07','10.00','2010-07-26 14:07:09',26,'2010-07-28 09:29:23',30),(1478,65,'10.00','2010-07-07',1,'2010-07-07','10.00','2010-07-26 14:08:12',26,'2010-07-28 09:28:31',30),(1479,156,'3.00','2010-07-07',1,'2010-07-07','3.00','2010-07-26 14:08:50',26,'2010-07-28 09:28:04',30),(1480,148,'1.00','2010-07-07',1,'2010-07-07','1.00','2010-07-26 14:09:27',26,'2010-07-28 09:27:37',30),(1481,9,'5.00','2010-07-07',1,'2010-07-07','5.00','2010-07-26 14:10:42',26,'2010-07-28 09:27:02',30),(1482,52,'50.00','2010-07-07',1,'2010-07-07','50.00','2010-07-26 14:11:26',26,'2010-07-28 09:23:29',30),(1483,64,'22.00','2010-07-05',1,'2010-07-05','22.00','2010-07-26 14:28:36',26,'2010-07-28 09:22:52',30),(1484,65,'22.00','2010-07-05',1,'2010-07-05','22.00','2010-07-26 14:29:08',26,'2010-07-28 09:22:15',30),(1485,107,'4.00','2010-07-05',1,'2010-07-05','4.00','2010-07-26 14:29:42',26,'2010-07-28 09:21:50',30),(1486,148,'7.00','2010-07-05',1,'2010-07-05','7.00','2010-07-26 14:30:10',26,'2010-07-28 09:21:21',30),(1487,37,'24.00','2010-07-05',1,'2010-07-05','24.00','2010-07-26 14:30:52',26,'2010-07-28 09:20:52',30),(1488,86,'2.00','2010-07-26',1,'2010-07-26','2.00','2010-07-26 14:31:17',26,'2010-07-28 09:19:47',30),(1489,350,'2.00','2010-07-05',1,'2010-07-05','2.00','2010-07-26 14:31:42',26,'2010-07-28 09:18:42',30),(1490,351,'2.00','2010-07-05',1,'2010-07-05','2.00','2010-07-26 14:32:21',26,'2010-07-28 09:18:17',30),(1491,29,'10.00','2010-07-05',1,'2010-07-05','10.00','2010-07-26 14:32:55',26,'2010-07-28 09:17:49',30),(1492,156,'11.00','2010-07-05',1,'2010-07-05','11.00','2010-07-26 14:33:44',26,'2010-07-28 09:17:23',30),(1493,58,'500.00','2010-07-05',1,'2010-07-05','500.00','2010-07-26 14:34:27',26,'2010-07-28 09:16:56',30),(1494,23,'5.00','2010-07-05',1,'2010-07-05','5.00','2010-07-26 14:35:04',26,'2010-07-28 09:15:47',30),(1495,260,'10.00','2010-07-05',1,'2010-07-05','10.00','2010-07-26 14:35:45',26,'2010-07-28 09:15:22',30),(1496,133,'10.00','2010-07-05',1,'2010-07-05','10.00','2010-07-26 14:36:19',26,'2010-07-28 09:14:51',30),(1497,52,'100.00','2010-07-05',1,'2010-07-05','100.00','2010-07-26 14:36:51',26,'2010-07-28 09:14:19',30),(1498,56,'10.00','2010-07-05',1,'2010-07-05','10.00','2010-07-26 14:37:25',26,'2010-07-28 09:13:47',30),(1499,66,'100.00','2010-07-05',1,'2010-07-05','100.00','2010-07-26 14:37:53',26,'2010-07-28 09:13:19',30),(1500,79,'10.00','2010-07-05',1,'2010-07-05','10.00','2010-07-26 14:38:23',26,'2010-07-28 09:12:54',30),(1501,9,'12.00','2010-07-05',1,'2010-07-05','12.00','2010-07-26 14:39:01',26,'2010-07-28 09:12:18',30),(1502,10,'10.00','2010-07-05',1,'2010-07-05','10.00','2010-07-26 14:39:28',26,'2010-07-28 09:09:48',30),(1503,352,'10.00','2010-07-05',1,'2010-07-05','10.00','2010-07-26 14:40:08',26,'2010-07-28 09:09:23',30),(1504,86,'1.00','2010-06-10',1,'2010-06-10','1.00','2010-07-26 14:44:30',5,'2010-07-28 09:08:24',30),(1505,64,'4.00','2010-06-10',1,'2010-06-10','4.00','2010-07-26 14:45:01',5,'2010-07-28 09:07:52',30),(1506,65,'2.00','2010-06-10',1,'2010-06-10','2.00','2010-07-26 14:45:42',5,'2010-07-28 09:07:20',30),(1507,29,'5.00','2010-06-10',1,'2010-06-10','5.00','2010-07-26 14:46:31',5,'2010-07-28 09:06:13',30),(1508,156,'5.00','2010-06-10',1,'2010-06-10','5.00','2010-07-26 14:47:08',5,'2010-07-28 09:05:38',30),(1509,148,'1.00','2010-06-10',1,'2010-06-10','1.00','2010-07-26 14:47:35',5,'2010-07-28 09:04:37',30),(1510,9,'4.00','2010-06-10',1,'2010-06-10','4.00','2010-07-26 14:48:21',5,'2010-07-28 09:04:07',30),(1511,52,'80.00','2010-06-10',1,'2010-06-10','80.00','2010-07-26 14:48:50',5,'2010-07-28 09:03:27',30),(1512,66,'100.00','2010-06-10',1,'2010-06-10','100.00','2010-07-26 14:49:16',5,'2010-07-28 09:02:52',30),(1513,65,'2.00','2010-06-09',1,'2010-06-09','2.00','2010-07-26 14:51:47',5,'2010-07-28 09:02:05',30),(1514,213,'15.00','2010-06-09',1,'2010-06-09','15.00','2010-07-26 14:52:23',5,'2010-07-28 09:01:27',30),(1515,39,'24.00','2010-06-09',1,'2010-06-09','24.00','2010-07-26 14:53:46',5,'2010-07-28 09:00:59',30),(1516,234,'15.00','2010-06-09',1,'2010-06-09','15.00','2010-07-26 14:54:19',5,'2010-07-28 09:00:29',30),(1517,75,'15.00','2010-06-09',1,'2010-06-09','15.00','2010-07-26 14:54:50',5,'2010-07-28 08:59:11',30),(1518,70,'26.00','2010-06-09',1,'2010-06-09','26.00','2010-07-26 14:55:29',5,'2010-07-28 08:01:33',1),(1519,65,'10.00','2010-06-03',1,'2010-06-03','10.00','2010-07-26 15:00:13',20,'2010-07-28 08:01:10',1),(1520,213,'30.00','2010-06-03',1,'2010-06-03','30.00','2010-07-26 15:00:58',20,'2010-07-28 08:00:46',1),(1521,39,'24.00','2010-06-03',1,'2010-06-03','24.00','2010-07-26 15:01:27',20,'2010-07-28 07:58:12',1),(1522,38,'36.00','2010-06-03',1,'2010-06-03','36.00','2010-07-26 15:01:52',20,'2010-07-28 01:06:49',30),(1523,105,'24.00','2010-06-03',1,'2010-06-03','24.00','2010-07-26 15:02:23',20,'2010-07-28 01:06:10',30),(1524,148,'5.00','2010-06-03',1,'2010-06-03','5.00','2010-07-26 15:03:11',20,'2010-07-28 01:05:28',30),(1525,70,'12.00','2010-06-03',1,'2010-06-03','12.00','2010-07-26 15:03:46',20,'2010-07-28 01:04:42',30),(1526,52,'20.00','2010-06-03',1,'2010-05-03','20.00','2010-07-26 15:04:18',20,'2010-07-28 01:03:43',30),(1527,27,'36.00','2010-06-03',1,'2010-06-03','36.00','2010-07-26 15:04:47',20,'2010-07-28 01:03:07',30),(1528,66,'100.00','2010-06-03',1,'2010-06-03','100.00','2010-07-26 15:11:28',20,'2010-07-28 01:02:05',30),(1529,150,'20.00','2010-06-03',1,'2010-06-03','20.00','2010-07-26 15:12:39',20,'2010-07-28 01:01:32',30),(1530,244,'12.00','2010-06-03',1,'2010-06-03','12.00','2010-07-26 15:14:04',20,'2010-07-28 01:01:02',30),(1531,156,'12.00','2010-06-03',1,'2010-06-03','12.00','2010-07-26 15:15:33',20,'2010-07-28 01:00:30',30),(1532,34,'20.00','2010-06-03',1,'2010-06-03','20.00','2010-07-26 15:16:41',20,'2010-07-28 01:00:01',30),(1533,107,'12.00','2010-06-03',1,'2010-06-03','12.00','2010-07-26 15:17:30',20,'2010-07-28 00:59:31',30),(1534,47,'12.00','2010-06-03',1,'2010-06-03','12.00','2010-07-26 15:18:49',20,'2010-07-28 00:58:47',30),(1535,159,'12.00','2010-06-03',1,'2010-06-03','12.00','2010-07-26 15:20:00',20,'2010-07-28 00:58:17',30),(1536,160,'12.00','2010-06-03',1,'2010-06-03','12.00','2010-07-26 15:21:23',20,'2010-07-28 00:57:43',30),(1537,21,'24.00','2010-06-03',1,'2010-06-03','24.00','2010-07-26 15:22:13',20,'2010-07-28 00:57:12',30),(1538,76,'5.00','2010-06-03',1,'2010-06-03','5.00','2010-07-26 15:22:58',20,'2010-07-28 00:56:20',30),(1539,156,'10.00','2010-07-03',1,'2010-06-03','10.00','2010-07-26 15:23:39',20,'2010-07-28 00:55:48',30),(1540,62,'24.00','2010-06-03',1,'2010-06-03','24.00','2010-07-26 15:24:11',20,'2010-07-28 00:55:16',30),(1541,64,'20.00','2010-06-09',1,'2010-06-09','20.00','2010-07-26 15:29:15',51,'2010-07-28 00:54:18',30),(1542,65,'20.00','2010-06-09',1,'2010-06-09','20.00','2010-07-26 15:30:05',51,'2010-07-28 00:53:42',30),(1543,86,'2.00','2010-06-09',1,'2010-06-09','2.00','2010-07-26 15:30:36',51,'2010-07-28 00:53:11',30),(1544,29,'10.00','2010-06-09',1,'2010-06-09','10.00','2010-07-26 15:31:08',51,'2010-07-28 00:52:41',30),(1545,66,'100.00','2010-06-09',1,'2010-06-09','100.00','2010-07-26 15:31:41',51,'2010-07-28 00:52:06',30),(1546,79,'2.00','2010-06-09',1,'2010-06-09','2.00','2010-07-26 15:32:27',51,'2010-07-28 00:51:34',30),(1547,9,'3.00','2010-06-09',1,'2010-06-09','3.00','2010-07-26 15:33:05',51,'2010-07-28 00:51:03',30),(1548,52,'50.00','2010-06-09',1,'2010-06-09','50.00','2010-07-26 15:33:44',51,'2010-07-28 00:50:31',30),(1549,156,'10.00','2010-06-09',1,'2010-06-09','10.00','2010-07-26 15:34:19',51,'2010-07-28 00:50:02',30),(1550,148,'10.00','2010-06-09',1,'2010-06-09','10.00','2010-07-26 15:35:03',51,'2010-07-28 00:49:30',30),(1551,9,'2.00','2010-06-09',1,'2010-07-09','2.00','2010-07-26 15:35:35',51,'2010-07-28 00:49:00',30),(1552,148,'10.00','2010-06-08',1,'2010-06-08','10.00','2010-07-26 15:37:57',14,'2010-07-28 00:43:41',30),(1553,64,'20.00','2010-06-08',1,'2010-06-08','20.00','2010-07-26 15:38:33',14,'2010-07-28 00:43:06',30),(1554,65,'20.00','2010-06-08',1,'2010-06-08','20.00','2010-07-26 15:39:10',14,'2010-07-28 00:42:16',30),(1555,86,'2.00','2010-06-08',1,'2010-06-08','2.00','2010-07-26 15:39:35',14,'2010-07-28 00:41:43',30),(1556,156,'10.00','2010-06-08',1,'2010-06-08','10.00','2010-07-26 15:40:03',14,'2010-07-28 00:41:06',30),(1557,9,'2.00','2010-06-08',1,'2010-06-08','2.00','2010-07-26 15:40:35',14,'2010-07-28 00:40:31',30),(1558,29,'10.00','2010-06-08',1,'2010-06-08','10.00','2010-07-26 15:41:04',14,'2010-07-28 00:39:55',30),(1559,79,'2.00','2010-06-08',1,'2010-06-08','2.00','2010-07-26 15:41:44',14,'2010-07-28 00:39:11',30),(1560,9,'3.00','2010-06-08',1,'2010-06-08','3.00','2010-07-26 15:42:18',14,'2010-07-28 00:38:36',30),(1561,52,'50.00','2010-06-08',1,'2010-06-08','50.00','2010-07-26 15:43:00',14,'2010-07-27 23:25:22',30),(1562,66,'100.00','2010-06-08',1,'2010-06-08','100.00','2010-07-26 15:43:35',14,'2010-07-28 00:37:26',30),(1563,86,'2.00','2010-06-07',1,'2010-07-06','2.00','2010-07-26 15:45:36',12,'2010-07-28 00:30:09',30),(1564,64,'20.00','2010-06-07',1,'2010-07-06','20.00','2010-07-26 15:46:10',12,'2010-07-28 00:29:25',30),(1565,65,'20.00','2010-06-07',1,'2010-07-06','20.00','2010-07-26 15:46:30',12,'2010-07-28 00:28:52',30),(1566,29,'10.00','2010-06-07',1,'2010-07-06','10.00','2010-07-26 15:47:03',12,'2010-07-28 00:28:04',30),(1567,156,'10.00','2010-06-07',1,'2010-07-06','10.00','2010-07-26 15:47:31',12,'2010-07-28 00:27:33',30),(1568,148,'10.00','2010-06-07',1,'2010-07-06','10.00','2010-07-26 15:48:03',12,'2010-07-28 00:27:01',30),(1569,9,'2.00','2010-06-07',1,'2010-07-06','2.00','2010-07-26 15:48:35',12,'2010-07-28 00:26:23',30),(1570,52,'50.00','2010-06-07',1,'2010-07-06','50.00','2010-07-26 15:49:06',12,'2010-07-28 00:25:30',30),(1571,66,'100.00','2010-06-07',1,'2010-06-07','100.00','2010-07-26 15:49:38',12,'2010-07-28 00:23:46',30),(1572,79,'2.00','2010-06-07',1,'2010-06-07','2.00','2010-07-26 15:50:07',12,'2010-07-28 00:23:06',30),(1573,9,'3.00','2010-06-07',1,'2010-06-07','3.00','2010-07-26 15:50:38',12,'2010-07-28 00:22:22',30),(1574,65,'4.00','2010-07-09',1,'2010-07-09','4.00','2010-07-26 15:57:30',20,'2010-07-28 00:21:40',30),(1575,64,'4.00','2010-07-09',1,'2010-07-09','4.00','2010-07-26 15:58:22',20,'2010-07-28 00:20:52',30),(1576,86,'1.00','2010-07-09',1,'2010-07-09','1.00','2010-07-26 15:58:51',20,'2010-07-28 00:20:09',30),(1577,148,'2.00','2010-07-09',1,'2010-07-09','2.00','2010-07-26 15:59:25',20,'2010-07-28 00:19:36',30),(1578,66,'11.00','2010-07-09',1,'2010-07-09','11.00','2010-07-26 15:59:52',20,'2010-07-28 00:19:02',30),(1579,29,'5.00','2010-07-09',1,'2010-07-09','5.00','2010-07-26 16:00:25',20,'2010-07-28 00:17:43',30),(1580,9,'4.00','2010-07-09',1,'2010-07-09','4.00','2010-07-26 16:00:59',20,'2010-07-28 00:17:16',30),(1581,52,'80.00','2010-07-09',1,'2010-07-09','80.00','2010-07-26 16:01:26',20,'2010-07-28 00:16:47',30),(1582,156,'5.00','2010-07-09',1,'2010-07-09','5.00','2010-07-26 16:01:51',20,'2010-07-28 00:13:53',30),(1583,64,'22.00','2010-07-12',1,'2010-07-12','22.00','2010-07-27 10:16:30',28,'2010-07-27 23:49:22',30),(1584,65,'22.00','2010-07-12',1,'2010-07-12','22.00','2010-07-27 10:16:58',28,'2010-07-27 23:48:48',30),(1585,86,'3.00','2010-07-12',1,'2010-07-12','3.00','2010-07-27 10:17:22',28,'2010-07-27 23:48:20',30),(1586,350,'3.00','2010-07-12',1,'2010-07-12','3.00','2010-07-27 10:17:47',28,'2010-07-27 23:47:50',30),(1587,351,'3.00','2010-07-12',1,'2010-07-12','3.00','2010-07-27 10:18:06',28,'2010-07-27 23:47:24',30),(1588,148,'10.00','2010-07-12',1,'2010-07-12','10.00','2010-07-27 10:18:40',28,'2010-07-27 23:46:53',30),(1589,37,'24.00','2010-07-12',1,'2010-07-12','24.00','2010-07-27 10:19:13',28,'2010-07-27 23:46:25',30),(1590,107,'4.00','2010-07-12',1,'2010-07-12','4.00','2010-07-27 10:19:35',28,'2010-07-27 23:45:52',30),(1591,23,'5.00','2010-07-12',1,'2010-07-12','5.00','2010-07-27 10:20:03',28,'2010-07-27 23:45:27',30),(1592,260,'10.00','2010-07-12',1,'2010-07-12','10.00','2010-07-27 10:20:46',28,'2010-07-27 23:44:58',30),(1593,133,'10.00','2010-07-12',1,'2010-07-12','10.00','2010-07-27 10:21:43',28,'2010-07-27 23:44:20',30),(1594,52,'100.00','2010-07-12',1,'2010-07-12','100.00','2010-07-27 10:22:19',28,'2010-07-27 23:30:26',30),(1595,29,'10.00','2010-07-12',1,'2010-07-12','10.00','2010-07-27 10:22:44',28,'2010-07-27 23:29:42',30),(1596,156,'10.00','2010-07-12',1,'2010-07-12','10.00','2010-07-27 10:23:10',28,'2010-07-27 23:29:09',30),(1597,58,'500.00','2010-07-12',1,'2010-07-12','500.00','2010-07-27 10:23:56',28,'2010-07-27 23:28:31',30),(1598,79,'10.00','2010-07-12',1,'2010-07-12','10.00','2010-07-27 10:24:27',28,'2010-07-27 23:27:58',30),(1599,9,'12.00','2010-07-12',1,'2010-07-12','12.00','2010-07-27 10:24:55',28,'2010-07-27 23:26:58',30),(1600,10,'10.00','2010-07-12',1,'2010-07-12','10.00','2010-07-27 10:25:20',28,'2010-07-27 23:26:22',30),(1601,260,'10.00','2010-07-12',1,'2010-07-12','10.00','2010-07-27 10:25:47',28,'2010-07-27 23:24:18',30),(1602,56,'10.00','2010-07-12',1,'2010-07-12','10.00','2010-07-27 10:26:18',28,'2010-07-27 23:22:53',30),(1603,66,'100.00','2010-07-12',1,'2010-07-12','100.00','2010-07-27 10:27:11',28,'2010-07-27 23:22:29',30),(1604,64,'22.00','2010-06-23',1,'2010-06-23','22.00','2010-07-27 10:37:01',28,'2010-07-27 23:21:33',30),(1605,65,'22.00','2010-06-23',1,'2010-06-23','22.00','2010-07-27 10:37:36',28,'2010-07-27 23:20:57',30),(1606,86,'3.00','2010-06-23',1,'2010-06-23','3.00','2010-07-27 10:38:24',28,'2010-07-27 23:20:25',30),(1607,350,'3.00','2010-06-23',1,'2010-06-23','3.00','2010-07-27 10:39:00',28,'2010-07-27 23:19:57',30),(1608,351,'3.00','2010-06-23',1,'2010-06-23','3.00','2010-07-27 10:39:29',28,'2010-07-27 23:19:25',30),(1609,148,'10.00','2010-06-23',1,'2010-06-23','10.00','2010-07-27 10:40:08',28,'2010-07-27 23:18:49',30),(1610,37,'24.00','2010-06-23',1,'2010-06-23','24.00','2010-07-27 10:41:16',28,'2010-07-27 23:18:12',30),(1611,107,'4.00','2010-06-23',1,'2010-06-23','4.00','2010-07-27 10:42:23',28,'2010-07-27 23:17:34',30),(1612,23,'5.00','2010-06-23',1,'2010-06-23','5.00','2010-07-27 10:50:32',28,'2010-07-27 23:16:56',30),(1613,260,'10.00','2010-06-23',1,'2010-06-23','10.00','2010-07-27 10:51:26',28,'2010-07-27 23:16:28',30),(1614,133,'10.00','2010-06-23',1,'2010-06-23','10.00','2010-07-27 10:52:51',28,'2010-07-27 23:15:27',30),(1615,52,'100.00','2010-06-23',1,'2010-06-23','100.00','2010-07-27 10:53:32',28,'2010-07-27 23:14:47',30),(1616,29,'10.00','2010-06-23',1,'2010-06-23','10.00','2010-07-27 10:54:36',28,'2010-07-27 23:14:13',30),(1617,156,'10.00','2010-06-23',1,'2010-06-23','10.00','2010-07-27 10:55:26',28,'2010-07-27 23:13:42',30),(1618,58,'500.00','2010-06-23',1,'2010-06-23','500.00','2010-07-27 10:56:04',28,'2010-07-27 23:13:10',30),(1619,79,'10.00','2010-06-23',1,'2010-07-23','10.00','2010-07-27 10:57:02',28,'2010-07-27 23:12:35',30),(1620,9,'10.00','2010-05-23',1,'2010-06-23','10.00','2010-07-27 10:57:34',28,'2010-07-27 23:11:53',30),(1621,10,'10.00','2010-06-23',1,'2010-06-23','10.00','2010-07-27 10:58:14',28,'2010-07-27 23:10:57',30),(1622,352,'10.00','2010-06-23',1,'2010-06-23','10.00','2010-07-27 10:58:54',28,'2010-07-27 16:00:58',30),(1623,56,'10.00','2010-06-23',1,'2010-06-23','10.00','2010-07-27 10:59:31',28,'2010-07-27 16:00:37',30),(1624,66,'100.00','2010-06-23',1,'2010-06-23','100.00','2010-07-27 11:00:59',28,'2010-07-27 16:00:16',30),(1625,86,'2.00','2010-05-17',1,'2010-05-17','2.00','2010-07-27 11:02:13',28,'2010-07-27 15:59:53',30),(1626,350,'2.00','2010-05-17',1,'2010-05-17','2.00','2010-07-27 11:02:44',28,'2010-07-27 15:59:21',30),(1627,351,'2.00','2010-05-17',1,'2010-05-17','2.00','2010-07-27 11:03:19',28,'2010-07-27 15:58:42',30),(1628,148,'1.00','2010-05-17',1,'2010-05-17','1.00','2010-07-27 11:03:56',28,'2010-07-27 15:58:18',30),(1629,37,'12.00','2010-05-17',1,'2010-05-17','12.00','2010-07-27 11:04:27',28,'2010-07-27 15:57:58',30),(1630,64,'14.00','2010-05-17',1,'2010-05-17','14.00','2010-07-27 11:05:19',28,'2010-07-27 15:57:37',30),(1631,65,'15.00','2010-05-17',1,'2010-05-17','15.00','2010-07-27 11:05:52',28,'2010-07-27 15:57:15',30),(1632,107,'2.00','2010-05-17',1,'2010-05-17','2.00','2010-07-27 11:06:44',28,'2010-07-27 15:56:53',30),(1633,29,'10.00','2010-05-17',1,'2010-05-17','10.00','2010-07-27 11:07:18',28,'2010-07-27 15:56:25',30),(1634,156,'10.00','2010-05-17',1,'2010-05-17','10.00','2010-07-27 11:07:59',28,'2010-07-27 15:56:02',30),(1635,79,'10.00','2010-05-17',1,'2010-05-17','10.00','2010-07-27 11:08:37',28,'2010-07-27 15:55:39',30),(1636,66,'100.00','2010-06-17',1,'2010-06-17','100.00','2010-07-27 11:09:14',28,'2010-07-27 15:55:02',30),(1637,23,'10.00','2010-05-17',1,'2010-05-17','10.00','2010-07-27 11:09:57',28,'2010-07-27 15:54:19',30),(1638,352,'5.00','2010-05-17',1,'2010-05-17','5.00','2010-07-27 11:10:29',28,'2010-07-27 15:53:48',30),(1639,56,'10.00','2010-05-17',1,'2010-05-17','10.00','2010-07-27 11:11:06',28,'2010-07-27 15:53:22',30),(1640,9,'10.00','2010-05-17',1,'2010-05-17','10.00','2010-07-27 11:11:36',28,'2010-07-27 15:23:41',30),(1641,10,'10.00','2010-05-17',1,'2010-05-17','10.00','2010-07-27 11:12:00',28,'2010-07-27 15:23:14',30),(1642,260,'5.00','2010-05-17',1,'2010-05-17','5.00','2010-07-27 11:12:37',28,'2010-07-27 15:46:33',30),(1643,133,'10.00','2010-05-17',1,'2010-05-17','10.00','2010-07-27 11:13:10',28,'2010-07-27 15:46:10',30),(1644,52,'104.00','2010-05-17',1,'2010-05-17','104.00','2010-07-27 11:13:40',28,'2010-07-27 15:45:34',30),(1645,234,'40.00','2010-07-07',1,'2010-07-07','40.00','2010-07-27 11:16:44',5,'2010-07-27 15:45:03',30),(1646,105,'40.00','2010-07-07',1,'2010-07-07','40.00','2010-07-27 11:17:27',5,'2010-07-27 15:44:47',30),(1647,38,'40.00','2010-07-07',1,'2010-07-07','40.00','2010-07-27 11:17:58',5,'2010-07-27 15:44:33',30),(1648,47,'40.00','2010-07-07',1,'2010-07-07','40.00','2010-07-27 11:18:21',5,'2010-07-27 15:44:13',30),(1649,27,'40.00','2010-07-07',1,'2010-07-07','40.00','2010-07-27 11:19:08',5,'2010-07-27 15:43:48',30),(1650,33,'40.00','2010-07-07',1,'2010-07-07','40.00','2010-07-27 11:22:23',5,'2010-07-27 15:43:26',30),(1651,213,'40.00','2010-07-07',1,'2010-07-07','40.00','2010-07-27 11:22:45',5,'2010-07-27 15:43:06',30),(1652,34,'40.00','2010-07-07',1,'2010-07-07','40.00','2010-07-27 11:23:11',5,'2010-07-27 15:42:23',30),(1653,107,'40.00','2010-07-07',1,'2010-07-07','40.00','2010-07-27 11:23:31',5,'2010-07-27 15:42:06',30),(1654,64,'20.00','2010-04-12',1,'2010-04-12','20.00','2010-07-27 11:26:35',64,'2010-07-27 15:41:46',30),(1655,65,'20.00','2010-04-12',1,'2010-04-12','20.00','2010-07-27 11:27:17',64,'2010-07-27 15:39:34',30),(1656,86,'3.00','2010-04-12',1,'2010-04-12','3.00','2010-07-27 11:27:46',64,'2010-07-27 15:39:05',30),(1657,350,'2.00','2010-04-12',1,'2010-04-12','2.00','2010-07-27 11:28:12',64,'2010-07-27 15:28:35',30),(1658,351,'2.00','2010-04-12',1,'2010-04-12','2.00','2010-07-27 11:28:42',64,'2010-07-27 15:28:07',30),(1659,148,'10.00','2010-04-10',1,'2010-04-12','10.00','2010-07-27 11:29:10',64,'2010-07-27 15:27:46',30),(1660,37,'24.00','2010-04-10',1,'2010-04-12','24.00','2010-07-27 11:29:38',64,'2010-07-27 15:27:24',30),(1661,107,'5.00','2010-04-12',1,'2010-04-12','5.00','2010-07-27 11:30:13',64,'2010-07-27 15:26:44',30),(1662,23,'5.00','2010-04-12',1,'2010-04-12','5.00','2010-07-27 11:30:58',64,'2010-07-27 15:12:37',30),(1663,260,'10.00','2010-04-12',1,'2010-04-12','10.00','2010-07-27 11:31:33',64,'2010-07-27 15:12:18',30),(1664,133,'10.00','2010-04-12',1,'2010-04-12','10.00','2010-07-27 11:32:03',64,'2010-07-27 15:11:41',30),(1665,52,'100.00','2010-04-12',1,'2010-04-12','100.00','2010-07-27 11:32:31',64,'2010-07-27 15:11:13',30),(1666,29,'10.00','2010-04-12',1,'2010-04-12','10.00','2010-07-27 11:33:03',64,'2010-07-27 15:10:54',30),(1667,156,'11.00','2010-04-12',1,'2010-04-12','11.00','2010-07-27 11:33:28',64,'2010-07-27 15:10:33',30),(1668,58,'500.00','2010-04-12',1,'2010-04-12','500.00','2010-07-27 11:33:53',64,'2010-07-27 15:10:13',30),(1669,79,'10.00','2010-04-12',1,'2010-04-12','10.00','2010-07-27 11:34:25',64,'2010-07-27 15:09:52',30),(1670,9,'12.00','2010-04-12',1,'2010-04-12','12.00','2010-07-27 11:34:55',64,'2010-07-27 15:09:29',30),(1671,10,'10.00','2010-04-12',1,'2010-04-12','10.00','2010-07-27 11:35:15',64,'2010-07-27 15:09:05',30),(1672,352,'10.00','2010-04-12',1,'2010-04-12','10.00','2010-07-27 11:35:51',64,'2010-07-27 15:08:44',30),(1673,56,'10.00','2010-04-12',1,'2010-04-12','10.00','2010-07-27 11:36:19',64,'2010-07-27 15:08:25',30),(1674,66,'100.00','2010-04-12',1,'2010-04-12','100.00','2010-07-27 11:36:46',64,'2010-07-27 15:08:03',30),(1675,64,'20.00','2010-04-19',1,'2010-04-19','20.00','2010-07-27 11:38:56',56,'2010-07-27 15:07:39',30),(1676,65,'20.00','2010-04-19',1,'2010-04-19','20.00','2010-07-27 11:39:26',56,'2010-07-27 15:07:13',30),(1677,86,'3.00','2010-04-19',1,'2010-04-19','3.00','2010-07-27 11:39:49',56,'2010-07-27 15:06:49',30),(1678,350,'2.00','2010-04-19',1,'2010-04-19','2.00','2010-07-27 11:40:14',56,'2010-07-27 15:21:56',30),(1679,351,'2.00','2010-04-19',1,'2010-04-19','2.00','2010-07-27 11:40:41',56,'2010-07-27 15:05:42',30),(1680,148,'10.00','2010-04-19',1,'2010-04-19','10.00','2010-07-27 11:41:18',56,'2010-07-27 15:05:11',30),(1681,37,'24.00','2010-04-19',1,'2010-04-19','24.00','2010-07-27 11:41:59',56,'2010-07-27 15:04:29',30),(1682,107,'5.00','2010-04-19',1,'2010-04-19','5.00','2010-07-27 11:42:24',56,'2010-07-27 14:59:48',30),(1683,9,'12.00','2010-04-19',1,'2010-04-19','12.00','2010-07-27 11:42:58',56,'2010-07-27 14:59:20',30),(1684,10,'10.00','2010-04-19',1,'2010-04-19','10.00','2010-07-27 11:43:32',56,'2010-07-27 14:58:59',30),(1685,352,'10.00','2010-04-19',1,'2010-04-19','10.00','2010-07-27 11:44:07',56,'2010-07-27 14:58:36',30),(1686,56,'10.00','2010-04-19',1,'2010-04-19','10.00','2010-07-27 11:44:36',56,'2010-07-27 14:58:09',30),(1687,66,'100.00','2010-04-19',1,'2010-04-19','100.00','2010-07-27 11:45:04',56,'2010-07-27 14:57:25',30),(1688,156,'10.00','2010-04-19',1,'2010-04-19','10.00','2010-07-27 11:45:31',56,'2010-07-27 14:55:34',30),(1689,58,'500.00','2010-04-19',1,'2010-04-19','500.00','2010-07-27 11:46:00',56,'2010-07-27 14:54:43',30),(1690,79,'10.00','2010-04-19',1,'2010-04-19','10.00','2010-07-27 11:46:26',56,'2010-07-27 14:54:17',30),(1691,23,'5.00','2010-04-19',1,'2010-04-19','5.00','2010-07-27 11:47:07',56,'2010-07-27 14:53:41',30),(1692,260,'10.00','2010-04-19',1,'2010-04-19','10.00','2010-07-27 11:47:42',56,'2010-07-27 14:53:09',30),(1693,133,'10.00','2010-04-19',1,'2010-04-19','10.00','2010-07-27 11:48:12',56,'2010-07-27 14:52:46',30),(1694,52,'110.00','2010-04-19',1,'2010-04-19','110.00','2010-07-27 11:49:00',56,'2010-07-27 14:51:50',30),(1695,29,'10.00','2010-04-19',1,'2010-04-19','10.00','2010-07-27 11:49:49',56,'2010-07-27 14:51:17',30),(1696,64,'25.00','2010-06-02',1,'2010-06-02','25.00','2010-07-27 11:52:32',26,'2010-07-27 14:50:38',30),(1697,65,'25.00','2010-06-02',1,'2010-06-02','25.00','2010-07-27 11:53:02',26,'2010-07-27 14:50:11',30),(1698,86,'3.00','2010-06-02',1,'2010-06-02','3.00','2010-07-27 11:53:32',26,'2010-07-27 14:49:48',30),(1699,350,'3.00','2010-06-02',1,'2010-06-02','3.00','2010-07-27 11:53:51',26,'2010-07-27 14:49:05',30),(1700,351,'3.00','2010-06-02',1,'2010-06-02','3.00','2010-07-27 11:54:14',26,'2010-07-27 14:48:19',30),(1701,148,'10.00','2010-06-02',1,'2010-06-02','10.00','2010-07-27 11:54:48',26,'2010-07-27 14:47:12',30),(1702,37,'60.00','2010-06-02',1,'2010-06-02','60.00','2010-07-27 11:56:19',26,'2010-07-27 14:04:23',30),(1703,107,'5.00','2010-06-02',1,'2010-06-02','5.00','2010-07-27 11:56:47',26,'2010-07-27 14:10:28',30),(1704,23,'5.00','2010-06-02',1,'2010-06-02','5.00','2010-07-27 11:57:21',26,'2010-07-27 14:41:46',30),(1705,260,'10.00','2010-06-02',1,'2010-06-02','10.00','2010-07-27 11:57:56',26,'2010-07-27 14:41:19',30),(1706,9,'15.00','2010-06-02',1,'2010-06-02','15.00','2010-07-27 11:58:35',26,'2010-07-27 14:40:54',30),(1707,10,'15.00','2010-06-02',1,'2010-06-02','15.00','2010-07-27 11:59:06',26,'2010-07-27 14:40:09',30),(1708,352,'10.00','2010-06-02',1,'2010-06-02','10.00','2010-07-27 12:05:37',26,'2010-07-27 14:39:41',30),(1709,56,'10.00','2010-06-02',1,'2010-06-02','10.00','2010-07-27 12:06:10',26,'2010-07-27 14:38:51',30),(1710,66,'210.00','2010-06-02',1,'2010-06-02','210.00','2010-07-27 12:07:07',26,'2010-07-27 14:38:16',30),(1711,79,'10.00','2010-06-02',1,'2010-06-02','10.00','2010-07-27 12:07:43',26,'2010-07-27 14:36:48',30),(1712,133,'9.00','2010-06-02',1,'2010-06-02','9.00','2010-07-27 12:08:15',26,'2010-07-27 14:36:18',30),(1713,52,'110.00','2010-06-02',1,'2010-06-03','110.00','2010-07-27 12:08:42',26,'2010-07-27 14:35:41',30),(1714,29,'10.00','2010-06-02',1,'2010-06-02','10.00','2010-07-27 12:09:04',26,'2010-07-27 14:19:18',30),(1715,156,'10.00','2010-06-02',1,'2010-06-02','10.00','2010-07-27 12:09:37',26,'2010-07-27 14:18:51',30),(1716,58,'500.00','2010-06-02',1,'2010-06-02','500.00','2010-07-27 12:14:19',26,'2010-07-27 14:18:23',30),(1717,64,'25.00','2010-06-25',1,'2010-06-25','25.00','2010-07-27 12:16:22',56,'2010-07-27 14:17:51',30),(1718,65,'25.00','2010-06-25',1,'2010-06-25','25.00','2010-07-27 12:18:28',56,'2010-07-27 14:11:22',30),(1719,86,'3.00','2010-05-25',1,'2010-05-25','3.00','2010-07-27 12:19:01',56,'2010-07-27 14:06:26',30),(1720,350,'3.00','2010-06-25',1,'2010-06-25','3.00','2010-07-27 12:19:29',56,'2010-07-27 14:05:46',30),(1721,351,'3.00','2010-06-25',1,'2010-06-25','3.00','2010-07-27 12:19:51',56,'2010-07-27 14:05:13',30),(1722,148,'10.00','2010-06-25',1,'2010-06-25','10.00','2010-07-27 12:20:14',56,'2010-07-27 13:51:49',30),(1723,37,'60.00','2010-06-25',1,'2010-06-25','60.00','2010-07-27 12:20:45',56,'2010-07-27 13:52:21',30),(1724,107,'5.00','2010-06-25',1,'2010-06-25','5.00','2010-07-27 12:21:19',56,'2010-07-27 13:52:49',30),(1725,23,'5.00','2010-06-25',1,'2010-06-25','5.00','2010-07-27 12:21:53',56,'2010-07-27 13:53:46',30),(1726,260,'10.00','2010-06-25',1,'2010-06-25','10.00','2010-07-27 12:22:30',56,'2010-07-27 13:54:41',30),(1727,9,'15.00','2010-06-25',1,'2010-06-25','15.00','2010-07-27 12:22:57',56,'2010-07-27 13:55:03',30),(1728,10,'15.00','2010-06-25',1,'2010-06-25','15.00','2010-07-27 12:23:27',56,'2010-07-27 13:55:35',30),(1729,352,'10.00','2010-06-25',1,'2010-06-25','10.00','2010-07-27 12:23:56',56,'2010-07-27 13:56:08',30),(1730,56,'10.00','2010-06-25',1,'2010-06-25','10.00','2010-07-27 12:25:13',56,'2010-07-27 13:57:15',30),(1731,66,'196.00','2010-06-25',1,'2010-06-25','196.00','2010-07-27 12:26:07',56,'2010-07-27 13:57:48',30),(1732,79,'10.00','2010-06-25',1,'2010-06-25','10.00','2010-07-27 12:26:47',56,'2010-07-27 13:58:21',30),(1733,133,'5.00','2010-06-25',1,'2010-06-25','5.00','2010-07-27 12:27:15',56,'2010-07-27 13:58:53',30),(1734,52,'100.00','2010-06-25',1,'2010-06-25','100.00','2010-07-27 12:27:42',56,'2010-07-27 13:59:32',30),(1735,29,'10.00','2010-06-25',1,'2010-06-25','10.00','2010-07-27 12:28:10',56,'2010-07-27 14:00:03',30),(1736,156,'9.00','2010-06-25',1,'2010-06-25','9.00','2010-07-27 12:28:47',56,'2010-07-27 14:00:28',30),(1737,58,'100.00','2010-06-25',1,'2010-06-25','100.00','2010-07-27 12:29:10',56,'2010-07-27 14:00:53',30),(1738,86,'2.00','2010-07-05',1,'2010-07-05','2.00','2010-07-27 12:30:21',5,'2010-07-27 14:01:20',30),(1739,86,'2.00','2010-07-05',1,'2010-07-05','2.00','2010-07-27 12:30:21',5,'2010-07-27 14:01:48',30),(1740,64,'10.00','2010-07-05',1,'2010-07-05','10.00','2010-07-27 12:30:54',5,'2010-07-27 14:02:14',30),(1741,65,'10.00','2010-07-05',1,'2010-07-05','10.00','2010-07-27 12:31:18',5,'2010-07-27 13:54:10',30),(1742,29,'5.00','2010-07-05',1,'2010-07-05','5.00','2010-07-27 12:31:46',5,'2010-07-27 13:31:50',30),(1743,156,'4.00','2010-07-05',1,'2010-07-05','4.00','2010-07-27 12:32:15',5,'2010-07-27 13:40:04',30),(1744,148,'6.00','2010-07-05',1,'2010-07-05','6.00','2010-07-27 12:32:40',5,'2010-07-27 13:50:46',30),(1745,9,'10.00','2010-07-05',1,'2010-07-05','10.00','2010-07-27 12:33:17',5,'2010-07-27 13:50:21',30),(1746,79,'6.00','2010-07-05',1,'2010-07-05','6.00','2010-07-27 12:33:50',5,'2010-07-27 13:49:50',30),(1747,12,'6.00','2010-07-05',1,'2010-07-05','6.00','2010-07-27 12:35:25',5,'2010-07-27 13:49:18',30),(1748,27,'12.00','2010-07-05',1,'2010-07-05','12.00','2010-07-27 12:36:24',5,'2010-07-27 13:48:42',30),(1749,151,'4.00','2010-07-05',1,'2010-07-05','4.00','2010-07-27 12:37:15',5,'2010-07-27 13:48:13',30),(1750,39,'24.00','2010-07-05',1,'2010-07-05','24.00','2010-07-27 12:37:49',5,'2010-07-27 13:47:41',30),(1751,105,'24.00','2010-07-05',1,'2010-07-05','24.00','2010-07-27 12:38:18',5,'2010-07-27 13:47:08',30),(1752,160,'2.00','2010-07-05',1,'2010-07-05','2.00','2010-07-27 12:38:45',5,'2010-07-27 13:45:04',30),(1753,74,'5.00','2010-07-05',1,'2010-07-05','5.00','2010-07-27 12:39:42',5,'2010-07-27 13:44:42',30),(1754,107,'2.00','2010-07-05',1,'2010-07-05','2.00','2010-07-27 12:40:13',5,'2010-07-27 13:44:13',30),(1755,34,'4.00','2010-07-05',1,'2010-07-05','4.00','2010-07-27 12:40:44',5,'2010-07-27 13:41:13',30),(1756,16,'4.00','2010-07-05',1,'2010-07-05','4.00','2010-07-27 12:43:45',5,'2010-07-27 13:43:36',1),(1757,15,'4.00','2010-07-05',1,'2010-07-05','4.00','2010-07-27 12:44:13',5,'2010-07-27 13:40:52',30),(1758,18,'3.00','2010-07-05',1,'2010-07-05','3.00','2010-07-27 12:44:51',5,'2010-07-27 13:39:08',30),(1759,48,'3.00','2010-07-05',1,'2010-07-05','3.00','2010-07-27 12:45:29',5,'2010-07-27 13:38:10',30),(1760,70,'10.00','2010-07-05',1,'2010-07-05','10.00','2010-07-27 12:46:03',5,'2010-07-27 13:40:29',30),(1761,66,'150.00','2010-07-05',1,'2010-07-05','150.00','2010-07-27 12:46:33',5,'2010-07-27 13:30:42',30),(1762,86,'2.00','2010-07-05',1,'2010-07-05','2.00','2010-07-27 12:48:20',64,'2010-07-27 13:29:38',30),(1763,64,'19.00','2010-07-05',1,'2010-07-05','19.00','2010-07-27 12:48:46',64,'2010-07-27 13:29:02',30),(1764,65,'19.00','2010-07-05',1,'2010-07-05','19.00','2010-07-27 12:49:07',64,'2010-07-27 13:28:46',30),(1765,29,'10.00','2010-07-05',1,'2010-07-05','10.00','2010-07-27 12:49:32',64,'2010-07-27 13:28:18',30),(1766,156,'10.00','2010-07-05',1,'2010-07-05','10.00','2010-07-27 12:49:54',64,'2010-07-27 13:27:55',30),(1767,148,'7.00','2010-07-05',1,'2010-07-05','7.00','2010-07-27 12:50:20',64,'2010-07-27 13:27:39',30),(1768,9,'13.00','2010-07-05',1,'2010-07-05','13.00','2010-07-27 12:51:08',64,'2010-07-27 13:27:26',30),(1769,79,'13.00','2010-07-05',1,'2010-07-05','13.00','2010-07-27 12:51:32',64,'2010-07-27 13:27:11',30),(1770,52,'50.00','2010-07-05',1,'2010-07-05','50.00','2010-07-27 12:52:01',64,'2010-07-27 13:26:37',30),(1771,66,'100.00','2010-07-05',1,'2010-07-25','100.00','2010-07-27 12:52:25',64,'2010-07-27 13:26:55',30),(1772,65,'10.00','2010-06-25',1,'2010-06-25','10.00','2010-07-27 13:08:14',20,'2010-07-27 13:25:29',30),(1773,64,'5.00','2010-06-25',1,'2010-06-25','5.00','2010-07-27 13:08:41',20,'2010-07-27 13:25:16',30),(1774,105,'10.00','2010-06-25',1,'2010-06-25','10.00','2010-07-27 13:09:05',20,'2010-07-27 13:25:01',30),(1775,27,'10.00','2010-06-25',1,'2010-06-25','10.00','2010-07-27 13:09:35',20,'2010-07-27 13:24:44',30),(1776,86,'3.00','2010-06-25',1,'2010-06-25','3.00','2010-07-27 13:10:00',20,'2010-07-27 13:24:29',30),(1777,148,'10.00','2010-06-25',1,'2010-06-25','10.00','2010-07-27 13:10:27',20,'2010-07-27 13:24:04',30),(1778,53,'150.00','2010-06-25',1,'2010-06-25','150.00','2010-07-27 13:10:55',20,'2010-07-27 13:23:36',30),(1779,66,'150.00','2010-06-25',1,'2010-06-25','150.00','2010-07-27 13:11:22',20,'2010-07-28 11:08:38',30),(1780,108,'2.00','2010-06-25',1,'2010-06-25','2.00','2010-07-27 13:11:57',20,'2010-07-27 13:22:50',30),(1781,101,'3.00','2010-06-25',1,'2010-06-25','3.00','2010-07-27 13:12:20',20,'2010-07-27 13:22:28',30),(1782,79,'74.00','2010-06-14',1,'2010-06-14','74.00','2010-07-28 15:18:12',17,'2010-07-28 15:25:20',30),(1783,13,'10.00','2010-07-07',1,'2010-07-07','10.00','2010-07-28 15:30:02',5,'2010-07-28 15:34:51',30),(1784,58,'200.00','2010-07-28',1,'2010-07-28','200.00','2010-07-29 13:29:08',28,'2010-07-29 13:33:29',30),(1785,65,'4.00','2010-07-28',1,'2010-07-28','4.00','2010-07-29 13:29:51',28,'2010-07-29 13:33:52',30),(1786,156,'1.00','2010-07-28',1,'2010-07-28','1.00','2010-07-29 13:30:29',28,'2010-07-29 13:34:07',30),(1787,157,'1.00','2010-07-28',1,'2010-07-28','1.00','2010-07-29 13:30:57',28,'2010-07-29 13:34:19',30),(1788,64,'1.00','2010-07-28',1,'2010-07-28','1.00','2010-07-29 13:31:42',28,'2010-07-29 13:34:32',30),(1789,159,'5.00','2010-07-28',1,'2010-07-28','5.00','2010-07-29 13:36:27',15,'2010-07-29 13:41:30',30),(1790,26,'5.00','2010-07-28',1,'2010-07-28','5.00','2010-07-29 13:37:06',15,'2010-07-29 13:41:51',30),(1791,65,'2.00','2010-07-28',1,'2010-07-28','2.00','2010-07-29 13:37:47',15,'2010-07-29 13:42:01',30),(1792,156,'1.00','2010-07-28',1,'2010-07-28','1.00','2010-07-29 13:38:36',15,'2010-07-29 13:42:12',30),(1793,261,'50.00','2010-07-23',1,'2010-07-23','50.00','2010-07-29 13:43:58',14,'2010-07-29 13:48:06',30),(1794,263,'100.00','2010-07-23',1,'2010-07-23','100.00','2010-07-29 13:44:26',14,'2010-07-29 13:48:32',30),(1795,147,'30.00','2010-07-15',1,'2010-07-15','30.00','2010-07-29 13:45:59',62,'2010-07-29 13:51:47',30),(1796,187,'30.00','2010-07-17',1,'2010-07-15','30.00','2010-07-29 13:57:59',62,'2010-07-29 13:58:47',30),(1797,196,'8.00','2010-06-30',1,'2010-06-30','8.00','2010-07-29 14:23:51',51,'2010-07-29 14:39:31',30),(1798,37,'1.00','2010-06-30',1,'2010-06-30','1.00','2010-07-29 14:24:23',51,'2010-07-29 14:38:59',30),(1799,12,'4.00','2010-06-30',1,'2010-06-30','4.00','2010-07-29 14:25:11',51,'2010-07-29 14:38:40',30),(1800,50,'7.00','2010-06-30',1,'2010-06-30','7.00','2010-07-29 14:26:27',51,'2010-07-29 14:38:22',30),(1801,148,'1.00','2010-06-30',1,'2010-06-30','1.00','2010-07-29 14:26:51',51,'2010-07-29 14:38:00',30),(1802,268,'5.00','2010-06-30',1,'2010-06-30','5.00','2010-07-29 14:27:34',51,'2010-07-29 14:37:39',30),(1803,52,'6.00','2010-06-30',1,'2010-06-30','6.00','2010-07-29 14:28:10',51,'2010-07-29 14:37:14',30),(1804,156,'7.00','2010-06-30',1,'2010-06-30','7.00','2010-07-29 14:29:40',51,'2010-07-29 14:36:29',30),(1805,157,'4.00','2010-06-30',1,'2010-06-30','4.00','2010-07-29 14:30:09',51,'2010-07-29 14:36:13',30),(1806,352,'10.00','2010-06-30',1,'2010-07-12','10.00','2010-07-29 14:30:58',51,'2010-07-29 14:35:55',30),(1807,264,'2.00','2010-06-30',1,'2010-06-30','2.00','2010-07-29 14:31:36',51,'2010-07-29 14:35:40',30),(1808,350,'2.00','2010-06-30',1,'2010-06-30','2.00','2010-07-29 14:32:03',51,'2010-07-29 14:34:56',30),(1809,351,'2.00','2010-06-30',1,'2010-06-30','2.00','2010-07-29 14:32:29',51,'2010-07-29 14:34:32',30),(1810,86,'1.00','2010-07-29',1,'2010-07-29','1.00','2010-07-29 15:17:48',28,'2010-07-29 15:21:00',30),(1811,61,'1.00','2010-07-29',1,'2010-07-29','1.00','2010-07-29 15:18:11',28,'2010-07-29 15:21:08',30),(1812,156,'1.00','2010-07-29',1,'2010-07-29','1.00','2010-07-29 15:18:47',28,'2010-07-29 15:21:17',30),(1813,79,'2.00','2010-07-29',1,'2010-07-29','2.00','2010-07-29 15:19:29',28,'2010-07-29 15:21:25',30),(1814,34,'1.00','2010-07-29',1,'2010-07-29','1.00','2010-07-29 15:20:03',28,'2010-07-29 15:21:33',30),(1815,261,'75.00','2010-07-30',1,'2010-07-30','75.00','2010-08-02 09:40:25',33,'2010-08-02 09:41:42',30),(1816,65,'5.00','2010-08-02',1,'2010-08-02','5.00','2010-08-03 10:02:23',46,'2010-08-03 10:23:04',30),(1817,65,'4.00','2010-08-02',1,'2010-08-02','4.00','2010-08-03 10:03:34',25,'2010-08-03 10:23:24',30),(1818,270,'1.00','2010-08-02',1,'2010-08-02','1.00','2010-08-03 10:04:08',25,'2010-08-03 10:23:41',30),(1819,156,'1.00','2010-08-02',1,'2010-08-02','1.00','2010-08-03 10:05:12',25,'2010-08-03 10:23:54',30),(1820,79,'2.00','2010-08-02',1,'2010-08-02','2.00','2010-08-03 10:06:27',25,'2010-08-03 10:24:37',30),(1821,79,'2.00','2010-08-02',1,'2010-08-02','2.00','2010-08-03 10:07:19',25,'2010-08-03 10:24:53',30),(1822,196,'2.00','2010-08-02',1,'2010-08-02','2.00','2010-08-03 10:08:19',25,'2010-08-03 10:25:18',30),(1823,160,'1.00','2010-08-02',1,'2010-08-02','1.00','2010-08-03 10:12:46',25,'2010-08-03 10:25:32',30),(1824,65,'3.00','2010-07-29',1,'2010-07-29','3.00','2010-08-03 10:14:34',17,'2010-08-03 10:25:50',30),(1825,64,'1.00','2010-07-29',1,'2010-07-29','1.00','2010-08-03 10:16:13',17,'2010-08-03 10:26:07',30),(1826,66,'10.00','2010-07-02',1,'2010-07-02','10.00','2010-08-03 10:16:50',17,'2010-08-03 10:26:30',30),(1827,10,'2.00','2010-07-29',1,'2010-07-29','2.00','2010-08-03 10:17:22',17,'2010-08-03 10:26:53',30),(1828,196,'5.00','2010-07-29',1,'2010-07-29','5.00','2010-08-03 10:19:41',17,'2010-08-03 10:27:12',30),(1829,65,'1.00','2010-08-03',1,'2010-08-03','1.00','2010-08-03 10:28:29',12,'2010-08-03 10:31:00',30),(1830,64,'1.00','2010-08-03',1,'2010-08-03','1.00','2010-08-03 10:29:03',12,'2010-08-03 10:36:03',30),(1831,65,'2.00','2010-08-03',1,'2010-08-03','2.00','2010-08-03 12:37:32',14,'2010-08-03 12:40:22',30),(1832,65,'1.00','2010-08-03',1,'2010-08-03','1.00','2010-08-03 12:38:22',63,'2010-08-03 12:40:31',30),(1833,167,'1.00','2010-08-03',1,'2010-08-03','1.00','2010-08-03 12:38:53',63,'2010-08-03 12:40:42',30),(1834,196,'2.00','2010-08-03',1,'2010-08-03','2.00','2010-08-03 12:39:17',63,'2010-08-03 12:40:51',30),(1835,62,'6.00','2010-08-03',1,'2010-08-03','6.00','2010-08-03 12:54:26',63,'2010-08-03 12:56:27',30),(1836,218,'1.00','2010-08-03',1,'2010-08-03','1.00','2010-08-03 13:06:11',20,'2010-08-03 13:07:44',30),(1837,261,'12.00','2010-08-04',1,'2010-08-04','12.00','2010-08-04 15:39:12',33,'2010-08-04 15:53:15',30),(1838,261,'25.00','2010-08-04',1,'2010-08-04','25.00','2010-08-04 15:45:41',16,'2010-08-04 15:53:23',30),(1839,263,'100.00','2010-08-04',1,'2010-08-04','100.00','2010-08-04 15:46:30',26,'2010-08-04 15:53:31',30),(1840,61,'1.00','2010-08-04',1,'2010-08-04','1.00','2010-08-04 15:46:58',26,'2010-08-04 15:53:41',30),(1841,261,'25.00','2010-08-04',1,'2010-08-04','25.00','2010-08-04 15:47:38',26,'2010-08-04 15:53:53',30),(1842,46,'1.00','2010-08-04',1,'2010-08-04','1.00','2010-08-04 15:49:04',26,'2010-08-04 15:54:02',30),(1843,265,'1.00','2010-08-04',1,'2010-08-04','1.00','2010-08-04 15:49:23',26,'2010-08-04 15:54:10',30),(1844,10,'4.00','2010-08-04',1,'2010-08-04','4.00','2010-08-04 15:49:56',26,'2010-08-04 15:54:16',30),(1845,65,'3.00','2010-08-04',1,'2010-08-04','3.00','2010-08-04 15:50:18',26,'2010-08-04 15:54:24',30),(1846,79,'4.00','2010-08-04',1,'2010-08-04','4.00','2010-08-04 15:50:50',26,'2010-08-04 15:54:30',30),(1847,70,'2.00','2010-08-04',1,'2010-08-04','2.00','2010-08-04 15:51:23',26,'2010-08-04 15:54:47',30),(1848,196,'2.00','2010-08-04',1,'2010-08-04','2.00','2010-08-04 15:51:44',26,'2010-08-04 15:54:54',30),(1849,22,'2.00','2010-08-05',1,'2010-08-05','2.00','2010-08-05 13:40:42',28,'2010-08-05 13:48:46',30),(1850,70,'1.00','2010-08-05',1,'2010-08-05','1.00','2010-08-05 13:42:44',20,'2010-08-05 13:48:57',30),(1851,73,'1.00','2010-08-05',1,'2010-08-05','1.00','2010-08-05 13:44:00',20,'2010-08-05 13:49:15',30),(1852,76,'2.00','2010-08-05',1,'2010-08-05','2.00','2010-08-05 13:47:06',20,'2010-08-05 13:49:30',30),(1853,65,'1.00','2010-08-09',1,'2010-08-09','1.00','2010-08-09 14:48:47',28,'2010-08-09 14:55:38',30),(1854,196,'12.00','2010-08-09',1,'2010-08-09','12.00','2010-08-09 14:49:05',28,'2010-08-09 14:55:48',30),(1855,37,'1.00','2010-08-09',1,'2010-08-09','1.00','2010-08-09 14:49:32',28,'2010-08-09 14:55:59',30),(1856,65,'5.00','2010-08-09',1,'2010-08-09','5.00','2010-08-09 14:50:39',46,'2010-08-09 14:56:09',30),(1857,268,'2.00','2010-08-09',1,'2010-08-09','2.00','2010-08-09 14:51:10',46,'2010-08-09 14:56:16',30),(1858,64,'1.00','2010-08-09',1,'2010-08-09','1.00','2010-08-09 14:52:36',46,'2010-08-09 14:56:23',30),(1859,62,'2.00','2010-08-09',1,'2010-08-09','2.00','2010-08-09 16:02:08',15,'2010-08-09 16:03:07',30),(1860,65,'1.00','2010-08-11',1,'2010-08-11','1.00','2010-08-12 09:45:09',17,'2010-08-12 09:53:00',30),(1861,64,'1.00','2010-08-11',1,'2010-08-11','1.00','2010-08-12 09:45:45',17,'2010-08-12 09:53:15',30),(1862,66,'10.00','2010-08-11',1,'2010-08-11','10.00','2010-08-12 09:46:38',17,'2010-08-12 09:54:20',30),(1863,61,'1.00','2010-08-11',1,'2010-08-11','1.00','2010-08-12 09:48:03',20,'2010-08-12 09:54:41',30),(1864,65,'1.00','2010-08-11',1,'2010-08-11','1.00','2010-08-12 09:48:34',20,'2010-08-12 09:55:08',30),(1865,65,'30.00','2010-08-12',1,'2010-08-12','30.00','2010-08-12 11:37:21',28,'2010-08-12 11:49:21',30),(1866,64,'20.00','2010-08-12',1,'2010-08-12','20.00','2010-08-12 11:38:06',28,'2010-08-12 11:49:35',30),(1867,65,'3.00','2010-08-12',1,'2010-08-12','3.00','2010-08-12 11:39:06',20,'2010-08-12 11:49:49',30),(1868,65,'3.00','2010-08-13',1,'2010-08-13','3.00','2010-08-18 10:33:22',64,'2010-08-18 10:55:26',30),(1869,34,'6.00','2010-08-13',1,'2010-08-13','6.00','2010-08-18 10:33:57',64,'2010-08-18 10:55:40',30),(1870,196,'6.00','2010-08-13',1,'2010-08-13','6.00','2010-08-18 10:34:55',64,'2010-08-18 10:55:57',30),(1871,157,'1.00','2010-08-13',1,'2010-08-13','1.00','2010-08-18 10:36:32',64,'2010-08-18 10:56:14',30),(1872,12,'1.00','2010-08-13',1,'2010-08-13','1.00','2010-08-18 10:38:43',64,'2010-08-18 10:56:29',30),(1873,263,'50.00','2010-08-13',1,'2010-08-13','50.00','2010-08-18 10:40:38',64,'2010-08-18 10:56:51',30),(1874,148,'1.00','2010-08-13',1,'2010-08-13','1.00','2010-08-18 10:41:15',64,'2010-08-18 10:57:03',30),(1875,65,'2.00','2010-08-16',1,'2010-08-16','2.00','2010-08-18 10:46:16',28,'2010-08-18 10:57:35',30),(1876,65,'1.00','2010-08-18',1,'2010-08-18','1.00','2010-08-18 10:48:04',20,'2010-08-18 10:57:45',30),(1877,64,'1.00','2010-08-18',1,'2010-08-18','1.00','2010-08-18 10:48:25',20,'2010-08-18 10:57:56',30),(1878,167,'1.00','2010-08-18',1,'2010-08-18','1.00','2010-08-18 10:49:02',20,'2010-08-18 10:58:04',30),(1879,48,'1.00','2010-08-18',1,'2010-08-18','1.00','2010-08-18 10:49:33',20,'2010-08-18 10:58:15',30),(1880,218,'5.00','2010-08-18',1,'2010-08-18','5.00','2010-08-18 10:51:53',20,'2010-08-18 10:58:24',30),(1881,65,'3.00','2010-08-18',1,'2010-08-18','3.00','2010-08-18 13:49:36',17,'2010-08-18 13:53:58',30),(1882,64,'2.00','2010-08-18',1,'2010-08-18','2.00','2010-08-18 13:49:59',17,'2010-08-18 13:54:07',30),(1883,66,'50.00','2010-08-18',1,'2010-08-18','50.00','2010-08-18 13:50:28',17,'2010-08-18 13:54:20',30),(1884,196,'4.00','2010-08-18',1,'2010-08-18','4.00','2010-08-18 13:51:09',17,'2010-08-18 13:54:29',30),(1885,9,'2.00','2010-08-18',1,'2010-08-18','2.00','2010-08-18 13:51:35',17,'2010-08-18 13:54:36',30),(1886,218,'2.00','2010-08-18',1,'2010-08-18','2.00','2010-08-18 14:00:50',7,'2010-08-18 14:11:01',30),(1887,58,'2.00','2010-08-18',1,'2010-08-18','2.00','2010-08-18 14:02:01',28,'2010-08-18 14:11:12',30),(1888,62,'4.00','2010-08-18',1,'2010-08-18','4.00','2010-08-18 14:03:32',28,'2010-08-18 14:11:18',30),(1889,318,'1.00','2010-08-18',1,'2010-08-18','1.00','2010-08-18 14:05:22',28,'2010-08-18 14:11:25',30),(1890,159,'2.00','2010-08-18',1,'2010-08-18','2.00','2010-08-18 14:07:43',28,'2010-08-18 14:11:55',30),(1891,58,'98.00','2010-08-18',1,'2010-08-18','98.00','2010-08-18 14:17:59',28,'2010-08-18 14:19:00',30),(1892,62,'6.00','2010-08-18',1,'2010-08-18','6.00','2010-08-18 14:31:32',20,'2010-08-19 10:20:48',30),(1893,58,'2.00','2010-08-20',1,'2010-08-20','2.00','2010-08-20 14:32:28',28,'2010-08-20 14:42:27',30),(1894,58,'98.00','2010-08-20',1,'2010-08-20','98.00','2010-08-20 14:33:24',28,'2010-08-20 14:42:38',30),(1895,65,'2.00','2010-08-20',1,'2010-08-20','2.00','2010-08-20 14:34:27',28,'2010-08-20 14:42:49',30),(1896,210,'1.00','2010-08-20',1,'2010-08-20','1.00','2010-08-20 14:35:29',20,'2010-08-20 14:42:58',30),(1897,159,'5.00','2010-08-20',1,'2010-08-20','5.00','2010-08-20 14:37:25',14,'2010-08-20 14:43:08',30),(1898,64,'1.00','2010-08-20',1,'2010-08-20','1.00','2010-08-20 14:38:18',14,'2010-08-20 14:43:16',30),(1899,263,'100.00','2010-08-20',1,'2010-08-20','100.00','2010-08-20 14:40:09',51,'2010-08-20 14:43:24',30),(1900,196,'3.00','2010-08-20',1,'2010-08-20','3.00','2010-08-20 14:41:00',51,'2010-08-20 14:43:34',30),(1901,58,'100.00','2010-08-20',1,'2010-08-20','100.00','2010-08-20 14:46:14',51,'2010-08-20 14:46:56',30),(1902,197,'500.00','2010-08-23',1,'2010-08-23','500.00','2010-08-23 12:01:15',62,'2010-08-23 12:09:41',30),(1903,187,'260.00','2010-08-23',1,'2010-08-23','260.00','2010-08-23 12:04:23',62,'2010-08-23 12:09:51',30),(1904,148,'2.00','2010-08-23',1,'2010-08-23','2.00','2010-08-23 12:04:47',62,'2010-08-23 12:10:01',30),(1905,306,'2000.00','2010-08-23',1,'2010-08-23','2000.00','2010-08-23 12:06:03',62,'2010-08-23 12:10:09',30),(1906,263,'100.00','2010-08-23',1,'2010-08-23','100.00','2010-08-23 12:07:13',14,'2010-08-23 12:10:18',30),(1907,151,'6.00','2010-08-23',1,'2010-08-23','6.00','2010-08-23 12:08:25',51,'2010-08-23 12:10:27',30),(1908,70,'12.00','2010-08-23',1,'2010-08-23','12.00','2010-08-23 12:08:53',51,'2010-08-23 12:10:38',30),(1909,261,'350.00','2010-08-24',1,'2010-08-24','350.00','2010-08-24 10:59:36',64,'2010-08-24 11:02:16',30),(1910,64,'4.00','2010-08-24',1,'2010-08-24','4.00','2010-08-24 11:01:15',46,'2010-08-24 11:02:25',30),(1911,108,'1.00','2010-08-25',1,'2010-08-25','1.00','2010-08-25 13:13:44',16,'2010-08-25 13:23:56',30),(1912,65,'2.00','2010-08-25',1,'2010-08-25','2.00','2010-08-25 13:16:58',15,'2010-08-25 13:24:07',30),(1913,357,'12.00','2010-08-25',1,'2010-08-25','12.00','2010-08-25 13:17:36',15,'2010-08-25 13:24:25',30),(1914,17,'1.00','2010-08-25',1,'2010-08-25','1.00','2010-08-25 13:19:03',15,'2010-08-25 13:24:34',30),(1915,265,'1.00','2010-08-25',1,'2010-08-25','1.00','2010-08-25 13:19:29',15,'2010-08-25 13:24:41',30),(1916,46,'1.00','2010-08-25',1,'2010-08-25','1.00','2010-08-25 13:19:50',15,'2010-08-25 13:24:50',30),(1917,34,'2.00','2010-08-25',1,'2010-08-25','2.00','2010-08-25 13:20:20',15,'2010-08-25 13:24:57',30),(1918,65,'3.00','2010-08-25',1,'2010-08-25','3.00','2010-08-25 13:21:27',28,'2010-08-25 13:25:04',30),(1919,58,'100.00','2010-08-25',1,'2010-08-25','100.00','2010-08-25 13:21:46',28,'2010-08-25 13:25:13',30),(1920,65,'3.00','2010-08-25',1,'2010-08-25','3.00','2010-08-25 13:35:59',13,'2010-08-25 13:50:25',30),(1921,321,'2.00','2010-08-25',1,'2010-08-25','2.00','2010-08-25 13:36:21',13,'2010-08-25 13:50:34',30),(1922,69,'5.00','2010-08-25',1,'2010-08-25','5.00','2010-08-25 13:43:02',13,'2010-08-25 13:50:42',30),(1923,219,'5.00','2010-08-25',1,'2010-08-25','5.00','2010-08-25 13:43:37',13,'2010-08-25 13:50:54',30),(1924,62,'2.00','2010-08-25',1,'2010-08-25','2.00','2010-08-25 13:44:02',13,'2010-08-25 13:51:02',30),(1925,196,'4.00','2010-08-25',1,'2010-08-25','4.00','2010-08-25 13:46:05',13,'2010-08-25 13:51:09',30),(1926,43,'1.00','2010-08-25',1,'2010-08-25','1.00','2010-08-25 13:52:09',13,'2010-08-25 13:54:00',30),(1927,107,'1.00','2010-08-25',1,'2010-08-25','1.00','2010-08-25 13:52:53',13,'2010-08-25 13:54:08',30),(1928,235,'250.00','2010-08-25',1,'2010-08-25','250.00','2010-08-25 13:58:35',62,'2010-08-25 14:00:44',30),(1929,187,'100.00','2010-08-25',1,'2010-08-25','100.00','2010-08-25 13:59:29',62,'2010-08-25 14:00:52',30),(1930,65,'2.00','2010-08-26',1,'2010-08-26','2.00','2010-08-26 14:04:32',5,'2010-08-26 14:18:47',30),(1931,64,'2.00','2010-08-26',1,'2010-08-26','2.00','2010-08-26 14:04:58',5,'2010-08-26 14:18:55',30),(1932,61,'2.00','2010-08-26',1,'2010-08-26','2.00','2010-08-26 14:05:43',5,'2010-08-26 14:19:04',30),(1933,263,'100.00','2010-08-26',1,'2010-08-26','100.00','2010-08-26 14:07:00',5,'2010-08-26 14:19:13',30),(1934,59,'200.00','2010-08-26',1,'2010-08-26','200.00','2010-08-26 14:07:19',5,'2010-08-26 14:19:22',30),(1935,196,'4.00','2010-08-26',1,'2010-08-26','4.00','2010-08-26 14:08:58',5,'2010-08-26 14:19:30',30),(1936,160,'1.00','2010-08-26',1,'2010-08-26','1.00','2010-08-26 14:09:36',5,'2010-08-26 14:19:39',30),(1937,167,'2.00','2010-08-26',1,'2010-08-26','2.00','2010-08-26 14:10:01',5,'2010-08-26 14:19:47',30),(1938,10,'6.00','2010-08-26',1,'2010-08-26','6.00','2010-08-26 14:10:27',5,'2010-08-26 14:19:56',30),(1939,65,'2.00','2010-08-26',1,'2010-08-26','2.00','2010-08-26 14:11:34',28,'2010-08-26 14:20:07',30),(1940,30,'1.00','2010-08-26',1,'2010-08-26','1.00','2010-08-26 14:11:59',28,'2010-08-26 14:20:17',30),(1941,29,'2.00','2010-08-26',1,'2010-08-26','2.00','2010-08-26 14:12:18',28,'2010-08-26 14:20:27',30),(1942,46,'1.00','2010-08-26',1,'2010-08-26','1.00','2010-08-26 14:12:39',28,'2010-08-26 14:20:35',30),(1943,265,'1.00','2010-08-26',1,'2010-08-26','1.00','2010-08-26 14:13:00',28,'2010-08-26 14:20:44',30),(1944,167,'1.00','2010-08-26',1,'2010-08-26','1.00','2010-08-26 14:13:44',28,'2010-08-26 14:20:50',30),(1945,62,'6.00','2010-08-26',1,'2010-08-26','6.00','2010-08-26 14:14:13',28,'2010-08-26 14:20:58',30),(1946,63,'1.00','2010-08-26',1,'2010-08-26','1.00','2010-08-26 14:14:55',28,'2010-08-26 14:21:06',30),(1947,26,'1.00','2010-08-26',1,'2010-08-26','1.00','2010-08-26 14:16:18',28,'2010-08-26 14:21:19',30),(1948,9,'1.00','2010-08-26',1,'2010-08-26','1.00','2010-08-26 14:16:43',28,'2010-08-26 14:21:25',30),(1949,357,'12.00','2010-08-27',1,'2010-08-27','12.00','2010-08-27 10:41:58',51,'2010-08-27 10:46:18',30),(1950,357,'12.00','2010-08-27',1,'2010-08-27','12.00','2010-08-27 10:42:39',14,'2010-08-27 10:46:32',30),(1951,357,'12.00','2010-08-27',1,'2010-08-27','12.00','2010-08-27 10:43:28',12,'2010-08-27 10:46:44',30),(1952,65,'5.00','2010-08-27',1,'2010-08-27','5.00','2010-08-27 10:44:58',46,'2010-08-27 10:46:55',30),(1953,64,'2.00','2010-08-27',1,'2010-08-27','2.00','2010-08-27 10:45:33',46,'2010-08-27 10:47:03',30),(1954,86,'1.00','2010-08-27',1,'2010-08-27','1.00','2010-08-27 14:51:23',14,'2010-08-27 14:58:13',30),(1955,65,'2.00','2010-08-27',1,'2010-08-27','2.00','2010-08-27 14:51:42',14,'2010-08-27 14:58:21',30),(1956,16,'2.00','2010-08-27',1,'2010-08-27','2.00','2010-08-27 14:55:21',14,'2010-08-27 14:58:35',30),(1957,105,'5.00','2010-08-27',1,'2010-08-27','5.00','2010-08-27 14:55:46',14,'2010-08-27 14:58:43',30),(1958,196,'5.00','2010-08-27',1,'2010-08-27','5.00','2010-08-27 14:56:06',14,'2010-08-27 14:58:53',30),(1959,50,'6.00','2010-08-27',1,'2010-08-27','6.00','2010-08-27 14:56:36',14,'2010-08-27 14:59:00',30),(1960,86,'1.00','2010-08-27',1,'2010-08-27','1.00','2010-08-27 14:57:32',70,'2010-08-27 14:59:09',30),(1961,280,'1.00','2010-08-30',1,'2010-08-30','1.00','2010-08-30 13:43:58',12,'2010-08-30 13:50:06',30),(1962,263,'100.00','2010-08-30',1,'2010-08-30','100.00','2010-08-30 13:44:30',12,'2010-08-30 13:51:12',30),(1963,65,'2.00','2010-08-30',1,'2010-08-30','2.00','2010-08-30 13:45:51',12,'2010-08-30 13:51:38',30),(1964,34,'1.00','2010-08-30',1,'2010-08-30','1.00','2010-08-30 13:48:49',12,'2010-08-30 13:51:51',30),(1965,86,'1.00','2010-08-30',1,'2010-08-30','1.00','2010-08-30 14:36:38',26,'2010-08-30 14:37:18',30),(1966,296,'1.00','2010-08-28',1,'2010-08-28','1.00','2010-09-02 13:55:43',62,'2010-09-02 14:15:49',30),(1967,173,'1.00','2010-08-28',1,'2010-08-28','1.00','2010-09-02 13:56:42',62,'2010-09-02 14:16:08',30),(1968,172,'1.00','2010-08-28',1,'2010-08-28','1.00','2010-09-02 13:58:31',62,'2010-09-02 14:16:31',30),(1969,171,'1.00','2010-08-28',1,'2010-08-28','1.00','2010-09-02 13:59:55',62,'2010-09-02 14:16:57',30),(1970,170,'1.00','2010-08-28',1,'2010-08-28','1.00','2010-09-02 14:00:33',62,'2010-09-02 14:17:14',30),(1971,246,'1.00','2010-08-28',1,'2010-08-28','1.00','2010-09-02 14:01:38',62,'2010-09-02 14:18:04',30),(1972,233,'7.00','2010-08-28',1,'2010-08-28','7.00','2010-09-02 14:03:27',62,'2010-09-02 14:18:31',30),(1973,166,'10.00','2010-08-28',1,'2010-08-28','10.00','2010-09-02 14:06:16',62,'2010-09-02 14:18:48',30),(1974,189,'2.00','2010-08-28',1,'2010-08-28','2.00','2010-09-02 14:07:15',62,'2010-09-02 14:19:22',30),(1975,301,'1.00','2010-08-28',1,'2010-08-28','1.00','2010-09-02 14:09:35',62,'2010-09-02 14:19:35',30),(1976,332,'1.00','2010-08-28',1,'2010-08-28','1.00','2010-09-02 14:10:07',62,'2010-09-02 14:19:47',30),(1977,211,'60.00','2010-08-28',1,'2010-07-28','60.00','2010-09-02 14:10:56',62,'2010-09-02 14:20:00',30),(1978,197,'10500.00','2010-08-28',1,'2010-08-28','10500.00','2010-09-02 14:12:02',62,'2010-09-02 14:20:25',30),(1979,178,'825.00','2010-08-28',1,'2010-08-28','825.00','2010-09-02 14:12:39',62,'2010-09-02 14:20:41',30),(1980,152,'50.00','2010-08-28',1,'2010-08-28','50.00','2010-09-02 14:13:19',62,'2010-09-02 14:21:18',30),(1981,177,'40.00','2010-08-28',1,'2010-08-28','40.00','2010-09-02 14:14:29',62,'2010-09-02 14:21:29',30),(1982,65,'2.00','2010-08-31',1,'2010-08-31','2.00','2010-09-02 14:28:13',37,'2010-09-02 14:48:54',30),(1983,64,'1.00','2010-08-31',1,'2010-08-31','1.00','2010-09-02 14:29:00',37,'2010-09-02 14:49:38',30),(1984,61,'1.00','2010-08-31',1,'2010-08-31','1.00','2010-09-02 14:29:59',37,'2010-09-02 14:49:55',30),(1985,66,'10.00','2010-08-31',1,'2010-08-31','10.00','2010-09-02 14:30:51',37,'2010-09-02 14:50:58',30),(1986,263,'10.00','2010-08-31',1,'2010-08-31','10.00','2010-09-02 14:31:25',37,'2010-09-02 14:51:18',30),(1987,17,'1.00','2010-08-31',1,'2010-08-31','1.00','2010-09-02 14:32:18',37,'2010-09-02 14:51:42',30),(1988,62,'2.00','2010-08-31',1,'2010-08-31','2.00','2010-09-02 14:33:16',37,'2010-09-02 14:52:00',30),(1989,62,'12.00','2010-09-01',1,'2010-09-01','12.00','2010-09-02 14:35:04',51,'2010-09-02 14:52:19',30),(1990,50,'15.00','2010-09-01',1,'2010-09-01','15.00','2010-09-02 14:35:43',51,'2010-09-02 14:52:33',30),(1991,65,'2.00','2010-09-01',1,'2010-09-01','2.00','2010-09-02 14:36:24',51,'2010-09-02 14:52:56',30),(1992,65,'3.00','2010-09-01',1,'2010-09-01','3.00','2010-09-02 14:37:57',12,'2010-09-02 14:53:14',30),(1993,101,'1.00','2010-09-01',1,'2010-09-01','1.00','2010-09-02 14:38:22',12,'2010-09-02 14:53:31',30),(1994,70,'24.00','2010-09-01',1,'2010-09-01','24.00','2010-09-02 14:39:15',12,'2010-09-02 14:53:48',30),(1995,10,'5.00','2010-09-01',1,'2010-09-01','5.00','2010-09-02 14:39:58',12,'2010-09-02 14:54:17',30),(1996,105,'12.00','2010-09-01',1,'2010-09-01','12.00','2010-09-02 14:40:34',12,'2010-09-02 14:55:42',30),(1997,196,'12.00','2010-09-01',1,'2010-09-01','12.00','2010-09-02 14:42:05',12,'2010-09-02 14:55:57',30),(1998,34,'5.00','2010-09-01',1,'2010-09-01','5.00','2010-09-02 14:42:43',12,'2010-09-02 14:56:17',30),(1999,160,'1.00','2010-09-01',1,'2010-09-01','1.00','2010-09-02 14:43:27',12,'2010-09-02 14:56:35',30),(2000,62,'8.00','2010-09-01',1,'2010-09-01','8.00','2010-09-02 14:45:09',12,'2010-09-02 14:56:48',30),(2001,50,'6.00','2010-09-01',1,'2010-09-01','6.00','2010-09-02 14:45:47',12,'2010-09-02 14:57:01',30),(2002,280,'2.00','2010-09-01',1,'2010-09-01','2.00','2010-09-02 14:46:57',12,'2010-09-02 14:57:17',30),(2003,360,'2.00','2010-09-03',1,'2010-09-03','2.00','2010-09-03 10:54:34',26,'2010-09-03 10:55:11',30),(2004,86,'1.00','2010-09-02',1,'2010-09-02','1.00','2010-09-03 10:56:19',20,'2010-09-03 10:58:23',30),(2005,65,'5.00','2010-09-02',1,'2010-09-03','5.00','2010-09-03 10:56:56',20,'2010-09-03 10:58:34',30),(2006,77,'12.00','2010-09-02',1,'2010-09-03','12.00','2010-09-03 10:57:24',20,'2010-09-03 10:58:45',30),(2007,65,'3.00','2010-09-03',1,'2010-09-03','3.00','2010-09-06 09:43:45',64,'2010-09-06 09:49:18',30),(2008,61,'2.00','2010-09-03',1,'2010-09-03','2.00','2010-09-06 09:45:25',64,'2010-09-06 09:49:33',30),(2009,318,'3.00','2010-09-03',1,'2010-09-03','3.00','2010-09-06 09:46:06',64,'2010-09-06 09:49:59',30),(2010,196,'6.00','2010-09-03',1,'2010-09-03','6.00','2010-09-06 09:47:02',64,'2010-09-06 09:50:23',30),(2011,15,'2.00','2010-09-03',1,'2010-09-03','2.00','2010-09-06 09:47:55',64,'2010-09-06 09:54:52',30),(2012,62,'12.00','2010-09-03',1,'2010-09-03','12.00','2010-09-06 09:48:19',64,'2010-09-06 09:55:05',30),(2013,141,'2.00','2010-09-03',1,'2010-09-03','2.00','2010-09-06 09:57:32',64,'2010-09-06 10:03:11',30),(2014,16,'2.00','2010-09-03',1,'2010-09-03','2.00','2010-09-06 10:02:43',64,'2010-09-06 10:03:23',30),(2015,359,'10.00','2010-09-06',1,'2010-09-06','10.00','2010-09-06 10:06:08',20,'2010-09-06 10:06:49',30),(2016,357,'80.00','2010-09-06',1,'2010-09-06','80.00','2010-09-06 12:18:34',12,'2010-09-06 12:32:57',30),(2017,65,'3.00','2010-09-06',1,'2010-09-06','3.00','2010-09-06 12:19:43',33,'2010-09-06 12:33:06',30),(2018,61,'2.00','2010-09-06',1,'2010-09-06','2.00','2010-09-06 12:20:10',33,'2010-09-06 12:33:15',30),(2019,196,'5.00','2010-09-06',1,'2010-09-06','5.00','2010-09-06 12:20:34',33,'2010-09-06 12:33:24',30),(2020,66,'12.00','2010-09-06',1,'2010-09-06','12.00','2010-09-06 12:21:30',33,'2010-09-06 12:33:32',30),(2021,107,'1.00','2010-09-06',1,'2010-09-06','1.00','2010-09-06 12:22:34',33,'2010-09-06 12:33:40',30),(2022,16,'1.00','2010-09-06',1,'2010-09-06','1.00','2010-09-06 12:23:04',33,'2010-09-06 12:33:50',30),(2023,265,'1.00','2010-09-06',1,'2010-09-06','1.00','2010-09-06 12:23:28',33,'2010-09-06 12:33:59',30),(2024,9,'1.00','2010-09-06',1,'2010-09-06','1.00','2010-09-06 12:24:01',33,'2010-09-06 12:34:08',30),(2025,65,'5.00','2010-09-06',1,'2010-09-06','5.00','2010-09-06 12:24:44',14,'2010-09-06 12:34:16',30),(2026,61,'1.00','2010-09-06',1,'2010-09-06','1.00','2010-09-06 12:25:19',14,'2010-09-06 12:34:26',30),(2027,151,'6.00','2010-09-06',1,'2010-09-06','6.00','2010-09-06 12:26:25',14,'2010-09-06 12:34:35',30),(2028,70,'36.00','2010-09-06',1,'2010-09-06','36.00','2010-09-06 12:27:02',14,'2010-09-06 12:34:44',30),(2029,34,'5.00','2010-09-06',1,'2010-09-06','5.00','2010-09-06 12:27:41',14,'2010-09-06 12:34:52',30),(2030,157,'1.00','2010-09-06',1,'2010-09-06','1.00','2010-09-06 12:28:06',14,'2010-09-06 12:34:59',30),(2031,12,'1.00','2010-09-06',1,'2010-09-06','1.00','2010-09-06 12:28:33',14,'2010-09-06 12:35:07',30),(2032,357,'50.00','2010-09-06',1,'2010-09-06','50.00','2010-09-06 12:28:59',14,'2010-09-06 12:35:14',30),(2033,50,'15.00','2010-09-06',1,'2010-09-06','15.00','2010-09-06 12:29:24',14,'2010-09-06 12:35:21',30),(2034,62,'10.00','2010-09-06',1,'2010-09-06','10.00','2010-09-06 12:29:46',14,'2010-09-06 12:35:28',30),(2035,74,'15.00','2010-09-04',1,'2010-09-04','15.00','2010-09-07 12:08:01',62,'2010-09-07 12:12:14',30),(2036,332,'1.00','2010-09-04',1,'2010-09-04','1.00','2010-09-07 12:09:32',62,'2010-09-07 12:12:35',30),(2037,361,'250.00','2010-09-04',1,'2010-09-04','250.00','2010-09-07 12:10:07',62,'2010-09-07 12:12:49',30),(2038,362,'2.00','2010-09-04',1,'2010-09-04','2.00','2010-09-07 12:10:34',62,'2010-09-07 12:13:01',30),(2039,363,'63.00','2010-09-04',1,'2010-09-04','63.00','2010-09-07 12:11:29',62,'2010-09-07 12:13:22',30),(2040,65,'5.00','2010-09-04',1,'2010-09-07','5.00','2010-09-07 12:14:30',46,'2010-09-07 12:16:11',30),(2041,64,'2.00','2010-09-07',1,'2010-09-07','2.00','2010-09-07 12:15:08',46,'2010-09-07 12:16:20',30),(2042,65,'3.00','2010-09-06',1,'2010-09-06','3.00','2010-09-07 12:27:32',5,'2010-09-07 12:32:21',30),(2043,62,'206.00','2010-09-06',1,'2010-09-06','206.00','2010-09-07 12:28:15',5,'2010-09-07 12:32:51',30),(2044,9,'2.00','2010-09-06',1,'2010-09-06','2.00','2010-09-07 12:28:53',5,'2010-09-07 12:33:02',30),(2045,105,'2.00','2010-09-06',1,'2010-09-06','2.00','2010-09-07 12:29:51',5,'2010-09-07 12:33:12',30),(2046,45,'1.00','2010-09-06',1,'2010-09-06','1.00','2010-09-07 12:30:22',5,'2010-09-07 12:33:26',30),(2047,59,'100.00','2010-09-06',1,'2010-09-06','100.00','2010-09-07 12:30:49',5,'2010-09-07 12:33:36',30),(2048,58,'100.00','2010-09-06',1,'2010-09-06','100.00','2010-09-07 12:31:11',5,'2010-09-07 12:33:47',30),(2049,26,'3.00','2010-09-07',1,'2010-09-07','3.00','2010-09-07 12:39:40',17,'2010-09-07 12:44:00',30),(2050,70,'2.00','2010-09-07',1,'2010-09-07','2.00','2010-09-07 12:40:13',17,'2010-09-07 12:44:09',30),(2051,34,'4.00','2010-09-07',1,'2010-09-07','4.00','2010-09-07 12:40:46',17,'2010-09-07 12:44:18',30),(2052,32,'1.00','2010-09-07',1,'2010-09-07','1.00','2010-09-07 12:41:06',17,'2010-09-07 12:44:26',30),(2053,17,'2.00','2010-09-07',1,'2010-09-07','2.00','2010-09-07 12:41:40',17,'2010-09-07 12:44:32',30),(2054,73,'2.00','2010-09-07',1,'2010-09-07','2.00','2010-09-07 12:42:07',17,'2010-09-07 13:05:53',30),(2055,196,'4.00','2010-09-07',1,'2010-09-07','4.00','2010-09-07 12:42:33',17,'2010-09-07 13:06:00',30),(2056,37,'1.00','2010-09-07',1,'2010-09-07','1.00','2010-09-07 12:42:57',17,'2010-09-07 13:06:06',30),(2057,40,'1.00','2010-09-07',1,'2010-09-07','1.00','2010-09-07 12:43:24',17,'2010-09-07 13:06:12',30),(2058,58,'100.00','2010-09-07',1,'2010-09-07','100.00','2010-09-08 11:43:06',20,'2010-09-08 11:54:17',30),(2059,86,'1.00','2010-09-08',1,'2010-09-08','1.00','2010-09-08 11:52:38',28,'2010-09-08 11:54:47',30),(2060,65,'3.00','2010-09-08',1,'2010-09-08','3.00','2010-09-08 11:53:08',28,'2010-09-08 11:54:57',30),(2061,58,'100.00','2010-09-08',1,'2010-09-08','100.00','2010-09-08 11:53:34',28,'2010-09-08 11:55:07',30),(2062,154,'40.00','2010-09-16',1,'2010-09-16','40.00','2010-09-16 12:22:53',62,'2010-09-16 12:32:32',30),(2063,152,'50.00','2010-09-16',1,'2010-09-16','50.00','2010-09-16 12:23:39',62,'2010-09-16 12:32:25',30),(2064,306,'1750.00','2010-09-16',1,'2010-09-16','1750.00','2010-09-16 12:24:17',62,'2010-09-16 12:32:17',30),(2065,186,'200.00','2010-09-16',1,'2010-09-16','200.00','2010-09-16 12:25:57',62,'2010-09-16 12:32:08',30),(2066,233,'5.00','2010-09-16',1,'2010-09-16','5.00','2010-09-16 12:26:57',62,'2010-09-16 12:32:00',30),(2067,166,'5.00','2010-09-16',1,'2010-09-16','5.00','2010-09-16 12:27:24',62,'2010-09-16 12:31:52',30),(2068,173,'1.00','2010-09-16',1,'2010-09-16','1.00','2010-09-16 12:27:54',62,'2010-09-16 12:31:40',30),(2069,171,'1.00','2010-09-16',1,'2010-09-16','1.00','2010-09-16 12:28:20',62,'2010-09-16 12:31:31',30),(2070,344,'2.00','2010-09-16',1,'2010-09-16','2.00','2010-09-16 12:29:01',62,'2010-09-16 12:31:23',30),(2071,346,'1.00','2010-09-16',1,'2010-09-16','1.00','2010-09-16 12:29:26',62,'2010-09-16 12:31:17',30),(2072,336,'1.00','2010-09-16',1,'2010-09-16','1.00','2010-09-16 12:29:59',62,'2010-09-16 12:31:11',30),(2073,59,'200.00','2010-09-16',1,'2010-09-16','200.00','2010-09-17 14:30:51',12,'2010-09-17 14:33:01',30),(2074,59,'100.00','2010-09-17',1,'2010-09-17','100.00','2010-09-17 14:31:53',64,'2010-09-17 14:33:15',30),(2075,263,'100.00','2010-09-17',1,'2010-09-17','100.00','2010-09-17 14:32:26',64,'2010-09-17 14:33:33',30),(2076,218,'1.00','2010-09-17',1,'2010-09-17','1.00','2010-09-17 15:11:32',20,'2010-09-17 15:12:09',30);
/*!40000 ALTER TABLE `item_outs` ENABLE KEYS */;
UNLOCK TABLES;

--
-- Table structure for table `items`
--

DROP TABLE IF EXISTS `items`;
SET @saved_cs_client     = @@character_set_client;
SET character_set_client = utf8;
CREATE TABLE `items` (
  `id` int(10) NOT NULL auto_increment,
  `code` varchar(20) NOT NULL,
  `name` varchar(50) NOT NULL,
  `unit_id` int(10) NOT NULL,
  `created` datetime NOT NULL,
  `created_by` int(10) NOT NULL,
  `modified` datetime NOT NULL,
  `modified_by` int(10) NOT NULL,
  PRIMARY KEY  (`id`),
  KEY `unit_id` (`unit_id`),
  KEY `created` (`created`),
  KEY `code` (`code`),
  KEY `name` (`name`)
) ENGINE=MyISAM AUTO_INCREMENT=364 DEFAULT CHARSET=latin1;
SET character_set_client = @saved_cs_client;

--
-- Dumping data for table `items`
--

LOCK TABLES `items` WRITE;
/*!40000 ALTER TABLE `items` DISABLE KEYS */;
INSERT INTO `items` VALUES (14,'0006','Lakban Hitam',7,'2010-01-05 13:40:57',1,'2010-01-05 13:40:57',0),(13,'0005','Isi steples No.10-m',13,'2010-01-05 12:32:52',1,'2010-01-05 13:34:02',1),(12,'0004','Isi Stepless No 3-1m',13,'2010-01-05 12:30:58',1,'2010-01-05 13:36:02',1),(9,'0001','Paper Clip No.1',13,'2010-01-05 12:29:04',1,'2010-01-05 12:29:04',0),(11,'0003','Isi Stepless Besar Etona No.3',13,'2010-01-05 12:30:16',1,'2010-01-05 12:30:16',0),(10,'0002','Paper Clip No. 3',13,'2010-01-05 12:29:32',1,'2010-07-20 17:42:12',1),(15,'0007','Selotip Bening Kecil',7,'2010-01-05 13:41:44',1,'2010-01-05 13:41:44',0),(16,'0008','Selotip Bening 3 Cm',7,'2010-01-05 13:42:30',1,'2010-01-05 13:42:30',0),(17,'0009','Lem Kertas Inakol Kecil',7,'2010-01-05 13:43:04',1,'2010-01-05 13:43:04',0),(18,'0010','Lem UHU Kecil',7,'2010-01-05 13:43:44',1,'2010-01-05 13:43:44',0),(19,'0011','Kertas Flipchart',14,'2010-01-05 13:44:38',1,'2010-01-05 13:44:38',0),(20,'0012','Tempat Selotip (Tape Dispenser)',7,'2010-01-05 13:46:31',1,'2010-01-05 13:46:31',0),(21,'0013','Cutter A-300',7,'2010-01-05 13:47:05',1,'2010-01-05 13:47:05',0),(22,'0014','Disket 2HD',7,'2010-01-05 13:47:38',1,'2010-01-05 13:47:38',0),(23,'0015','Remover (Pencabut isi steples)',7,'2010-01-05 13:48:20',1,'2010-01-05 13:48:20',0),(24,'0016','Punch (pencabut isi steples)',7,'2010-01-05 13:55:12',1,'2010-01-05 14:28:47',1),(25,'0017','Data scrip (pembatas ttd)',7,'2010-01-05 13:56:29',1,'2010-01-05 13:56:29',0),(26,'0018','Post-it (stiker Pembatas Tanda Tangan)',7,'2010-01-05 13:57:49',1,'2010-07-07 21:25:38',1),(27,'0019','Penghapus peber castle',7,'2010-01-05 13:58:47',1,'2010-01-05 13:58:47',0),(28,'0020','Penghapus steadler',7,'2010-01-05 13:59:53',1,'2010-01-05 13:59:53',0),(29,'0021','Binder clip no. 200 Hitam Merk Joyko',20,'2010-01-05 14:00:52',1,'2010-01-09 12:34:23',1),(30,'0022','Binder clip no. 260 Hitam merk Joyko',20,'2010-01-05 14:03:05',1,'2010-01-09 12:35:08',1),(31,'0023','Steples besar',7,'2010-01-05 14:03:56',1,'2010-01-05 14:03:56',0),(32,'0024','Viny paper clip warna',15,'2010-01-05 14:04:45',1,'2010-01-11 08:26:40',1),(33,'0025','Rautan pensil kecil',7,'2010-01-05 14:05:30',1,'2010-06-09 18:33:44',1),(34,'0026','Stabilo',7,'2010-01-05 14:05:54',1,'2010-01-05 14:05:54',0),(35,'0027','Daito (pita mesin ketik)',7,'2010-01-05 14:06:37',1,'2010-07-07 18:04:28',1),(36,'0028','Bolpoin my-gel donga',7,'2010-01-05 14:07:32',1,'2010-01-05 14:07:32',0),(37,'0029','Bolpoint balliner',7,'2010-01-05 14:08:05',1,'2010-01-05 14:08:05',0),(38,'0030','Bolpoint boxy',7,'2010-01-05 14:08:38',1,'2010-01-05 14:08:38',0),(39,'0031','Bolpoint standar',7,'2010-01-05 14:09:05',1,'2010-01-05 14:09:05',0),(40,'0032','Drawing pen ',7,'2010-01-05 14:09:39',1,'2010-01-05 14:09:39',0),(41,'0033','Kaca pembesar 50mm',7,'2010-01-05 14:10:20',1,'2010-01-05 14:10:20',0),(42,'0034','Bak stempel',7,'2010-01-05 14:11:05',1,'2010-01-05 14:11:05',0),(43,'0035','Buku Folio',7,'2010-01-05 14:12:07',1,'2010-01-09 12:49:30',1),(44,'0036','Buku ekspedisi kecil',7,'2010-01-05 14:13:29',1,'2010-01-05 14:13:29',0),(45,'0037','Buku Kecil',7,'2010-01-05 14:14:07',1,'2010-07-07 16:42:08',1),(46,'0038','Binder clip no.155',13,'2010-01-05 14:14:46',1,'2010-01-09 12:51:26',1),(47,'0039','Penggaris plastik 30cm',7,'2010-01-05 14:15:30',1,'2010-01-05 14:15:30',0),(48,'0040','Penggaris besi 30cm',7,'2010-01-05 14:16:13',1,'2010-01-05 14:16:13',0),(49,'0041','Penggaris besi 60 Cm',7,'2010-01-05 14:16:41',1,'2010-07-07 21:22:26',1),(50,'0042','Bindex (box file) atas meja',7,'2010-01-05 14:17:18',1,'2010-01-09 12:53:58',1),(51,'0043','Buku Prospektur 2009',7,'2010-01-05 14:17:44',1,'2010-01-09 12:54:49',1),(52,'0044','Map plastik',7,'2010-01-05 14:18:06',1,'2010-01-09 12:56:47',1),(53,'0045','Map snailhekter warna coklat',7,'2010-01-05 14:18:29',1,'2010-01-09 12:58:33',1),(54,'0046','Mesin Penghancur Kertas Daichiban',7,'2010-01-05 14:19:25',1,'2010-01-09 13:02:23',1),(55,'0047','Tinta pixma',7,'2010-01-05 14:19:57',1,'2010-01-05 14:19:57',0),(56,'0048','Kertas Rol Untuk Mesin Hitung',7,'2010-01-05 14:20:33',1,'2010-01-09 13:27:07',1),(57,'0049','Tas kertas PNMK',7,'2010-01-05 14:21:06',1,'2010-01-05 14:21:06',0),(58,'0050','Amplop putih',7,'2010-01-05 14:21:36',1,'2010-01-09 13:33:11',1),(59,'0051','Amplop PNMK',7,'2010-01-05 14:22:05',1,'2010-01-09 09:38:53',1),(60,'0052','Buku Poliklinik PNMK',7,'2010-01-05 14:22:38',1,'2010-01-09 13:38:36',1),(61,'0053','Kertas Kop Surat PNMK',5,'2010-01-05 14:23:19',1,'2010-01-09 13:41:01',1),(62,'0054','Ordner',7,'2010-01-05 14:23:46',1,'2010-01-05 14:23:46',0),(63,'0055','Triplel deks(untuk arsip)',7,'2010-01-05 14:24:56',1,'2010-01-05 14:27:36',1),(64,'0056','Kertas HVS F4 80 gram',5,'2010-01-08 08:00:30',6,'2010-06-15 17:32:54',1),(65,'0057','Kertas HVS A4 80 gram',5,'2010-01-08 08:01:03',6,'2010-06-15 17:33:27',1),(66,'0063','Stopmap elvin-diamond',7,'2010-01-08 08:02:44',6,'2010-01-11 08:29:20',1),(67,'0058','Amplop coklat A3',7,'2010-01-08 08:03:57',6,'2010-07-07 20:26:38',1),(68,'0059','Kertas bergaris',19,'2010-01-08 08:04:32',6,'2010-01-08 12:44:06',1),(69,'0060','CD RW',18,'2010-01-08 08:05:34',6,'2010-01-08 12:49:12',1),(70,'0061','Spidol whiteboard',7,'2010-01-08 08:15:30',6,'2010-01-08 08:15:30',0),(83,'0073','Lampu TL 40 watt',7,'2010-01-12 10:53:34',1,'2010-01-12 10:53:34',0),(73,'0064','Kertas fax',14,'2010-01-08 08:18:51',6,'2010-01-08 08:18:51',0),(74,'0065','Double tipe',7,'2010-01-08 08:19:30',6,'2010-01-08 08:19:30',0),(75,'0066','Flashdisk 2 GB',7,'2010-01-08 08:27:59',6,'2010-01-08 08:27:59',0),(76,'0067','Batu bateray kecil',7,'2010-01-08 08:28:54',6,'2010-01-09 12:17:01',1),(77,'0068','Batu bateray kotak',7,'2010-01-08 08:29:40',6,'2010-01-09 12:17:26',1),(81,'0069','Art Paper 230gram 65x100',23,'2010-01-09 12:22:15',1,'2010-01-12 12:06:40',1),(79,'0070','Isi Steples Kecil',13,'2010-01-09 12:08:29',1,'2010-01-09 12:08:29',0),(80,'0071','Plastik untuk DIR',7,'2010-01-09 12:19:58',1,'2010-07-07 21:26:05',1),(82,'0072','Lem Kertas ',16,'2010-01-09 12:25:11',1,'2010-01-09 12:25:11',0),(84,'0074','Lampu Sorot 80 watt',7,'2010-01-12 10:54:00',1,'2010-01-12 10:54:00',0),(85,'0075','Kap Lampu Taman (Bundar)',7,'2010-01-12 10:54:26',1,'2010-01-12 10:54:26',0),(86,'0084','Toner HP LaserJet 1020 (12A)',7,'2010-01-12 14:56:22',1,'2010-01-12 14:56:22',0),(87,'0076','Gula Pasir',24,'2010-01-12 16:53:12',1,'2010-01-12 16:53:12',0),(88,'0077','Kopi Bubuk',25,'2010-01-12 16:53:53',1,'2010-01-12 16:53:53',0),(89,'0078','Teh Bubuk',15,'2010-01-12 16:54:35',1,'2010-01-12 16:56:13',1),(90,'0079','Teh Celup',13,'2010-01-12 16:56:43',1,'2010-01-12 16:56:43',0),(91,'0080','Sabun Cuci Piring',25,'2010-01-12 16:57:33',1,'2010-01-12 16:57:33',0),(92,'0081','Susu Kental Manis',27,'2010-01-12 16:58:32',1,'2010-01-12 16:58:32',0),(93,'0082','Aqua Air Mineral',16,'2010-01-12 16:59:11',1,'2010-01-12 16:59:11',0),(94,'0083','Beras',28,'2010-01-12 16:59:49',1,'2010-01-12 16:59:49',0),(95,'0085','Gas 12 Kg',7,'2010-01-12 17:01:18',1,'2010-01-12 17:01:18',0),(96,'0086','Jas Lab.Penerbitan',7,'2010-01-12 20:33:00',1,'2010-01-12 20:33:00',0),(97,'0087','Jas Lab.Desain Grafis',7,'2010-01-12 20:33:27',1,'2010-01-12 20:33:27',0),(98,'0088','Jas Lab.Teknik Grafika',7,'2010-01-12 20:33:47',1,'2010-01-12 20:33:47',0),(99,'0090','Jas UPT Cetak dan Desain',7,'2010-01-12 20:34:17',1,'2010-09-15 05:41:33',1),(100,'0089','Kaos Senat dan Struktural',7,'2010-01-12 20:34:38',1,'2010-01-12 20:34:38',0),(101,'0091','Toner HP LaserJet 6L',7,'2010-01-13 11:14:40',1,'2010-01-13 11:14:40',0),(102,'0092','Art Paper 150gram A3',19,'2010-01-13 17:09:12',1,'2010-01-13 17:09:12',0),(103,'0093','Stempel PoliMedia Standar',7,'2010-01-15 02:27:44',1,'2010-01-15 02:27:44',0),(104,'0094','Stempel PoliMedia Kecil',7,'2010-01-15 02:28:27',1,'2010-01-15 02:28:27',0),(105,'0095','Pensil 2B',7,'2010-01-17 17:14:18',1,'2010-01-17 17:14:18',0),(106,'0096','Kabel rol 15 M',29,'2010-01-20 12:52:35',1,'2010-01-20 12:52:35',0),(107,'0097','Tip Ex',7,'2010-01-20 12:58:27',1,'2010-01-20 12:58:27',0),(108,'0098','Kalkulator',7,'2010-01-20 13:00:28',1,'2010-01-20 13:00:28',0),(109,'0099','Kalender 2010 PoliMedia',7,'2010-01-20 14:33:02',1,'2010-01-20 14:33:02',0),(110,'0100','Stempel Pengesahan',7,'2010-01-21 08:42:18',1,'2010-01-21 08:42:18',0),(111,'0101','Stempel Setuju Dibayar',7,'2010-01-21 08:42:47',1,'2010-01-21 08:42:47',0),(112,'0102','Stempel Lunas',7,'2010-01-21 08:43:10',1,'2010-01-21 08:43:10',0),(113,'0103','Film Kodak',29,'2010-01-27 08:25:32',1,'2010-01-27 08:25:32',0),(114,'0104','Fixer Film',16,'2010-01-27 08:25:59',1,'2010-01-27 08:25:59',0),(115,'0105','Developer Film',16,'2010-01-27 08:26:24',1,'2010-01-27 08:26:24',0),(116,'0106','Plate Fuji',19,'2010-01-27 08:26:55',1,'2010-01-27 08:26:55',0),(260,'107','Pita Mesin Tik',7,'2010-06-14 20:58:57',1,'2010-06-14 20:58:57',0),(118,'0108','Gom 647',16,'2010-01-27 08:27:55',1,'2010-01-27 08:27:55',0),(119,'0109','Kertas HVS 70gram 65/100',23,'2010-01-27 08:29:19',1,'2010-01-27 08:29:19',0),(120,'0110','Kertas Koran 65/100',23,'2010-01-27 08:29:48',1,'2010-01-27 13:52:24',1),(121,'0111','Kertas HVS 80gram 79/109',23,'2010-01-27 08:37:22',1,'2010-01-27 13:51:58',1),(122,'112','Buku Kas Umum',7,'2010-03-02 11:51:25',1,'2010-03-02 11:51:25',0),(123,'113','Buku Bank',7,'2010-03-02 11:51:44',1,'2010-03-02 11:51:44',0),(124,'114','Buku Kas Tunai',7,'2010-03-02 11:52:06',1,'2010-03-02 11:52:06',0),(125,'115','Buku Penerimaan dan Penyetoran Pajak',7,'2010-03-02 11:52:28',1,'2010-03-02 11:52:28',0),(126,'116','Blanko Surat Setoran Pengembalian Belanja',7,'2010-03-02 11:52:56',1,'2010-03-02 11:52:56',0),(127,'117','Blanko Surat Setoran Bukan Pajak',7,'2010-03-02 11:53:27',1,'2010-03-02 11:53:27',0),(128,'118','Blanko Surat Setoran Pajak',7,'2010-03-02 11:53:54',1,'2010-03-02 11:53:54',0),(129,'119','Papan Flif chard',7,'2010-03-02 14:37:45',1,'2010-03-02 14:37:45',0),(130,'121','Toner Xerox DC 450 i',7,'2010-03-02 14:38:14',1,'2010-03-02 14:38:14',0),(131,'122','Materai 3000',7,'2010-05-26 19:01:51',1,'2010-05-26 19:01:51',0),(132,'123','Materai 6000',7,'2010-05-26 19:02:15',1,'2010-05-26 19:02:15',0),(133,'124','Kuitansi',15,'2010-05-26 19:02:59',1,'2010-05-26 19:02:59',0),(134,'125','Plate Poligraph 975x755x0,30cm',19,'2010-05-26 19:07:40',1,'2010-05-26 19:07:40',0),(135,'126','Kaos Oblong Putih',7,'2010-05-26 19:08:14',1,'2010-05-26 19:08:14',0),(136,'127','Kaos Oblong Hitam',7,'2010-05-26 19:08:43',1,'2010-05-26 19:08:43',0),(137,'128','NCR Top 65/100',23,'2010-05-26 19:16:19',1,'2010-05-26 19:16:19',0),(138,'129','NCR Botton 65/100',23,'2010-05-26 19:16:55',1,'2010-05-26 19:16:55',0),(139,'130','Art Paper 150 gram 79x109',23,'2010-05-26 19:17:26',1,'2010-05-26 19:17:26',0),(140,'131','Tinta TC 5400 Black',24,'2010-05-26 19:25:20',1,'2010-05-26 19:25:20',0),(141,'132','Screen 40x50 - 77 ',7,'2010-05-26 19:25:54',1,'2010-05-26 19:25:54',0),(142,'133','Ulano GEL',24,'2010-05-26 19:26:25',1,'2010-07-07 21:51:43',1),(143,'134','Estender T52',24,'2010-05-26 19:26:59',1,'2010-05-26 19:26:59',0),(144,'135','Pigmen Hitam 500 gram',24,'2010-05-26 19:27:38',1,'2010-05-26 19:27:38',0),(145,'136','Pigmen Merah 500 gram',24,'2010-05-26 19:28:05',1,'2010-05-26 19:28:05',0),(146,'137','Pigmen Kuning 500 gram',24,'2010-05-26 19:28:35',1,'2010-05-26 19:28:35',0),(147,'138','Art Carton 230 gram 65/100',23,'2010-05-26 19:38:45',1,'2010-05-26 19:38:45',0),(148,'139','Flashdisk 4 GB',7,'2010-05-26 19:44:17',1,'2010-05-26 19:44:17',0),(149,'140','Kertas HVS Warna',23,'2010-05-26 19:46:24',1,'2010-06-09 17:54:17',1),(150,'141','Map Folder Plastik Kancing',7,'2010-05-26 19:47:45',1,'2010-05-26 19:47:45',0),(151,'142','Penghapus Whiteboard Kenko',7,'2010-05-26 19:49:30',1,'2010-06-05 13:02:02',1),(152,'143','Kodak CTP Electra XD 615x724x0.3',22,'2010-05-26 19:53:08',1,'2010-05-26 19:53:08',0),(153,'144','Kodak 850S Gum Plate Finisher',28,'2010-05-26 19:55:51',1,'2010-05-26 19:55:51',0),(154,'145','Kodak Goldstar Premium Dev RTU',28,'2010-05-26 19:56:38',1,'2010-05-26 19:56:38',0),(155,'146','RE BO LEM Water Glue 50 gram',7,'2010-05-26 20:15:33',1,'2010-05-26 20:15:33',0),(156,'147','Max Stepler HD-10',7,'2010-05-26 20:16:03',1,'2010-05-26 20:16:03',0),(157,'148','Max Stepler HD-50',7,'2010-05-26 20:16:38',1,'2010-05-26 20:16:38',0),(158,'149','Data Scan D305 (24/41/51) Def',7,'2010-05-26 20:18:17',1,'2010-05-26 20:18:17',0),(159,'150','Map Plastik Snelhecter Daiyu',7,'2010-05-26 20:22:18',1,'2010-05-26 20:22:18',0),(160,'151','Gunting Kenko',7,'2010-05-26 20:29:58',1,'2010-05-26 20:29:58',0),(161,'152','Buku HC Quarto 100 Volta',7,'2010-05-26 20:30:40',1,'2010-05-26 20:30:40',0),(162,'153','Buku HC Folio 100 Volta',7,'2010-05-26 20:31:03',1,'2010-05-26 20:31:03',0),(163,'154','Steples MAX No.10 ',7,'2010-05-26 20:31:50',1,'2010-05-26 20:31:50',0),(164,'155','Odner Folio Prizet 401',7,'2010-05-26 20:32:24',1,'2010-05-26 20:32:24',0),(165,'156','Inter-X Clear Sleeves Map',7,'2010-05-26 20:32:56',1,'2010-05-26 20:32:56',0),(166,'157','Lap Majong Putih',24,'2010-05-26 20:33:22',1,'2010-05-26 20:33:22',0),(167,'164','Cutter Besar L-500 ',7,'2010-05-26 20:46:18',1,'2010-05-26 20:46:18',0),(168,'158','Kertas BC Kuning 86/61',23,'2010-05-26 20:48:54',1,'2010-07-07 18:59:36',1),(169,'159','Kertas BC Merah 86/61',23,'2010-05-26 20:49:24',1,'2010-07-07 19:00:05',1),(170,'160','Tinta Best One Proses Yellow',24,'2010-05-26 20:50:04',1,'2010-05-26 20:50:04',0),(171,'161','Tinta Best One Proses Magenta',24,'2010-05-26 20:50:42',1,'2010-05-26 20:50:42',0),(172,'162','Tinta Best One Proses Cyan',24,'2010-05-26 20:51:09',1,'2010-05-26 20:51:09',0),(173,'163','Tinta Best One Proses Black',24,'2010-05-26 20:51:33',1,'2010-05-26 20:51:33',0),(174,'165','Paper Clip Besar N0.5',20,'2010-05-26 21:01:41',1,'2010-07-20 18:35:22',1),(175,'166','Steples Kecil Max HD',7,'2010-05-26 21:02:13',1,'2010-05-26 21:02:13',0),(176,'167','Pinset Besar',7,'2010-05-26 21:02:42',1,'2010-05-26 21:02:42',0),(177,'168','Kodak Goldstar Premium Plate Replenisher',28,'2010-05-26 21:15:15',1,'2010-06-10 09:26:22',1),(178,'169','Art Paper 150 gram 65/100',23,'2010-05-26 21:16:04',1,'2010-05-26 21:16:04',0),(179,'170','Art Carton 230 gram 79/109',23,'2010-05-26 21:16:43',1,'2010-05-26 21:16:43',0),(180,'171','Stapler Max HD-10',7,'2010-05-26 21:17:42',1,'2010-05-26 21:17:42',0),(181,'172','Art Carton 260 gram 65/100',23,'2010-05-26 21:18:22',1,'2010-05-26 21:18:22',0),(182,'173','Printer HP Laser Jet tipe 1005',7,'2010-06-02 19:52:40',1,'2010-06-02 19:52:40',0),(183,'174','Stempel Numerator',7,'2010-06-02 19:53:24',1,'2010-06-02 19:53:24',0),(184,'175','Tinta',7,'2010-06-02 19:53:50',1,'2010-06-02 19:53:50',0),(185,'176','Lem Indrakol',24,'2010-06-02 19:54:23',1,'2010-06-02 19:54:23',0),(186,'177','Art Carton 210 Gram 65/100',23,'2010-06-02 19:55:31',1,'2010-06-02 19:55:31',0),(187,'178','Art Carton 230  65/100',23,'2010-06-02 19:56:31',1,'2010-06-02 19:56:31',0),(188,'179','TC 5400 Black',24,'2010-06-02 20:09:40',1,'2010-06-02 20:09:40',0),(189,'180','Sponge',7,'2010-06-02 20:10:00',1,'2010-06-02 20:10:00',0),(190,'181','Power Plate Cleaner',28,'2010-06-02 20:10:43',1,'2010-06-02 20:10:43',0),(191,'182','Blaket GTO 52, 520x450x1.95',19,'2010-06-02 20:11:39',1,'2010-06-02 20:11:39',0),(192,'183','Bucherin Blue',28,'2010-06-02 20:12:14',1,'2010-06-10 09:09:46',1),(193,'184','Varn Alcopri',16,'2010-06-02 20:12:44',1,'2010-06-02 20:12:44',0),(194,'185','Developer Positif Fuji',16,'2010-06-02 20:13:22',1,'2010-06-02 20:13:22',0),(195,'186','Spidol warna',7,'2010-06-02 20:13:49',1,'2010-06-02 20:13:49',0),(196,'187','Ballpoint Faster ',7,'2010-06-02 20:14:35',1,'2010-06-15 18:27:48',1),(197,'188','Kertas HVS 80 gram 65/100 ',23,'2010-06-02 20:17:30',1,'2010-06-02 20:17:30',0),(198,'189','Kertas Matt Paper 85 gram 65/100',23,'2010-06-02 20:18:15',1,'2010-06-02 20:18:15',0),(199,'190','Art Paper 85 gram  65/100',23,'2010-06-02 20:18:49',1,'2010-06-02 20:18:49',0),(200,'191','Kertas BC Putih  86/61',23,'2010-06-02 20:19:16',1,'2010-07-07 19:00:31',1),(201,'192','Lampu Esensial 18 W',7,'2010-06-03 15:59:02',1,'2010-06-03 15:59:02',0),(202,'193','Lampu Esensial 13 W',7,'2010-06-03 15:59:34',1,'2010-06-03 15:59:34',0),(203,'194','Lampu TL 10 W',7,'2010-06-03 16:00:06',1,'2010-06-03 16:00:06',0),(204,'195','Lampu TL 20 W  warna',7,'2010-06-03 16:00:34',1,'2010-06-03 16:00:34',0),(205,'196','Lampu TL 40 W',7,'2010-06-03 16:00:54',1,'2010-06-03 16:00:54',0),(206,'197','Lampu Etalase',7,'2010-06-03 16:01:22',1,'2010-06-03 16:01:22',0),(207,'198','Lampu Sorot Taman 80 W',7,'2010-06-03 16:01:49',1,'2010-06-03 16:01:49',0),(208,'199','Kabel Listrik Taman N442x25',29,'2010-06-03 16:02:29',1,'2010-06-03 16:02:29',0),(209,'200','Isolasi listrik',7,'2010-06-03 16:02:58',1,'2010-06-03 16:02:58',0),(210,'203','Toner HP 35A Laser Jet',7,'2010-06-03 17:07:02',1,'2010-06-03 17:07:02',0),(211,'204','Kertas Cashing 90/120',19,'2010-06-03 17:13:46',1,'2010-06-03 17:14:28',1),(212,'205','Modem internet USB',7,'2010-06-03 17:16:12',1,'2010-06-03 17:16:12',0),(213,'206','Block note',7,'2010-06-03 17:25:56',1,'2010-06-03 17:25:56',0),(214,'207','Buffer PH4 (9435)',28,'2010-06-03 18:41:09',1,'2010-06-03 18:41:09',0),(215,'208','Buffer PH7 (9439)',28,'2010-06-03 18:41:46',1,'2010-06-03 18:41:46',0),(216,'209','Silicagel blue',24,'2010-06-03 18:42:24',1,'2010-06-03 18:42:24',0),(217,'210','Botol Pipet 60cc',7,'2010-06-03 18:42:50',1,'2010-06-03 18:42:50',0),(218,'211','CD-R Verbatim Cassing 700 MB 52X',7,'2010-06-03 18:43:42',1,'2010-06-03 18:43:42',0),(219,'212','DVD-R Verbatim+Cassing',7,'2010-06-03 18:44:11',1,'2010-06-03 18:44:11',0),(220,'213','CD-RW Verbatim 12X',7,'2010-06-03 18:44:40',1,'2010-06-03 18:44:40',0),(221,'214','Catridge HP 51645 A (45) ',7,'2010-06-03 18:45:28',1,'2010-06-03 18:45:28',0),(222,'216','Kertas HVS 100gram  65x100',23,'2010-06-03 18:46:31',1,'2010-06-03 18:46:31',0),(223,'217','Thiner Impala',28,'2010-06-03 18:47:43',1,'2010-06-03 18:47:43',0),(224,'218','Lem Aibon No.601',33,'2010-06-03 18:49:21',1,'2010-06-03 18:49:21',0),(225,'219','Tinta TC 0905 Orange (TC 095)',24,'2010-06-03 18:50:14',1,'2010-06-03 18:50:14',0),(226,'220','Tinta TC 3005 Reflex Blue',24,'2010-06-03 18:50:50',1,'2010-06-03 18:50:50',0),(227,'221','Fountain Brunner',16,'2010-06-03 18:51:54',1,'2010-06-03 18:51:54',0),(228,'222','IPA J20',28,'2010-06-03 18:52:23',1,'2010-06-03 18:52:23',0),(229,'223','Plate 724X615X0.5 (50) SORM',19,'2010-06-03 18:53:28',1,'2010-06-03 18:53:28',0),(230,'224','Plate Cleaner',28,'2010-06-03 18:53:55',1,'2010-06-03 18:53:55',0),(231,'225','Sporagum 2M (A)',33,'2010-06-03 18:54:36',1,'2010-06-03 18:54:36',0),(232,'226','YM Yogu 821 GM/Lem Hotmel',24,'2010-06-03 18:55:06',1,'2010-06-30 13:21:59',1),(233,'215','RWA Super',28,'2010-06-03 18:55:56',1,'2010-06-03 18:55:56',0),(234,'227','Tas Plastik',22,'2010-06-03 18:56:21',1,'2010-06-03 18:56:21',0),(235,'228','Kertas Matt Paper 150 gr  65X100',19,'2010-06-03 18:58:55',1,'2010-06-03 18:58:55',0),(236,'201','Phloroglucin (7069)',31,'2010-06-03 19:03:23',1,'2010-06-03 19:03:23',0),(237,'202','Kunci L',32,'2010-06-03 19:07:19',1,'2010-06-03 19:07:19',0),(238,'229','Lem Fox 150 gram',7,'2010-06-04 15:26:03',1,'2010-06-04 15:26:03',0),(240,'231','Isi Cutter',7,'2010-06-04 15:26:51',1,'2010-06-04 15:26:51',0),(242,'230','Lap Canebo',7,'2010-06-10 09:31:35',1,'2010-06-10 09:31:35',0),(243,'232','Penghapus Kenko Pensil',7,'2010-06-10 10:49:56',1,'2010-06-10 10:49:56',0),(244,'233','Lem Re-Bo Water Glue 50gram',7,'2010-06-10 10:50:43',1,'2010-06-10 10:50:43',0),(245,'234','Art Paper 120 gram 65x100',23,'2010-06-10 12:00:01',1,'2010-06-10 12:00:01',0),(246,'235','Tinta Hitam TC 540',24,'2010-06-10 12:01:13',1,'2010-06-10 12:01:13',0),(247,'236','Al-Cafre (Rolus Master Fount)',28,'2010-06-10 12:02:19',1,'2010-07-19 15:44:53',1),(248,'237','Korektor Plate Positif',28,'2010-06-10 12:02:46',1,'2010-06-10 12:02:46',0),(249,'238','Astralon',7,'2010-06-10 12:03:18',1,'2010-06-10 12:03:18',0),(250,'239','Art Paper 210 gram 65x100',23,'2010-06-10 12:04:00',1,'2010-06-10 12:04:00',0),(251,'240','Art Carton 150 gram ',23,'2010-06-10 12:08:40',1,'2010-06-10 12:08:40',0),(252,'241','Gom Fuji GV7',28,'2010-06-10 14:21:44',1,'2010-06-10 14:21:44',0),(253,'242','Developer Plate Positif',28,'2010-06-10 14:22:17',1,'2010-06-10 14:22:17',0),(256,'243','Pembolong Kertas',7,'2010-06-10 14:59:19',1,'2010-06-10 14:59:19',0),(257,'244','Tinta Ungu',24,'2010-06-10 15:12:27',1,'2010-06-10 15:12:27',0),(258,'245','Positif Pelat',7,'2010-06-10 15:34:39',1,'2010-06-10 15:34:39',0),(259,'246','amplop Gaji',7,'2010-06-14 18:38:54',1,'2010-06-14 18:38:54',0),(261,'247','Prospektus ',7,'2010-06-14 21:33:17',1,'2010-06-14 21:33:17',0),(262,'248','Film Fuji ukuran 30',29,'2010-06-14 23:18:32',1,'2010-06-14 23:18:32',0),(263,'249','Map PoliMedia',7,'2010-06-15 14:05:02',1,'2010-06-15 14:05:02',0),(264,'250','Tempat File',7,'2010-06-15 14:15:10',1,'2010-06-15 14:15:10',0),(265,'251','Binder clip no.107',13,'2010-06-15 17:16:52',1,'2010-06-15 17:16:52',0),(266,'252','Stiker chromo A3',5,'2010-06-15 17:27:30',1,'2010-06-15 17:27:30',0),(267,'253','Kertas HVS A4  70 gram',5,'2010-06-15 18:02:21',1,'2010-06-15 18:02:21',0),(268,'254','Kertas HVS F4  70 gram',5,'2010-06-15 18:02:43',1,'2010-06-15 18:02:43',0),(269,'255','Spry Mont 3M',7,'2010-06-15 18:06:30',1,'2010-06-15 18:06:30',0),(270,'256','Lakban Coklat',7,'2010-06-15 18:14:50',1,'2010-06-15 18:14:50',0),(271,'257','Dobel Tip',7,'2010-06-15 18:15:15',1,'2010-06-15 18:15:15',0),(348,'332','Kertas Carton BW 250gram 79/109',23,'2010-07-09 13:01:04',1,'2010-07-09 13:01:04',0),(275,'258','Toner DucoPrint Xerox Magenta',7,'2010-06-29 18:43:20',1,'2010-06-29 18:43:20',0),(276,'259','Toner DucoPrint Xerox Cyan',7,'2010-06-29 18:43:37',1,'2010-06-29 18:43:37',0),(277,'260','Toner DucoPrint Xerox Yelow',7,'2010-06-29 18:43:55',1,'2010-06-29 18:43:55',0),(278,'261','Pilox clear',7,'2010-06-29 18:48:14',1,'2010-06-29 18:48:14',0),(279,'262','Senar Tali',29,'2010-06-29 18:48:50',1,'2010-06-29 18:48:50',0),(280,'263','Paku Payung',13,'2010-06-29 18:49:24',1,'2010-06-29 18:49:24',0),(281,'264','Laser Pointer',7,'2010-06-29 18:50:00',1,'2010-06-29 18:50:00',0),(282,'265','Film ASA100 isi 36',7,'2010-06-29 18:53:15',1,'2010-06-29 18:53:15',0),(283,'266','Film ASA200 isi 36',7,'2010-06-29 18:53:40',1,'2010-06-29 18:53:40',0),(284,'267','Buku Tamu',7,'2010-06-29 18:54:00',1,'2010-06-29 18:54:00',0),(285,'268','Binding Linen (120x1600)',29,'2010-06-29 18:56:17',1,'2010-06-29 18:56:17',0),(286,'269','Cutting Stick',7,'2010-06-30 19:23:32',1,'2010-06-30 19:23:32',0),(287,'271','Brosur Jurusan Penerbitan',19,'2010-06-30 19:28:24',1,'2010-06-30 19:28:24',0),(288,'272','Brosur Jurusan Desain Grafis',19,'2010-06-30 19:28:50',1,'2010-06-30 19:28:50',0),(289,'273','Brosur Jurusan Periklanan',19,'2010-06-30 19:29:15',1,'2010-06-30 19:29:15',0),(290,'274','Brosur Jurusan Teknik Grafika',19,'2010-06-30 19:29:40',1,'2010-06-30 19:29:40',0),(291,'275','Brosur Jurusan Fotografi',19,'2010-06-30 19:30:08',1,'2010-06-30 19:30:08',0),(292,'276','Brosur Jurusan Teknik Kemasan',19,'2010-06-30 19:30:32',1,'2010-06-30 19:30:32',0),(293,'277','Lem Dingin',24,'2010-06-30 19:30:56',1,'2010-06-30 19:30:56',0),(294,'278','Brosur PoliMedia',19,'2010-06-30 19:35:31',1,'2010-06-30 19:35:31',0),(295,'279','Printer HP Laser Jet P1005',7,'2010-06-30 19:44:30',1,'2010-06-30 19:44:30',0),(296,'280','ABC Blangket/Roller Cleaner',33,'2010-06-30 19:53:41',1,'2010-06-30 19:53:41',0),(297,'281','Cilicagel butir',24,'2010-06-30 20:01:15',1,'2010-06-30 20:01:15',0),(298,'282','Botol Pipet',7,'2010-06-30 20:01:49',1,'2010-07-06 12:25:53',1),(299,'283','Lampu TLD 36 watt',7,'2010-06-30 20:09:52',1,'2010-06-30 20:09:52',0),(300,'284','Alkohol',28,'2010-06-30 20:11:05',1,'2010-06-30 20:11:05',0),(301,'285','Kawat Jahit',29,'2010-06-30 20:16:26',1,'2010-06-30 20:16:26',0),(302,'286','Bor No.3',32,'2010-06-30 20:17:03',1,'2010-06-30 20:17:03',0),(303,'287','Kertas Linen Hitam 120/160',29,'2010-06-30 20:18:50',1,'2010-07-07 21:16:50',1),(304,'288','Kertas Storenzo',23,'2010-06-30 20:33:12',1,'2010-06-30 20:33:12',0),(305,'289','Karet Penghisap Kertas Mesin Cetak',7,'2010-06-30 20:33:52',1,'2010-06-30 20:33:52',0),(306,'290','Kertas Matt Paper 120 gram 65x100',23,'2010-06-30 21:02:51',1,'2010-06-30 21:02:51',0),(307,'291','Hardisk Ekternal 320GB',7,'2010-06-30 21:03:22',1,'2010-06-30 21:03:22',0),(308,'292','Amplop coklat Folio',19,'2010-07-07 20:28:27',1,'2010-07-07 20:28:27',0),(309,'293','Amplop Poliklinik',19,'2010-07-07 20:30:04',1,'2010-07-07 20:30:04',0),(310,'294','Ballpoint Laser Pointer',7,'2010-07-07 20:31:31',1,'2010-07-07 20:31:31',0),(311,'295','Bon Permintaan Poliklinik',7,'2010-07-07 20:32:12',1,'2010-07-07 20:32:12',0),(312,'296','Aquarius AC',28,'2010-07-07 20:32:33',1,'2010-07-07 20:32:33',0),(313,'297','Art Carton 120 gram 65/100',23,'2010-07-07 20:35:45',1,'2010-07-07 20:35:45',0),(314,'298','Brunne Mountain Solotion',28,'2010-07-07 20:39:37',1,'2010-07-07 20:39:37',0),(315,'299','Black NO',34,'2010-07-07 20:41:46',1,'2010-07-07 20:41:46',0),(316,'300','Blangket ABC',33,'2010-07-07 20:42:29',1,'2010-07-07 20:42:29',0),(317,'301','Blue TGN',28,'2010-07-07 20:42:50',1,'2010-07-07 20:42:50',0),(318,'302','Clear Holder (File Folder)',7,'2010-07-07 20:48:40',1,'2010-07-07 20:48:40',0),(319,'303','Tinta Isi Ulang Printer Canon',32,'2010-07-07 20:50:29',1,'2010-07-07 20:50:29',0),(320,'304','Fountain Solution (Brunen)',28,'2010-07-07 20:51:03',1,'2010-07-19 16:05:13',1),(321,'305','Isi Cutter Kecil',15,'2010-07-07 20:53:39',1,'2010-07-07 20:53:39',0),(322,'306','Isi Cutter Besar',15,'2010-07-07 20:54:01',1,'2010-07-07 20:54:01',0),(323,'307','Kertas Glossy 120 gram 65/100',23,'2010-07-07 20:55:40',1,'2010-07-07 20:55:40',0),(324,'308','Kertas Glossy 150 gram 65/100',23,'2010-07-07 20:56:08',1,'2010-07-07 20:56:08',0),(325,'309','Kertas Glossy 150 gram 79/109',23,'2010-07-07 20:56:43',1,'2010-07-07 20:56:43',0),(326,'310','Kartu Poliklinik',19,'2010-07-07 21:02:34',1,'2010-07-07 21:02:34',0),(327,'311','Kertas Carton 260 gram 65/100',23,'2010-07-07 21:04:08',1,'2010-07-07 21:04:08',0),(328,'312','Meiji Blangket',7,'2010-07-07 21:04:31',1,'2010-07-07 21:04:31',0),(329,'313','Kertas Linen Merah 120/160',29,'2010-07-07 21:12:07',1,'2010-07-07 21:12:07',0),(330,'314','Kertas Linen Biru 120/160',29,'2010-07-07 21:12:46',1,'2010-07-07 21:12:46',0),(331,'315','Kertas HVS 100gram 65/100',23,'2010-07-07 21:13:26',1,'2010-07-07 21:13:26',0),(332,'316','Lem Fox 800 gram ',7,'2010-07-07 21:18:23',1,'2010-07-07 21:18:23',0),(333,'317','Nota Kosong',7,'2010-07-07 21:18:43',1,'2010-07-07 21:18:43',0),(334,'318','Penggaris Plastik 100 Cm',7,'2010-07-07 21:19:05',1,'2010-07-07 21:19:05',0),(335,'319','Penggaris Plastik 60 Cm',7,'2010-07-07 21:19:34',1,'2010-07-07 21:19:34',0),(336,'320','Plate Cleaner (Brunnen)',34,'2010-07-07 21:27:04',1,'2010-07-07 21:27:04',0),(337,'321','Plate 510x400Cm',19,'2010-07-07 21:27:44',1,'2010-07-07 21:27:44',0),(338,'322','Bingkai Foto A4',7,'2010-07-07 21:28:05',1,'2010-07-07 21:28:05',0),(339,'323','Red TGA',28,'2010-07-07 21:28:27',1,'2010-07-07 21:28:27',0),(340,'324','Plastik transparan',29,'2010-07-07 21:28:48',1,'2010-07-07 21:28:48',0),(341,'325','Tinta Proses Diamon Cyan',24,'2010-07-07 21:36:33',1,'2010-07-07 21:36:33',0),(342,'326','Tinta Proses Diamon Magenta',24,'2010-07-07 21:36:57',1,'2010-07-07 21:36:57',0),(343,'327','Tinta Proses Diamon Yellow',24,'2010-07-07 21:37:28',1,'2010-07-07 21:37:28',0),(344,'328','Tinta Newgrap Cyan',24,'2010-07-07 21:41:33',1,'2010-07-07 21:41:33',0),(345,'329','Tinta Newgrap Magenta',24,'2010-07-07 21:41:59',1,'2010-07-07 21:41:59',0),(346,'330','Tinta Newgrap Yellow',24,'2010-07-07 21:42:28',1,'2010-07-07 21:42:28',0),(347,'331','Tinta TC 1105 Brozen Red',24,'2010-07-07 21:43:04',1,'2010-07-07 21:43:04',0),(349,'333','Amplop coklat A4',7,'2010-07-20 08:53:08',1,'2010-07-20 08:53:08',0),(350,'334','Toner Printer Canon ip 1880 blak',7,'2010-07-21 15:33:45',1,'2010-07-21 15:33:45',0),(351,'335','Toner Printer Canon ip 1880 color',7,'2010-07-21 15:34:36',1,'2010-07-21 15:34:36',0),(352,'336','Pita Mesin Hitung Elektrik',7,'2010-07-21 15:35:09',1,'2010-07-21 15:35:09',0),(353,'337','Flasdisk 1 GB',7,'2010-07-21 16:11:40',30,'2010-07-21 16:11:40',0),(354,'338','Name Tag',7,'2010-07-26 11:17:30',30,'2010-07-26 11:17:30',0),(355,'339','Kertas HVS A4 (warna)',5,'2010-07-26 11:27:47',30,'2010-07-26 11:27:47',0),(356,'340','Kertas HVS F4 (warna)',5,'2010-07-29 13:26:11',30,'2010-07-29 13:26:11',0),(357,'341','Map Business File',7,'2010-08-25 12:18:23',30,'2010-08-25 12:18:23',0),(358,'342','Solatip Bening 5cm',7,'2010-08-25 12:27:10',30,'2010-08-25 12:27:10',0),(359,'343','Buku SSP (Pajak)',7,'2010-09-02 13:25:29',30,'2010-09-02 13:25:29',0),(360,'344','Jaket Almamater',7,'2010-09-03 10:52:16',30,'2010-09-15 05:43:34',1),(361,'345','Kertas Ferdygony (46,4X32) 250 gram',19,'2010-09-07 12:01:02',30,'2010-09-07 12:01:02',0),(362,'346','Kuwas cat',7,'2010-09-07 12:02:24',30,'2010-09-07 12:02:24',0),(363,'347','Kertas kalkir (65X100)',23,'2010-09-07 12:04:15',30,'2010-09-07 12:04:15',0);
/*!40000 ALTER TABLE `items` ENABLE KEYS */;
UNLOCK TABLES;

--
-- Table structure for table `letter_ins`
--

DROP TABLE IF EXISTS `letter_ins`;
SET @saved_cs_client     = @@character_set_client;
SET character_set_client = utf8;
CREATE TABLE `letter_ins` (
  `id` bigint(20) unsigned NOT NULL auto_increment,
  `letter_from` varchar(100) NOT NULL,
  `letter_no` varchar(100) NOT NULL,
  `letter_date` date NOT NULL,
  `letter_from_address` varchar(150) NOT NULL,
  `letter_term` varchar(100) NOT NULL,
  `letter_to` varchar(100) NOT NULL,
  `unit_code_id` smallint(6) NOT NULL,
  `remark` varchar(150) NOT NULL,
  `created` datetime NOT NULL,
  `created_by` int(10) NOT NULL,
  `modified` datetime NOT NULL,
  `modified_by` int(10) NOT NULL,
  PRIMARY KEY  (`id`),
  KEY `unit_code_id` (`unit_code_id`),
  KEY `letter_date` (`letter_date`),
  KEY `created` (`created`),
  KEY `created_by` (`created_by`)
) ENGINE=MyISAM AUTO_INCREMENT=4 DEFAULT CHARSET=latin1;
SET character_set_client = @saved_cs_client;

--
-- Dumping data for table `letter_ins`
--

LOCK TABLES `letter_ins` WRITE;
/*!40000 ALTER TABLE `letter_ins` DISABLE KEYS */;
INSERT INTO `letter_ins` VALUES (1,'Akeda Bagus','WE/23g/erwer.1235/','2009-12-17','JL Kepodang C 7','Komputer','Rektor',1,'','2009-12-17 01:03:04',1,'2009-12-17 01:11:04',1),(2,'John Petrucci','/WEW/234/234/KS4','2009-12-17','JL Kepodang C 7','Komputer','Rektor',2,'','2009-12-17 01:11:37',1,'2009-12-17 01:11:37',0),(3,'Gunadarma Universiy','0001002/UG.2/III/2009','2009-12-21','JL Kepodang C 7','Komputer','Rektor',1,'','2009-12-21 01:05:23',5,'2009-12-21 01:05:23',0);
/*!40000 ALTER TABLE `letter_ins` ENABLE KEYS */;
UNLOCK TABLES;

--
-- Table structure for table `letter_numbers`
--

DROP TABLE IF EXISTS `letter_numbers`;
SET @saved_cs_client     = @@character_set_client;
SET character_set_client = utf8;
CREATE TABLE `letter_numbers` (
  `id` bigint(20) unsigned NOT NULL auto_increment,
  `no_start` int(10) NOT NULL,
  `no_end` int(10) NOT NULL,
  `valid_start` date default NULL,
  `valid_end` date default NULL,
  `active` tinyint(1) default '1',
  `created` datetime NOT NULL,
  `created_by` int(10) NOT NULL,
  PRIMARY KEY  (`id`),
  KEY `active` (`active`),
  KEY `created` (`created`),
  KEY `created_by` (`created_by`)
) ENGINE=MyISAM AUTO_INCREMENT=7 DEFAULT CHARSET=latin1;
SET character_set_client = @saved_cs_client;

--
-- Dumping data for table `letter_numbers`
--

LOCK TABLES `letter_numbers` WRITE;
/*!40000 ALTER TABLE `letter_numbers` DISABLE KEYS */;
INSERT INTO `letter_numbers` VALUES (1,1,999,'2009-12-12','2010-12-12',0,'2009-12-12 16:59:08',1),(2,1000,9999,'2009-12-12','2010-12-31',0,'2009-12-12 19:57:11',1),(3,10000,99999,'2009-12-12','2009-12-12',0,'2009-12-12 21:06:47',1),(4,1,10,'2009-12-16','2009-12-16',0,'2009-12-16 23:10:39',1),(5,11,14,'2009-12-17','2009-12-17',0,'2009-12-17 03:18:20',1),(6,15,20,'2009-12-17','2009-12-17',1,'2009-12-17 15:37:32',1);
/*!40000 ALTER TABLE `letter_numbers` ENABLE KEYS */;
UNLOCK TABLES;

--
-- Table structure for table `letter_outs`
--

DROP TABLE IF EXISTS `letter_outs`;
SET @saved_cs_client     = @@character_set_client;
SET character_set_client = utf8;
CREATE TABLE `letter_outs` (
  `id` bigint(20) NOT NULL auto_increment,
  `letter_no` varchar(100) NOT NULL,
  `letter_number_id` bigint(20) NOT NULL,
  `counter` int(10) NOT NULL,
  `unit_code_id` smallint(6) NOT NULL,
  `term_code_id` smallint(6) NOT NULL,
  `letter_date` date NOT NULL,
  `letter_to` varchar(100) NOT NULL,
  `remark` varchar(100) NOT NULL,
  `created` datetime NOT NULL,
  `created_by` int(10) NOT NULL,
  `modified` datetime NOT NULL,
  `modified_by` int(10) NOT NULL,
  PRIMARY KEY  (`id`),
  UNIQUE KEY `letter_number_id` (`letter_number_id`,`counter`),
  KEY `unit_code_id` (`unit_code_id`),
  KEY `term_code_id` (`term_code_id`),
  KEY `letter_date` (`letter_date`),
  KEY `created_by` (`created_by`)
) ENGINE=MyISAM AUTO_INCREMENT=21 DEFAULT CHARSET=latin1;
SET character_set_client = @saved_cs_client;

--
-- Dumping data for table `letter_outs`
--

LOCK TABLES `letter_outs` WRITE;
/*!40000 ALTER TABLE `letter_outs` DISABLE KEYS */;
INSERT INTO `letter_outs` VALUES (4,'02/K27.6/HM/XII/2009',4,2,7,1,'2009-12-17','Akeda Bagus','yeah dude','2009-12-17 03:08:23',1,'2009-12-17 03:08:23',0),(3,'01/K27/KN/XII/2009',4,1,1,19,'2009-12-17','Akeda Bagus','auah gelap','2009-12-17 03:03:08',1,'2009-12-17 03:03:08',0),(5,'03/K27.1/HK/XII/2009',4,3,2,9,'2009-12-17','Akeda Bagus','Keputusan Drop Out','2009-12-17 03:10:04',1,'2009-12-17 03:10:04',0),(6,'04/K27.5/KG/XII/2009',4,4,6,28,'2009-12-17','Akeda Bagus','','2009-12-17 03:11:15',1,'2009-12-17 03:11:15',0),(7,'05/K27.9/HK/XII/2009',4,5,9,9,'2009-12-17','Akeda Bagus','','2009-12-17 03:11:25',1,'2009-12-17 03:11:25',0),(8,'06/K27/HM/XII/2009',4,6,1,1,'2009-12-17','Akeda Bagus','','2009-12-17 03:11:33',1,'2009-12-17 03:11:33',0),(9,'07/K27/HK/XII/2009',4,7,1,9,'2009-12-17','Akeda Bagus','','2009-12-17 03:11:44',1,'2009-12-17 03:11:44',0),(10,'08/K27.16/KM/XII/2009',4,8,16,21,'2009-12-17','Akeda Bagus','','2009-12-17 03:11:57',1,'2009-12-17 03:11:57',0),(11,'09/K27.13/MS/XII/2009',4,9,13,22,'2009-12-17','Akeda Bagus','','2009-12-17 03:13:05',1,'2009-12-17 03:13:05',0),(12,'10/K27.4/LN/XII/2009',4,10,5,2,'2009-12-17','Akeda Bagus','','2009-12-17 03:13:16',1,'2009-12-17 03:13:16',0),(13,'11/K27.5/HM/XII/2009',5,11,6,1,'2009-12-17','Akeda Bagus','auah gelap','2009-12-17 03:18:38',1,'2009-12-17 03:18:38',0),(14,'12/K27.5/KG/XII/2009',5,12,6,28,'2009-12-17','Akeda Bagus','','2009-12-17 15:32:09',1,'2009-12-17 15:32:09',0),(15,'13/K27.5/PT/XII/2009',5,13,6,25,'2009-12-17','Akeda Bagus','yeah dude','2009-12-17 15:32:25',1,'2009-12-17 15:32:25',0),(16,'14/K27/KL/XII/2009',5,14,1,15,'2009-12-17','Akeda Bagus','auah gelap','2009-12-17 15:32:38',1,'2009-12-17 15:32:38',0),(17,'15/K27.6/HM/XII/2009',6,15,7,1,'2009-12-17','Mr Akeda','','2009-12-17 15:37:47',1,'2009-12-17 15:37:47',0),(18,'16/K27.5/HK/XII/2009',6,16,6,9,'2009-12-17','Mr Akeda','','2009-12-17 15:38:00',1,'2009-12-17 15:38:00',0),(19,'17/K27.5/KM/XII/2009',6,17,6,21,'2009-12-17','Mr Akeda','','2009-12-17 15:38:10',1,'2009-12-17 15:38:10',0),(20,'18/K27/HK/XII/2009',6,18,1,9,'2009-12-20','Mr Akeda','auah gelap','2009-12-20 21:34:31',5,'2009-12-20 21:34:31',0);
/*!40000 ALTER TABLE `letter_outs` ENABLE KEYS */;
UNLOCK TABLES;

--
-- Table structure for table `menu_types`
--

DROP TABLE IF EXISTS `menu_types`;
SET @saved_cs_client     = @@character_set_client;
SET character_set_client = utf8;
CREATE TABLE `menu_types` (
  `id` tinyint(3) NOT NULL auto_increment,
  `name` varchar(20) NOT NULL,
  `call_name` varchar(10) NOT NULL,
  `created` datetime NOT NULL,
  `created_by` bigint(20) NOT NULL,
  `modified` datetime NOT NULL,
  `modified_by` bigint(20) NOT NULL,
  PRIMARY KEY  (`id`),
  UNIQUE KEY `call_name` (`call_name`),
  KEY `name` (`name`)
) ENGINE=MyISAM AUTO_INCREMENT=8 DEFAULT CHARSET=latin1;
SET character_set_client = @saved_cs_client;

--
-- Dumping data for table `menu_types`
--

LOCK TABLES `menu_types` WRITE;
/*!40000 ALTER TABLE `menu_types` DISABLE KEYS */;
INSERT INTO `menu_types` VALUES (1,'Top Menu','top','2009-11-17 14:13:29',0,'2009-12-12 23:45:36',1),(2,'Left Menu','left','2009-11-17 14:32:48',0,'2009-12-12 23:45:45',1),(3,'Setup','setup','2009-12-12 23:53:31',1,'2009-12-12 23:53:31',0),(5,'Report','report','2009-12-12 23:53:54',1,'2009-12-12 23:53:54',0),(6,'Admin','admin','2009-12-16 13:47:50',1,'2009-12-16 13:48:59',1),(7,'Barang','items','2009-12-22 11:08:38',1,'2010-01-03 14:16:46',1);
/*!40000 ALTER TABLE `menu_types` ENABLE KEYS */;
UNLOCK TABLES;

--
-- Table structure for table `menus`
--

DROP TABLE IF EXISTS `menus`;
SET @saved_cs_client     = @@character_set_client;
SET character_set_client = utf8;
CREATE TABLE `menus` (
  `id` int(10) NOT NULL auto_increment,
  `parent_id` int(10) default NULL,
  `name` varchar(50) NOT NULL,
  `url` varchar(50) NOT NULL,
  `element_id` varchar(20) NOT NULL,
  `enable` tinyint(1) NOT NULL,
  `lft` int(10) NOT NULL,
  `rght` int(10) NOT NULL,
  `menu_type_id` tinyint(3) NOT NULL,
  `created` datetime NOT NULL,
  `created_by` int(11) NOT NULL,
  `modified` datetime NOT NULL,
  `modified_by` int(11) NOT NULL,
  PRIMARY KEY  (`id`),
  KEY `parent_id` (`parent_id`),
  KEY `enable` (`enable`),
  KEY `menu_type_id` (`menu_type_id`)
) ENGINE=MyISAM AUTO_INCREMENT=33 DEFAULT CHARSET=latin1;
SET character_set_client = @saved_cs_client;

--
-- Dumping data for table `menus`
--

LOCK TABLES `menus` WRITE;
/*!40000 ALTER TABLE `menus` DISABLE KEYS */;
INSERT INTO `menus` VALUES (6,NULL,'Cities','/cities','cities',0,5,6,3,'2009-12-13 02:34:56',1,'2009-12-21 16:36:16',1),(5,NULL,'Provinces','/provinces','provinces',0,1,2,3,'2009-12-13 02:03:29',1,'2009-12-21 16:36:20',1),(23,NULL,'Input Barang','/item_ins','item_ins',1,21,22,7,'2009-12-22 11:09:02',1,'2010-01-03 13:58:41',1),(22,NULL,'Barang','/items','items',1,19,20,3,'2009-12-22 10:42:06',1,'2010-01-03 13:55:14',1),(11,NULL,'Menu','/menus','menus',1,3,4,3,'2009-12-13 05:03:18',1,'2009-12-21 16:36:09',1),(12,NULL,'Menu Type','/menu_types','menu_types',1,7,8,3,'2009-12-13 05:12:51',1,'2009-12-13 05:12:51',0),(24,NULL,'Bon Barang','/item_outs','item_outs',1,23,24,7,'2009-12-23 09:42:35',1,'2010-01-03 14:46:52',1),(14,NULL,'User Management','/users','users',1,9,10,6,'2009-12-16 13:49:35',1,'2009-12-16 13:49:35',0),(15,NULL,'Settings','/site_settings','site_settings',1,11,12,6,'2009-12-16 13:50:55',1,'2009-12-16 13:50:55',0),(16,NULL,'Module Management','/modules','modules',1,13,14,6,'2009-12-17 10:21:02',3,'2009-12-17 10:21:02',0),(17,NULL,'Group - Permission','/groups','groups',1,15,16,6,'2009-12-17 12:07:33',1,'2009-12-17 12:07:33',0),(21,NULL,'Satuan','/units','units',1,17,18,3,'2009-12-22 10:20:08',1,'2010-01-03 13:55:32',1),(25,NULL,'Laporan','/reports/','reports',0,25,26,7,'2010-01-03 16:08:24',1,'2010-09-18 23:43:06',1),(26,NULL,'Stok Barang','/items/view_stocks','view_stocks',0,27,28,7,'2010-01-03 23:16:50',1,'2010-09-18 23:43:53',1),(27,NULL,'Log Pengguna','/user_logs','user_logs',1,29,30,6,'2010-01-13 22:25:37',1,'2010-01-13 22:25:37',0),(28,NULL,'System Checks','/system_checks','system_checks',1,31,32,6,'2010-07-04 16:24:46',1,'2010-07-04 16:24:46',0),(29,NULL,'Barang yang harus dibeli','/items/view_zero_stocks','view_zero_stocks',1,33,34,5,'2010-08-14 12:41:04',1,'2010-09-18 23:42:43',1),(30,NULL,'Stok Barang','/reports/stocks','report_stocks',1,35,36,5,'2010-09-18 21:53:31',1,'2010-09-18 21:55:51',1),(31,NULL,'Laporan Pengguna Barang','/reports/stocks_per_role_id','stocks_per_role_id',1,37,38,5,'2010-09-18 21:55:41',1,'2010-09-18 23:40:30',1),(32,NULL,'Kartu Stok Barang','/reports/stocks_per_item_id','stocks_per_item_id',1,39,40,5,'2010-09-18 21:56:48',1,'2010-09-18 21:56:48',0);
/*!40000 ALTER TABLE `menus` ENABLE KEYS */;
UNLOCK TABLES;

--
-- Table structure for table `module_actions`
--

DROP TABLE IF EXISTS `module_actions`;
SET @saved_cs_client     = @@character_set_client;
SET character_set_client = utf8;
CREATE TABLE `module_actions` (
  `id` int(10) NOT NULL auto_increment,
  `module_id` int(10) NOT NULL,
  `name` varchar(50) NOT NULL,
  `created` datetime NOT NULL,
  `created_by` int(10) NOT NULL,
  `modified` datetime NOT NULL,
  `modified_by` int(10) NOT NULL,
  PRIMARY KEY  (`id`),
  KEY `module_id` (`module_id`),
  KEY `name` (`name`)
) ENGINE=MyISAM AUTO_INCREMENT=209 DEFAULT CHARSET=latin1;
SET character_set_client = @saved_cs_client;

--
-- Dumping data for table `module_actions`
--

LOCK TABLES `module_actions` WRITE;
/*!40000 ALTER TABLE `module_actions` DISABLE KEYS */;
INSERT INTO `module_actions` VALUES (155,20,'view','2009-12-23 09:52:41',0,'2009-12-23 09:52:41',1),(151,20,'index','2009-12-23 09:52:41',0,'2009-12-23 09:52:41',1),(152,20,'delete','2009-12-23 09:52:41',0,'2009-12-23 09:52:41',1),(24,5,'edit','2009-12-17 12:00:01',1,'2009-12-17 12:00:01',0),(23,5,'add','2009-12-17 12:00:01',1,'2009-12-17 12:00:01',0),(22,5,'index','2009-12-17 12:00:01',1,'2009-12-17 12:00:01',0),(25,5,'delete','2009-12-17 12:00:01',1,'2009-12-17 12:00:01',0),(26,6,'index','2009-12-17 12:00:17',1,'2009-12-17 12:00:17',0),(27,6,'add','2009-12-17 12:00:17',1,'2009-12-17 12:00:17',0),(28,6,'edit','2009-12-17 12:00:17',1,'2009-12-17 12:00:17',0),(29,6,'delete','2009-12-17 12:00:17',1,'2009-12-17 17:14:56',0),(145,19,'delete','2009-12-23 09:45:52',0,'2009-12-23 09:45:52',1),(144,19,'index','2009-12-23 09:45:52',0,'2009-12-23 09:45:52',1),(205,18,'index','2010-08-14 12:40:38',0,'2010-08-14 12:40:38',1),(206,18,'view_stocks','2010-08-14 12:40:38',0,'2010-08-14 12:40:38',1),(113,15,'index','2009-12-21 11:39:21',1,'2009-12-21 11:39:21',0),(42,10,'index','2009-12-17 12:01:51',1,'2009-12-17 12:01:51',0),(43,10,'add','2009-12-17 12:01:51',1,'2009-12-17 12:01:51',0),(44,10,'edit','2009-12-17 12:01:51',1,'2009-12-17 12:01:51',0),(45,10,'delete','2009-12-17 12:01:51',1,'2009-12-17 12:01:51',0),(98,11,'delete','2009-12-20 23:23:42',0,'2009-12-20 23:23:42',1),(114,15,'add','2009-12-21 11:39:21',1,'2009-12-21 11:39:21',0),(115,15,'edit','2009-12-21 11:39:21',1,'2009-12-21 11:39:21',0),(50,12,'index','2009-12-17 12:05:49',1,'2009-12-17 12:05:49',0),(51,12,'add','2009-12-17 12:05:49',1,'2009-12-17 12:05:49',0),(52,12,'edit','2009-12-17 12:05:49',1,'2009-12-17 12:05:49',0),(53,12,'delete','2009-12-17 12:05:49',1,'2009-12-17 12:05:49',0),(54,13,'index','2009-12-17 12:47:42',1,'2009-12-17 12:47:42',0),(55,13,'add','2009-12-17 12:47:42',1,'2009-12-17 12:47:42',0),(56,13,'edit','2009-12-17 12:47:42',1,'2009-12-17 12:47:42',0),(57,13,'delete','2009-12-17 12:47:42',1,'2009-12-17 12:47:42',0),(97,11,'index','2009-12-20 23:23:42',0,'2009-12-20 23:23:42',1),(96,11,'add','2009-12-20 23:23:42',0,'2009-12-20 23:23:42',1),(95,11,'edit','2009-12-20 23:23:42',0,'2009-12-20 23:23:42',1),(102,9,'delete','2009-12-20 23:24:05',0,'2009-12-20 23:24:05',1),(101,9,'index','2009-12-20 23:24:05',0,'2009-12-20 23:24:05',1),(100,9,'add','2009-12-20 23:24:05',0,'2009-12-20 23:24:05',1),(99,9,'edit','2009-12-20 23:24:05',0,'2009-12-20 23:24:05',1),(73,14,'display','2009-12-20 21:32:51',0,'2009-12-20 21:32:51',1),(116,15,'delete','2009-12-21 11:39:21',1,'2009-12-21 11:39:21',0),(154,20,'add','2009-12-23 09:52:41',0,'2009-12-23 09:52:41',1),(153,20,'edit','2009-12-23 09:52:41',0,'2009-12-23 09:52:41',1),(143,19,'add','2009-12-23 09:45:52',0,'2009-12-23 09:45:52',1),(173,16,'stocks_per_item','2010-01-03 20:36:26',0,'2010-01-03 20:36:26',1),(172,16,'index','2010-01-03 20:36:26',0,'2010-01-03 20:36:26',1),(159,17,'delete','2010-01-03 14:07:42',0,'2010-01-03 14:07:42',1),(158,17,'edit','2010-01-03 14:07:42',0,'2010-01-03 14:07:42',1),(157,17,'index','2010-01-03 14:07:42',0,'2010-01-03 14:07:42',1),(156,17,'add','2010-01-03 14:07:42',0,'2010-01-03 14:07:42',1),(146,19,'edit','2009-12-23 09:45:52',0,'2009-12-23 09:45:52',1),(174,16,'stocks_per_item_id','2010-01-03 20:36:26',0,'2010-01-03 20:36:26',1),(171,16,'stocks','2010-01-03 20:36:26',0,'2010-01-03 20:36:26',1),(170,16,'detail','2010-01-03 20:36:26',0,'2010-01-03 20:36:26',1),(175,16,'stocks_per_role_id','2010-01-03 20:36:26',0,'2010-01-03 20:36:26',1),(176,16,'stocks_per_role','2010-01-03 20:36:26',0,'2010-01-03 20:36:26',1),(207,18,'view_zero_stocks','2010-08-14 12:40:38',0,'2010-08-14 12:40:38',1),(182,21,'index','2010-01-13 22:25:15',1,'2010-01-13 22:25:15',0),(183,22,'index','2010-07-04 16:24:28',1,'2010-07-04 16:24:28',0),(204,18,'delete','2010-08-14 12:40:38',0,'2010-08-14 12:40:38',1),(203,18,'edit','2010-08-14 12:40:38',0,'2010-08-14 12:40:38',1),(202,18,'add','2010-08-14 12:40:38',0,'2010-08-14 12:40:38',1),(208,18,'miss_stocks','2010-08-14 12:40:38',0,'2010-08-14 12:40:38',1);
/*!40000 ALTER TABLE `module_actions` ENABLE KEYS */;
UNLOCK TABLES;

--
-- Table structure for table `modules`
--

DROP TABLE IF EXISTS `modules`;
SET @saved_cs_client     = @@character_set_client;
SET character_set_client = utf8;
CREATE TABLE `modules` (
  `id` int(10) NOT NULL auto_increment,
  `name` varchar(50) NOT NULL,
  `controller` varchar(50) NOT NULL,
  `show_all` tinyint(1) default '1',
  `created` datetime NOT NULL,
  `created_by` int(10) NOT NULL,
  `modified` datetime NOT NULL,
  `modified_by` int(10) NOT NULL,
  PRIMARY KEY  (`id`),
  KEY `name` (`name`),
  KEY `controller` (`controller`),
  KEY `created` (`created`),
  KEY `created_by` (`created_by`)
) ENGINE=MyISAM AUTO_INCREMENT=23 DEFAULT CHARSET=latin1;
SET character_set_client = @saved_cs_client;

--
-- Dumping data for table `modules`
--

LOCK TABLES `modules` WRITE;
/*!40000 ALTER TABLE `modules` DISABLE KEYS */;
INSERT INTO `modules` VALUES (20,'Item Outs','item_outs',0,'2009-12-23 09:42:56',1,'2009-12-23 09:52:41',1),(5,'Cities','cities',1,'2009-12-17 12:00:01',1,'2009-12-17 12:00:01',0),(6,'Provinces','provinces',1,'2009-12-17 12:00:17',1,'2009-12-17 12:00:17',0),(19,'Item Ins','item_ins',0,'2009-12-22 11:19:59',1,'2009-12-23 09:45:52',1),(18,'Item','items',1,'2009-12-22 10:41:47',1,'2010-08-14 12:40:38',1),(9,'Menu','menus',1,'2009-12-17 12:01:06',1,'2009-12-20 23:24:05',1),(10,'Menu Type','menu_types',1,'2009-12-17 12:01:51',1,'2009-12-17 12:01:51',0),(11,'User Management','users',1,'2009-12-17 12:02:55',1,'2009-12-20 23:23:42',1),(12,'Module Management','modules',1,'2009-12-17 12:05:49',1,'2009-12-17 12:05:49',0),(13,'Group Management','groups',1,'2009-12-17 12:47:42',1,'2009-12-17 12:47:42',0),(14,'Pages','pages',1,'2009-12-20 21:29:56',1,'2009-12-20 21:32:51',1),(15,'Settings','site_settings',1,'2009-12-21 11:39:21',1,'2009-12-21 11:39:21',0),(16,'Report','reports',1,'2009-12-21 12:09:03',1,'2010-01-03 20:36:26',1),(17,'Satuan','units',1,'2009-12-22 10:27:03',1,'2010-01-03 14:07:42',1),(21,'Log Pengguna','user_logs',1,'2010-01-13 22:25:15',1,'2010-01-13 22:25:15',0),(22,'System Cheks','system_checks',1,'2010-07-04 16:24:28',1,'2010-07-04 16:24:28',0);
/*!40000 ALTER TABLE `modules` ENABLE KEYS */;
UNLOCK TABLES;

--
-- Table structure for table `provinces`
--

DROP TABLE IF EXISTS `provinces`;
SET @saved_cs_client     = @@character_set_client;
SET character_set_client = utf8;
CREATE TABLE `provinces` (
  `id` int(10) unsigned NOT NULL auto_increment,
  `code` varchar(2) default NULL,
  `name` varchar(60) default NULL,
  `created_by` varchar(60) default NULL,
  `created` datetime default NULL,
  `modified_by` varchar(60) default NULL,
  `modified` datetime default NULL,
  PRIMARY KEY  (`id`)
) ENGINE=MyISAM AUTO_INCREMENT=55 DEFAULT CHARSET=latin1;
SET character_set_client = @saved_cs_client;

--
-- Dumping data for table `provinces`
--

LOCK TABLES `provinces` WRITE;
/*!40000 ALTER TABLE `provinces` DISABLE KEYS */;
INSERT INTO `provinces` VALUES (1,'BB','KEPULAUAN BANGKA BELITUNG',NULL,NULL,NULL,NULL),(2,'BK','BENGKULU',NULL,NULL,NULL,NULL),(3,'BL','BALI',NULL,NULL,NULL,NULL),(4,'BT','BANTEN',NULL,NULL,NULL,NULL),(7,'CR','SULAWESI TENGGARA',NULL,NULL,NULL,NULL),(11,'JB','JAWA BARAT',NULL,NULL,NULL,NULL),(18,'KH','KALIMANTAN TENGAH',NULL,NULL,NULL,NULL),(19,'KR','KEPULAUAN RIAU',NULL,NULL,NULL,NULL),(20,'KS','KALIMANTAN SELATAN',NULL,NULL,NULL,NULL),(22,'LP','LAMPUNG',NULL,NULL,NULL,NULL),(23,'ML','MALUKU',NULL,NULL,NULL,NULL),(24,'CB','SULAWESI BARAT',NULL,NULL,NULL,NULL),(25,'CH','SULAWESI TENGAH',NULL,NULL,NULL,NULL),(26,'CS','SULAWESI SELATAN',NULL,NULL,NULL,NULL),(27,'CU','SULAWESI UTARA',NULL,NULL,NULL,NULL),(28,'GT','GORONTALO',NULL,NULL,NULL,NULL),(29,'JH','JAWA TENGAH',NULL,NULL,NULL,NULL),(30,'JK','JAKARTA',NULL,NULL,NULL,NULL),(31,'JM','JAMBI',NULL,NULL,NULL,NULL),(32,'JO','DAERAH ISTIMEWA YOGYAKARTA',NULL,NULL,NULL,NULL),(33,'JT','JAWA TIMUR',NULL,NULL,NULL,NULL),(34,'KB','KALIMANTAN BARAT',NULL,NULL,NULL,NULL),(35,'KT','KALIMANTAN TIMUR',NULL,NULL,NULL,NULL),(36,'MU','MALUKU UTARA',NULL,NULL,NULL,NULL),(37,'NA','NANGROE ACEH DARUSSALAM',NULL,NULL,NULL,NULL),(38,'NB','NUSA TENGGARA BARAT',NULL,NULL,NULL,NULL),(39,'NT','NUSA TENGGARA TIMUR',NULL,NULL,NULL,NULL),(40,'PB','PAPUA BARAT',NULL,NULL,NULL,NULL),(41,'PP','PAPUA',NULL,NULL,NULL,NULL),(42,'RI','RIAU',NULL,NULL,NULL,NULL),(43,'SB','SUMATERA BARAT',NULL,NULL,NULL,NULL),(44,'SS','SUMATERA SELATAN',NULL,NULL,NULL,NULL),(45,'SU','SUMATERA UTARA',NULL,NULL,NULL,NULL),(46,'NY','NEW YORK',NULL,NULL,NULL,NULL),(47,'WS','WASHINGTON DC.',NULL,NULL,NULL,NULL),(48,'BM','BOMBAY',NULL,NULL,NULL,NULL);
/*!40000 ALTER TABLE `provinces` ENABLE KEYS */;
UNLOCK TABLES;

--
-- Table structure for table `site_settings`
--

DROP TABLE IF EXISTS `site_settings`;
SET @saved_cs_client     = @@character_set_client;
SET character_set_client = utf8;
CREATE TABLE `site_settings` (
  `id` smallint(6) NOT NULL auto_increment,
  `param` varchar(20) NOT NULL,
  `value` varchar(100) NOT NULL,
  PRIMARY KEY  (`id`)
) ENGINE=MyISAM AUTO_INCREMENT=9 DEFAULT CHARSET=latin1;
SET character_set_client = @saved_cs_client;

--
-- Dumping data for table `site_settings`
--

LOCK TABLES `site_settings` WRITE;
/*!40000 ALTER TABLE `site_settings` DISABLE KEYS */;
INSERT INTO `site_settings` VALUES (1,'default_lang','ind'),(2,'site_name','Gudang On-Line'),(3,'site_address1','Jl. Srengseng Sawah, Jagakarsa, Jakarta Selatan.'),(4,'site_address2','(Sebelah Utara Universitas Indonesia)'),(5,'site_email','h_triyanto@yahoo.co.id'),(6,'site_web','polimedia.ac.id'),(8,'site_phone','0811981962');
/*!40000 ALTER TABLE `site_settings` ENABLE KEYS */;
UNLOCK TABLES;

--
-- Table structure for table `unit_codes`
--

DROP TABLE IF EXISTS `unit_codes`;
SET @saved_cs_client     = @@character_set_client;
SET character_set_client = utf8;
CREATE TABLE `unit_codes` (
  `id` smallint(6) NOT NULL auto_increment,
  `name` varchar(100) NOT NULL,
  `code` varchar(10) NOT NULL,
  `created` datetime NOT NULL,
  `created_by` int(10) NOT NULL,
  `modified` datetime NOT NULL,
  `modified_by` int(10) NOT NULL,
  PRIMARY KEY  (`id`),
  UNIQUE KEY `code` (`code`),
  KEY `name` (`name`)
) ENGINE=MyISAM AUTO_INCREMENT=18 DEFAULT CHARSET=latin1;
SET character_set_client = @saved_cs_client;

--
-- Dumping data for table `unit_codes`
--

LOCK TABLES `unit_codes` WRITE;
/*!40000 ALTER TABLE `unit_codes` DISABLE KEYS */;
INSERT INTO `unit_codes` VALUES (1,'Direktur','K27','2009-12-12 22:19:32',1,'2009-12-12 22:19:32',0),(2,'Pembantu Direktur I','K27.1','2009-12-12 22:26:20',1,'2009-12-12 22:26:20',0),(3,'Pembantu Direktur II','K27.2','2009-12-12 22:26:54',1,'2009-12-12 22:26:54',0),(4,'Pembantu Direktur III','K27.3','2009-12-12 22:27:10',1,'2009-12-12 22:27:10',0),(5,'Pembantu Direktur IV','K27.4','2009-12-12 22:27:24',1,'2009-12-12 22:27:24',0),(6,'Bagian Akademik dan Kemahasiswaan','K27.5','2009-12-12 22:27:50',1,'2009-12-12 22:27:50',0),(7,'Bagian Administrasi Umum dan Keuangan','K27.6','2009-12-12 22:28:23',1,'2009-12-12 22:28:23',0),(8,'Jurusan Teknik Grafika','K27.8','2009-12-12 22:28:54',1,'2009-12-12 22:28:54',0),(9,'Jurusan Desain Grafis','K27.9','2009-12-12 22:29:27',1,'2009-12-12 22:29:27',0),(10,'Jurusan Penerbitan','K27.10','2009-12-12 22:29:45',1,'2009-12-12 22:29:45',0),(11,'UP2M','K27.11','2009-12-12 22:30:25',1,'2009-12-12 22:30:25',0),(12,'UPT Perpustakaan','K27.12','2009-12-12 22:30:51',1,'2009-12-12 22:30:51',0),(13,'UPT Pusat Informatika','K27.13','2009-12-12 22:31:50',1,'2009-12-12 22:31:50',0),(14,'UPT Percetakan dan Penerbitan','K27.14','2009-12-12 22:32:26',1,'2009-12-12 22:32:26',0),(15,'UPT Desain dan Periklanan','K27.15','2009-12-12 22:32:53',1,'2009-12-12 22:32:53',0),(16,'Dewan Penyantun','K27.16','2009-12-12 22:33:18',1,'2009-12-12 22:33:18',0),(17,'Senat Politeknik','K27.17','2009-12-12 22:33:38',1,'2009-12-12 22:33:38',0);
/*!40000 ALTER TABLE `unit_codes` ENABLE KEYS */;
UNLOCK TABLES;

--
-- Table structure for table `units`
--

DROP TABLE IF EXISTS `units`;
SET @saved_cs_client     = @@character_set_client;
SET character_set_client = utf8;
CREATE TABLE `units` (
  `id` int(10) NOT NULL auto_increment,
  `code` varchar(10) NOT NULL,
  `name` varchar(20) NOT NULL,
  PRIMARY KEY  (`id`),
  KEY `code` (`code`),
  KEY `name` (`name`)
) ENGINE=MyISAM AUTO_INCREMENT=35 DEFAULT CHARSET=latin1;
SET character_set_client = @saved_cs_client;

--
-- Dumping data for table `units`
--

LOCK TABLES `units` WRITE;
/*!40000 ALTER TABLE `units` DISABLE KEYS */;
INSERT INTO `units` VALUES (13,'0002','Dos'),(7,'0003','Buah'),(5,'0001','Rim'),(18,'0008','Keping'),(17,'0007','Rim Plano'),(16,'0006','Galon'),(15,'0005','Pack'),(14,'0004','Gulung'),(19,'059','lembar'),(20,'0070','Dos Kecil'),(21,'0069','Rim Plano'),(22,'050','Buah'),(23,'069','Lembar Plano'),(24,'0076','Kilogram'),(25,'0077','Bungkus '),(26,'0080','Bungkus '),(27,'0081','Sachet'),(28,'0083','Liter'),(29,'0096','rol'),(30,'131','Tinta TC 5400 Black'),(31,'201','gram'),(32,'202','Set'),(33,'218','Kaleng'),(34,'299','Botol');
/*!40000 ALTER TABLE `units` ENABLE KEYS */;
UNLOCK TABLES;

--
-- Table structure for table `user_logs`
--

DROP TABLE IF EXISTS `user_logs`;
SET @saved_cs_client     = @@character_set_client;
SET character_set_client = utf8;
CREATE TABLE `user_logs` (
  `user_id` int(11) NOT NULL,
  `ip_address` char(15) NOT NULL,
  `controller` varchar(50) NOT NULL,
  `action` varchar(50) NOT NULL,
  `request_method` varchar(10) NOT NULL,
  `referer` varchar(100) NOT NULL,
  `url` varchar(100) NOT NULL,
  `user_agent` tinytext NOT NULL,
  `created` datetime NOT NULL,
  KEY `user_id` (`user_id`),
  KEY `ip_address` (`ip_address`),
  KEY `created` (`created`)
) ENGINE=MyISAM DEFAULT CHARSET=latin1;
SET character_set_client = @saved_cs_client;

--
-- Dumping data for table `user_logs`
--

LOCK TABLES `user_logs` WRITE;
/*!40000 ALTER TABLE `user_logs` DISABLE KEYS */;
INSERT INTO `user_logs` VALUES (30,'202.153.225.69','item_outs','index','GET','http://pergudangan.baukpoltek.net/','/index.php?url=item_outs/index/page:2&ajax=1','Mozilla/4.0 (compatible; MSIE 8.0; Windows NT 5.1; Trident/4.0; GTB6.5; .NET CLR 1.1.4322)','2010-09-07 11:48:55'),(30,'202.153.225.69','item_outs','index','GET','http://pergudangan.baukpoltek.net/','/index.php?url=item_outs/index/page:3&ajax=1','Mozilla/4.0 (compatible; MSIE 8.0; Windows NT 5.1; Trident/4.0; GTB6.5; .NET CLR 1.1.4322)','2010-09-07 11:49:02'),(30,'202.153.225.69','item_outs','index','GET','http://pergudangan.baukpoltek.net/','/index.php?url=item_outs/index/page:4&ajax=1','Mozilla/4.0 (compatible; MSIE 8.0; Windows NT 5.1; Trident/4.0; GTB6.5; .NET CLR 1.1.4322)','2010-09-07 11:50:04'),(30,'202.153.225.69','item_outs','index','GET','http://pergudangan.baukpoltek.net/','/index.php?url=item_outs/index/page:5&ajax=1','Mozilla/4.0 (compatible; MSIE 8.0; Windows NT 5.1; Trident/4.0; GTB6.5; .NET CLR 1.1.4322)','2010-09-07 11:50:12'),(30,'202.153.225.69','item_ins','index','GET','http://pergudangan.baukpoltek.net/','/index.php?url=item_ins&ajax=1','Mozilla/4.0 (compatible; MSIE 8.0; Windows NT 5.1; Trident/4.0; GTB6.5; .NET CLR 1.1.4322)','2010-09-07 11:50:17'),(30,'202.153.225.69','item_ins','add','GET','http://pergudangan.baukpoltek.net/','/index.php?url=item_ins/add','Mozilla/4.0 (compatible; MSIE 8.0; Windows NT 5.1; Trident/4.0; GTB6.5; .NET CLR 1.1.4322)','2010-09-07 11:50:29'),(30,'202.153.225.69','item_ins','getSatuan','GET','http://pergudangan.baukpoltek.net/item_ins/add','/index.php?url=item_ins/getSatuan/74','Mozilla/4.0 (compatible; MSIE 8.0; Windows NT 5.1; Trident/4.0; GTB6.5; .NET CLR 1.1.4322)','2010-09-07 11:50:54'),(30,'202.153.225.69','item_ins','add','POST','http://pergudangan.baukpoltek.net/item_ins/add','/index.php?url=item_ins/add','Mozilla/4.0 (compatible; MSIE 8.0; Windows NT 5.1; Trident/4.0; GTB6.5; .NET CLR 1.1.4322)','2010-09-07 11:51:15'),(30,'202.153.225.69','item_ins','index','GET','http://pergudangan.baukpoltek.net/item_ins/add','/index.php?url=item_ins','Mozilla/4.0 (compatible; MSIE 8.0; Windows NT 5.1; Trident/4.0; GTB6.5; .NET CLR 1.1.4322)','2010-09-07 11:51:15'),(30,'202.153.225.69','item_ins','add','GET','http://pergudangan.baukpoltek.net/item_ins','/index.php?url=item_ins/add','Mozilla/4.0 (compatible; MSIE 8.0; Windows NT 5.1; Trident/4.0; GTB6.5; .NET CLR 1.1.4322)','2010-09-07 11:51:18'),(30,'202.153.225.69','item_ins','getSatuan','GET','http://pergudangan.baukpoltek.net/item_ins/add','/index.php?url=item_ins/getSatuan/332','Mozilla/4.0 (compatible; MSIE 8.0; Windows NT 5.1; Trident/4.0; GTB6.5; .NET CLR 1.1.4322)','2010-09-07 11:51:56'),(30,'202.153.225.69','item_ins','add','POST','http://pergudangan.baukpoltek.net/item_ins/add','/index.php?url=item_ins/add','Mozilla/4.0 (compatible; MSIE 8.0; Windows NT 5.1; Trident/4.0; GTB6.5; .NET CLR 1.1.4322)','2010-09-07 11:52:09'),(30,'202.153.225.69','item_ins','index','GET','http://pergudangan.baukpoltek.net/item_ins/add','/index.php?url=item_ins','Mozilla/4.0 (compatible; MSIE 8.0; Windows NT 5.1; Trident/4.0; GTB6.5; .NET CLR 1.1.4322)','2010-09-07 11:52:10'),(30,'202.153.225.69','item_ins','add','GET','http://pergudangan.baukpoltek.net/item_ins','/index.php?url=item_ins/add','Mozilla/4.0 (compatible; MSIE 8.0; Windows NT 5.1; Trident/4.0; GTB6.5; .NET CLR 1.1.4322)','2010-09-07 11:52:14'),(30,'202.153.225.69','item_ins','getSatuan','GET','http://pergudangan.baukpoltek.net/item_ins/add','/index.php?url=item_ins/getSatuan/238','Mozilla/4.0 (compatible; MSIE 8.0; Windows NT 5.1; Trident/4.0; GTB6.5; .NET CLR 1.1.4322)','2010-09-07 11:52:37'),(30,'202.153.225.69','item_ins','add','POST','http://pergudangan.baukpoltek.net/item_ins/add','/index.php?url=item_ins/add','Mozilla/4.0 (compatible; MSIE 8.0; Windows NT 5.1; Trident/4.0; GTB6.5; .NET CLR 1.1.4322)','2010-09-07 11:52:52'),(30,'202.153.225.69','item_ins','index','GET','http://pergudangan.baukpoltek.net/item_ins/add','/index.php?url=item_ins','Mozilla/4.0 (compatible; MSIE 8.0; Windows NT 5.1; Trident/4.0; GTB6.5; .NET CLR 1.1.4322)','2010-09-07 11:52:52'),(30,'202.153.225.69','item_ins','add','GET','http://pergudangan.baukpoltek.net/item_ins','/index.php?url=item_ins/add','Mozilla/4.0 (compatible; MSIE 8.0; Windows NT 5.1; Trident/4.0; GTB6.5; .NET CLR 1.1.4322)','2010-09-07 11:53:05'),(30,'202.153.225.69','items','index','GET','http://pergudangan.baukpoltek.net/item_ins/add','/index.php?url=items&ajax=1','Mozilla/4.0 (compatible; MSIE 8.0; Windows NT 5.1; Trident/4.0; GTB6.5; .NET CLR 1.1.4322)','2010-09-07 11:54:46'),(30,'202.153.225.69','items','index','GET','http://pergudangan.baukpoltek.net/item_ins/add','/index.php?url=items/index/page:18&ajax=1','Mozilla/4.0 (compatible; MSIE 8.0; Windows NT 5.1; Trident/4.0; GTB6.5; .NET CLR 1.1.4322)','2010-09-07 11:54:51'),(30,'202.153.225.69','items','add','GET','http://pergudangan.baukpoltek.net/item_ins/add','/index.php?url=items/add','Mozilla/4.0 (compatible; MSIE 8.0; Windows NT 5.1; Trident/4.0; GTB6.5; .NET CLR 1.1.4322)','2010-09-07 11:55:35'),(30,'202.153.225.69','items','add','POST','http://pergudangan.baukpoltek.net/items/add','/index.php?url=items/add','Mozilla/4.0 (compatible; MSIE 8.0; Windows NT 5.1; Trident/4.0; GTB6.5; .NET CLR 1.1.4322)','2010-09-07 12:01:02'),(30,'202.153.225.69','items','index','GET','http://pergudangan.baukpoltek.net/items/add','/index.php?url=items','Mozilla/4.0 (compatible; MSIE 8.0; Windows NT 5.1; Trident/4.0; GTB6.5; .NET CLR 1.1.4322)','2010-09-07 12:01:02'),(30,'202.153.225.69','items','add','GET','http://pergudangan.baukpoltek.net/items','/index.php?url=items/add','Mozilla/4.0 (compatible; MSIE 8.0; Windows NT 5.1; Trident/4.0; GTB6.5; .NET CLR 1.1.4322)','2010-09-07 12:01:16'),(30,'202.153.225.69','items','add','POST','http://pergudangan.baukpoltek.net/items/add','/index.php?url=items/add','Mozilla/4.0 (compatible; MSIE 8.0; Windows NT 5.1; Trident/4.0; GTB6.5; .NET CLR 1.1.4322)','2010-09-07 12:02:24'),(30,'202.153.225.69','items','index','GET','http://pergudangan.baukpoltek.net/items/add','/index.php?url=items','Mozilla/4.0 (compatible; MSIE 8.0; Windows NT 5.1; Trident/4.0; GTB6.5; .NET CLR 1.1.4322)','2010-09-07 12:02:24'),(30,'202.153.225.69','items','add','GET','http://pergudangan.baukpoltek.net/items','/index.php?url=items/add','Mozilla/4.0 (compatible; MSIE 8.0; Windows NT 5.1; Trident/4.0; GTB6.5; .NET CLR 1.1.4322)','2010-09-07 12:02:31'),(30,'202.153.225.69','items','add','POST','http://pergudangan.baukpoltek.net/items/add','/index.php?url=items/add','Mozilla/4.0 (compatible; MSIE 8.0; Windows NT 5.1; Trident/4.0; GTB6.5; .NET CLR 1.1.4322)','2010-09-07 12:04:15'),(30,'202.153.225.69','items','index','GET','http://pergudangan.baukpoltek.net/items/add','/index.php?url=items','Mozilla/4.0 (compatible; MSIE 8.0; Windows NT 5.1; Trident/4.0; GTB6.5; .NET CLR 1.1.4322)','2010-09-07 12:04:16'),(30,'202.153.225.69','item_ins','index','GET','http://pergudangan.baukpoltek.net/items','/index.php?url=item_ins/index/page:51&ajax=1','Mozilla/4.0 (compatible; MSIE 8.0; Windows NT 5.1; Trident/4.0; GTB6.5; .NET CLR 1.1.4322)','2010-09-07 12:04:24'),(30,'202.153.225.69','item_ins','add','GET','http://pergudangan.baukpoltek.net/items','/index.php?url=item_ins/add','Mozilla/4.0 (compatible; MSIE 8.0; Windows NT 5.1; Trident/4.0; GTB6.5; .NET CLR 1.1.4322)','2010-09-07 12:04:43'),(30,'202.153.225.69','item_ins','getSatuan','GET','http://pergudangan.baukpoltek.net/item_ins/add','/index.php?url=item_ins/getSatuan/361','Mozilla/4.0 (compatible; MSIE 8.0; Windows NT 5.1; Trident/4.0; GTB6.5; .NET CLR 1.1.4322)','2010-09-07 12:05:07'),(30,'202.153.225.69','item_ins','add','POST','http://pergudangan.baukpoltek.net/item_ins/add','/index.php?url=item_ins/add','Mozilla/4.0 (compatible; MSIE 8.0; Windows NT 5.1; Trident/4.0; GTB6.5; .NET CLR 1.1.4322)','2010-09-07 12:05:31'),(30,'202.153.225.69','item_ins','index','GET','http://pergudangan.baukpoltek.net/item_ins/add','/index.php?url=item_ins','Mozilla/4.0 (compatible; MSIE 8.0; Windows NT 5.1; Trident/4.0; GTB6.5; .NET CLR 1.1.4322)','2010-09-07 12:05:32'),(30,'202.153.225.69','item_ins','add','GET','http://pergudangan.baukpoltek.net/item_ins','/index.php?url=item_ins/add','Mozilla/4.0 (compatible; MSIE 8.0; Windows NT 5.1; Trident/4.0; GTB6.5; .NET CLR 1.1.4322)','2010-09-07 12:05:42'),(30,'202.153.225.69','item_ins','getSatuan','GET','http://pergudangan.baukpoltek.net/item_ins/add','/index.php?url=item_ins/getSatuan/362','Mozilla/4.0 (compatible; MSIE 8.0; Windows NT 5.1; Trident/4.0; GTB6.5; .NET CLR 1.1.4322)','2010-09-07 12:05:54'),(30,'202.153.225.69','item_ins','add','POST','http://pergudangan.baukpoltek.net/item_ins/add','/index.php?url=item_ins/add','Mozilla/4.0 (compatible; MSIE 8.0; Windows NT 5.1; Trident/4.0; GTB6.5; .NET CLR 1.1.4322)','2010-09-07 12:06:07'),(30,'202.153.225.69','item_ins','index','GET','http://pergudangan.baukpoltek.net/item_ins/add','/index.php?url=item_ins','Mozilla/4.0 (compatible; MSIE 8.0; Windows NT 5.1; Trident/4.0; GTB6.5; .NET CLR 1.1.4322)','2010-09-07 12:06:08'),(30,'202.153.225.69','item_ins','add','GET','http://pergudangan.baukpoltek.net/item_ins','/index.php?url=item_ins/add','Mozilla/4.0 (compatible; MSIE 8.0; Windows NT 5.1; Trident/4.0; GTB6.5; .NET CLR 1.1.4322)','2010-09-07 12:06:17'),(30,'202.153.225.69','item_ins','getSatuan','GET','http://pergudangan.baukpoltek.net/item_ins/add','/index.php?url=item_ins/getSatuan/363','Mozilla/4.0 (compatible; MSIE 8.0; Windows NT 5.1; Trident/4.0; GTB6.5; .NET CLR 1.1.4322)','2010-09-07 12:06:27'),(30,'202.153.225.69','item_ins','add','POST','http://pergudangan.baukpoltek.net/item_ins/add','/index.php?url=item_ins/add','Mozilla/4.0 (compatible; MSIE 8.0; Windows NT 5.1; Trident/4.0; GTB6.5; .NET CLR 1.1.4322)','2010-09-07 12:06:42'),(30,'202.153.225.69','item_ins','index','GET','http://pergudangan.baukpoltek.net/item_ins/add','/index.php?url=item_ins','Mozilla/4.0 (compatible; MSIE 8.0; Windows NT 5.1; Trident/4.0; GTB6.5; .NET CLR 1.1.4322)','2010-09-07 12:06:42'),(30,'202.153.225.69','users','logout','GET','http://pergudangan.baukpoltek.net/item_ins','/index.php?url=users/logout','Mozilla/4.0 (compatible; MSIE 8.0; Windows NT 5.1; Trident/4.0; GTB6.5; .NET CLR 1.1.4322)','2010-09-07 12:06:55'),(62,'202.153.225.69','item_ins','index','GET','http://pergudangan.baukpoltek.net/users/login','/index.php?url=item_ins','Mozilla/4.0 (compatible; MSIE 8.0; Windows NT 5.1; Trident/4.0; GTB6.5; .NET CLR 1.1.4322)','2010-09-07 12:07:06'),(62,'202.153.225.69','users','login','GET','http://pergudangan.baukpoltek.net/users/login','/index.php?url=users/login','Mozilla/4.0 (compatible; MSIE 8.0; Windows NT 5.1; Trident/4.0; GTB6.5; .NET CLR 1.1.4322)','2010-09-07 12:07:06'),(62,'202.153.225.69','pages','display','GET','http://pergudangan.baukpoltek.net/users/login','/','Mozilla/4.0 (compatible; MSIE 8.0; Windows NT 5.1; Trident/4.0; GTB6.5; .NET CLR 1.1.4322)','2010-09-07 12:07:07'),(62,'202.153.225.69','item_outs','index','GET','http://pergudangan.baukpoltek.net/','/index.php?url=item_outs/index/page:100&ajax=1','Mozilla/4.0 (compatible; MSIE 8.0; Windows NT 5.1; Trident/4.0; GTB6.5; .NET CLR 1.1.4322)','2010-09-07 12:07:27'),(62,'202.153.225.69','item_outs','add','GET','http://pergudangan.baukpoltek.net/','/index.php?url=item_outs/add','Mozilla/4.0 (compatible; MSIE 8.0; Windows NT 5.1; Trident/4.0; GTB6.5; .NET CLR 1.1.4322)','2010-09-07 12:07:32'),(62,'202.153.225.69','item_outs','getSatuan','GET','http://pergudangan.baukpoltek.net/item_outs/add','/index.php?url=item_outs/getSatuan/74','Mozilla/4.0 (compatible; MSIE 8.0; Windows NT 5.1; Trident/4.0; GTB6.5; .NET CLR 1.1.4322)','2010-09-07 12:07:49'),(62,'202.153.225.69','item_outs','add','POST','http://pergudangan.baukpoltek.net/item_outs/add','/index.php?url=item_outs/add','Mozilla/4.0 (compatible; MSIE 8.0; Windows NT 5.1; Trident/4.0; GTB6.5; .NET CLR 1.1.4322)','2010-09-07 12:08:01'),(62,'202.153.225.69','item_outs','index','GET','http://pergudangan.baukpoltek.net/item_outs/add','/index.php?url=item_outs','Mozilla/4.0 (compatible; MSIE 8.0; Windows NT 5.1; Trident/4.0; GTB6.5; .NET CLR 1.1.4322)','2010-09-07 12:08:02'),(62,'202.153.225.69','item_outs','add','GET','http://pergudangan.baukpoltek.net/item_outs','/index.php?url=item_outs/add','Mozilla/4.0 (compatible; MSIE 8.0; Windows NT 5.1; Trident/4.0; GTB6.5; .NET CLR 1.1.4322)','2010-09-07 12:08:11'),(62,'202.153.225.69','item_outs','getSatuan','GET','http://pergudangan.baukpoltek.net/item_outs/add','/index.php?url=item_outs/getSatuan/332','Mozilla/4.0 (compatible; MSIE 8.0; Windows NT 5.1; Trident/4.0; GTB6.5; .NET CLR 1.1.4322)','2010-09-07 12:08:31'),(62,'202.153.225.69','item_outs','add','POST','http://pergudangan.baukpoltek.net/item_outs/add','/index.php?url=item_outs/add','Mozilla/4.0 (compatible; MSIE 8.0; Windows NT 5.1; Trident/4.0; GTB6.5; .NET CLR 1.1.4322)','2010-09-07 12:09:32'),(62,'202.153.225.69','item_outs','index','GET','http://pergudangan.baukpoltek.net/item_outs/add','/index.php?url=item_outs','Mozilla/4.0 (compatible; MSIE 8.0; Windows NT 5.1; Trident/4.0; GTB6.5; .NET CLR 1.1.4322)','2010-09-07 12:09:32'),(62,'202.153.225.69','item_outs','add','GET','http://pergudangan.baukpoltek.net/item_outs','/index.php?url=item_outs/add','Mozilla/4.0 (compatible; MSIE 8.0; Windows NT 5.1; Trident/4.0; GTB6.5; .NET CLR 1.1.4322)','2010-09-07 12:09:45'),(62,'202.153.225.69','item_outs','getSatuan','GET','http://pergudangan.baukpoltek.net/item_outs/add','/index.php?url=item_outs/getSatuan/361','Mozilla/4.0 (compatible; MSIE 8.0; Windows NT 5.1; Trident/4.0; GTB6.5; .NET CLR 1.1.4322)','2010-09-07 12:09:56'),(62,'202.153.225.69','item_outs','add','POST','http://pergudangan.baukpoltek.net/item_outs/add','/index.php?url=item_outs/add','Mozilla/4.0 (compatible; MSIE 8.0; Windows NT 5.1; Trident/4.0; GTB6.5; .NET CLR 1.1.4322)','2010-09-07 12:10:07'),(62,'202.153.225.69','item_outs','index','GET','http://pergudangan.baukpoltek.net/item_outs/add','/index.php?url=item_outs','Mozilla/4.0 (compatible; MSIE 8.0; Windows NT 5.1; Trident/4.0; GTB6.5; .NET CLR 1.1.4322)','2010-09-07 12:10:07'),(62,'202.153.225.69','item_outs','add','GET','http://pergudangan.baukpoltek.net/item_outs','/index.php?url=item_outs/add','Mozilla/4.0 (compatible; MSIE 8.0; Windows NT 5.1; Trident/4.0; GTB6.5; .NET CLR 1.1.4322)','2010-09-07 12:10:10'),(62,'202.153.225.69','item_outs','getSatuan','GET','http://pergudangan.baukpoltek.net/item_outs/add','/index.php?url=item_outs/getSatuan/362','Mozilla/4.0 (compatible; MSIE 8.0; Windows NT 5.1; Trident/4.0; GTB6.5; .NET CLR 1.1.4322)','2010-09-07 12:10:21'),(62,'202.153.225.69','item_outs','add','POST','http://pergudangan.baukpoltek.net/item_outs/add','/index.php?url=item_outs/add','Mozilla/4.0 (compatible; MSIE 8.0; Windows NT 5.1; Trident/4.0; GTB6.5; .NET CLR 1.1.4322)','2010-09-07 12:10:34'),(62,'202.153.225.69','item_outs','index','GET','http://pergudangan.baukpoltek.net/item_outs/add','/index.php?url=item_outs','Mozilla/4.0 (compatible; MSIE 8.0; Windows NT 5.1; Trident/4.0; GTB6.5; .NET CLR 1.1.4322)','2010-09-07 12:10:35'),(62,'202.153.225.69','item_outs','add','GET','http://pergudangan.baukpoltek.net/item_outs','/index.php?url=item_outs/add','Mozilla/4.0 (compatible; MSIE 8.0; Windows NT 5.1; Trident/4.0; GTB6.5; .NET CLR 1.1.4322)','2010-09-07 12:10:38'),(62,'202.153.225.69','item_outs','index','GET','http://pergudangan.baukpoltek.net/item_outs/add','/index.php?url=item_outs','Mozilla/4.0 (compatible; MSIE 8.0; Windows NT 5.1; Trident/4.0; GTB6.5; .NET CLR 1.1.4322)','2010-09-07 12:10:44'),(62,'202.153.225.69','item_outs','add','GET','http://pergudangan.baukpoltek.net/item_outs','/index.php?url=item_outs/add','Mozilla/4.0 (compatible; MSIE 8.0; Windows NT 5.1; Trident/4.0; GTB6.5; .NET CLR 1.1.4322)','2010-09-07 12:10:58'),(62,'202.153.225.69','item_outs','getSatuan','GET','http://pergudangan.baukpoltek.net/item_outs/add','/index.php?url=item_outs/getSatuan/363','Mozilla/4.0 (compatible; MSIE 8.0; Windows NT 5.1; Trident/4.0; GTB6.5; .NET CLR 1.1.4322)','2010-09-07 12:11:10'),(62,'202.153.225.69','item_outs','add','POST','http://pergudangan.baukpoltek.net/item_outs/add','/index.php?url=item_outs/add','Mozilla/4.0 (compatible; MSIE 8.0; Windows NT 5.1; Trident/4.0; GTB6.5; .NET CLR 1.1.4322)','2010-09-07 12:11:29'),(62,'202.153.225.69','item_outs','index','GET','http://pergudangan.baukpoltek.net/item_outs/add','/index.php?url=item_outs','Mozilla/4.0 (compatible; MSIE 8.0; Windows NT 5.1; Trident/4.0; GTB6.5; .NET CLR 1.1.4322)','2010-09-07 12:11:29'),(62,'202.153.225.69','users','logout','GET','http://pergudangan.baukpoltek.net/item_outs','/index.php?url=users/logout','Mozilla/4.0 (compatible; MSIE 8.0; Windows NT 5.1; Trident/4.0; GTB6.5; .NET CLR 1.1.4322)','2010-09-07 12:11:38'),(30,'202.153.225.69','item_outs','index','GET','http://pergudangan.baukpoltek.net/users/login','/index.php?url=item_outs','Mozilla/4.0 (compatible; MSIE 8.0; Windows NT 5.1; Trident/4.0; GTB6.5; .NET CLR 1.1.4322)','2010-09-07 12:11:51'),(30,'202.153.225.69','item_outs','edit','GET','http://pergudangan.baukpoltek.net/item_outs','/index.php?url=item_outs/edit/2035','Mozilla/4.0 (compatible; MSIE 8.0; Windows NT 5.1; Trident/4.0; GTB6.5; .NET CLR 1.1.4322)','2010-09-07 12:12:02'),(30,'202.153.225.69','item_outs','edit','PUT','http://pergudangan.baukpoltek.net/item_outs/edit/2035','/index.php?url=item_outs/edit/2035','Mozilla/4.0 (compatible; MSIE 8.0; Windows NT 5.1; Trident/4.0; GTB6.5; .NET CLR 1.1.4322)','2010-09-07 12:12:14'),(30,'202.153.225.69','item_outs','index','GET','http://pergudangan.baukpoltek.net/item_outs/edit/2035','/index.php?url=item_outs','Mozilla/4.0 (compatible; MSIE 8.0; Windows NT 5.1; Trident/4.0; GTB6.5; .NET CLR 1.1.4322)','2010-09-07 12:12:14'),(30,'202.153.225.69','item_outs','edit','GET','http://pergudangan.baukpoltek.net/item_outs','/index.php?url=item_outs/edit/2036','Mozilla/4.0 (compatible; MSIE 8.0; Windows NT 5.1; Trident/4.0; GTB6.5; .NET CLR 1.1.4322)','2010-09-07 12:12:19'),(30,'202.153.225.69','item_outs','edit','PUT','http://pergudangan.baukpoltek.net/item_outs/edit/2036','/index.php?url=item_outs/edit/2036','Mozilla/4.0 (compatible; MSIE 8.0; Windows NT 5.1; Trident/4.0; GTB6.5; .NET CLR 1.1.4322)','2010-09-07 12:12:35'),(30,'202.153.225.69','item_outs','index','GET','http://pergudangan.baukpoltek.net/item_outs/edit/2036','/index.php?url=item_outs','Mozilla/4.0 (compatible; MSIE 8.0; Windows NT 5.1; Trident/4.0; GTB6.5; .NET CLR 1.1.4322)','2010-09-07 12:12:35'),(30,'202.153.225.69','item_outs','edit','GET','http://pergudangan.baukpoltek.net/item_outs','/index.php?url=item_outs/edit/2037','Mozilla/4.0 (compatible; MSIE 8.0; Windows NT 5.1; Trident/4.0; GTB6.5; .NET CLR 1.1.4322)','2010-09-07 12:12:41'),(30,'202.153.225.69','item_outs','edit','PUT','http://pergudangan.baukpoltek.net/item_outs/edit/2037','/index.php?url=item_outs/edit/2037','Mozilla/4.0 (compatible; MSIE 8.0; Windows NT 5.1; Trident/4.0; GTB6.5; .NET CLR 1.1.4322)','2010-09-07 12:12:49'),(30,'202.153.225.69','item_outs','index','GET','http://pergudangan.baukpoltek.net/item_outs/edit/2037','/index.php?url=item_outs','Mozilla/4.0 (compatible; MSIE 8.0; Windows NT 5.1; Trident/4.0; GTB6.5; .NET CLR 1.1.4322)','2010-09-07 12:12:49'),(30,'202.153.225.69','item_outs','edit','GET','http://pergudangan.baukpoltek.net/item_outs','/index.php?url=item_outs/edit/2038','Mozilla/4.0 (compatible; MSIE 8.0; Windows NT 5.1; Trident/4.0; GTB6.5; .NET CLR 1.1.4322)','2010-09-07 12:12:52'),(30,'202.153.225.69','item_outs','edit','PUT','http://pergudangan.baukpoltek.net/item_outs/edit/2038','/index.php?url=item_outs/edit/2038','Mozilla/4.0 (compatible; MSIE 8.0; Windows NT 5.1; Trident/4.0; GTB6.5; .NET CLR 1.1.4322)','2010-09-07 12:13:01'),(30,'202.153.225.69','item_outs','index','GET','http://pergudangan.baukpoltek.net/item_outs/edit/2038','/index.php?url=item_outs','Mozilla/4.0 (compatible; MSIE 8.0; Windows NT 5.1; Trident/4.0; GTB6.5; .NET CLR 1.1.4322)','2010-09-07 12:13:01'),(30,'202.153.225.69','item_outs','edit','GET','http://pergudangan.baukpoltek.net/item_outs','/index.php?url=item_outs/edit/2039','Mozilla/4.0 (compatible; MSIE 8.0; Windows NT 5.1; Trident/4.0; GTB6.5; .NET CLR 1.1.4322)','2010-09-07 12:13:03'),(30,'202.153.225.69','item_outs','edit','PUT','http://pergudangan.baukpoltek.net/item_outs/edit/2039','/index.php?url=item_outs/edit/2039','Mozilla/4.0 (compatible; MSIE 8.0; Windows NT 5.1; Trident/4.0; GTB6.5; .NET CLR 1.1.4322)','2010-09-07 12:13:22'),(30,'202.153.225.69','item_outs','index','GET','http://pergudangan.baukpoltek.net/item_outs/edit/2039','/index.php?url=item_outs','Mozilla/4.0 (compatible; MSIE 8.0; Windows NT 5.1; Trident/4.0; GTB6.5; .NET CLR 1.1.4322)','2010-09-07 12:13:22'),(30,'202.153.225.69','users','logout','GET','http://pergudangan.baukpoltek.net/item_outs','/index.php?url=users/logout','Mozilla/4.0 (compatible; MSIE 8.0; Windows NT 5.1; Trident/4.0; GTB6.5; .NET CLR 1.1.4322)','2010-09-07 12:13:38'),(46,'202.153.225.69','item_outs','index','GET','http://pergudangan.baukpoltek.net/users/login','/index.php?url=item_outs','Mozilla/4.0 (compatible; MSIE 8.0; Windows NT 5.1; Trident/4.0; GTB6.5; .NET CLR 1.1.4322)','2010-09-07 12:13:50'),(46,'202.153.225.69','item_outs','add','GET','http://pergudangan.baukpoltek.net/item_outs','/index.php?url=item_outs/add','Mozilla/4.0 (compatible; MSIE 8.0; Windows NT 5.1; Trident/4.0; GTB6.5; .NET CLR 1.1.4322)','2010-09-07 12:13:52'),(46,'202.153.225.69','item_outs','getSatuan','GET','http://pergudangan.baukpoltek.net/item_outs/add','/index.php?url=item_outs/getSatuan/65','Mozilla/4.0 (compatible; MSIE 8.0; Windows NT 5.1; Trident/4.0; GTB6.5; .NET CLR 1.1.4322)','2010-09-07 12:14:18'),(46,'202.153.225.69','item_outs','add','POST','http://pergudangan.baukpoltek.net/item_outs/add','/index.php?url=item_outs/add','Mozilla/4.0 (compatible; MSIE 8.0; Windows NT 5.1; Trident/4.0; GTB6.5; .NET CLR 1.1.4322)','2010-09-07 12:14:30'),(46,'202.153.225.69','item_outs','index','GET','http://pergudangan.baukpoltek.net/item_outs/add','/index.php?url=item_outs','Mozilla/4.0 (compatible; MSIE 8.0; Windows NT 5.1; Trident/4.0; GTB6.5; .NET CLR 1.1.4322)','2010-09-07 12:14:30'),(46,'202.153.225.69','item_outs','add','GET','http://pergudangan.baukpoltek.net/item_outs','/index.php?url=item_outs/add','Mozilla/4.0 (compatible; MSIE 8.0; Windows NT 5.1; Trident/4.0; GTB6.5; .NET CLR 1.1.4322)','2010-09-07 12:14:32'),(46,'202.153.225.69','item_outs','getSatuan','GET','http://pergudangan.baukpoltek.net/item_outs/add','/index.php?url=item_outs/getSatuan/64','Mozilla/4.0 (compatible; MSIE 8.0; Windows NT 5.1; Trident/4.0; GTB6.5; .NET CLR 1.1.4322)','2010-09-07 12:14:54'),(46,'202.153.225.69','item_outs','add','POST','http://pergudangan.baukpoltek.net/item_outs/add','/index.php?url=item_outs/add','Mozilla/4.0 (compatible; MSIE 8.0; Windows NT 5.1; Trident/4.0; GTB6.5; .NET CLR 1.1.4322)','2010-09-07 12:15:08'),(46,'202.153.225.69','item_outs','index','GET','http://pergudangan.baukpoltek.net/item_outs/add','/index.php?url=item_outs','Mozilla/4.0 (compatible; MSIE 8.0; Windows NT 5.1; Trident/4.0; GTB6.5; .NET CLR 1.1.4322)','2010-09-07 12:15:08'),(46,'202.153.225.69','users','logout','GET','http://pergudangan.baukpoltek.net/item_outs','/index.php?url=users/logout','Mozilla/4.0 (compatible; MSIE 8.0; Windows NT 5.1; Trident/4.0; GTB6.5; .NET CLR 1.1.4322)','2010-09-07 12:15:20'),(30,'202.153.225.69','item_outs','index','GET','http://pergudangan.baukpoltek.net/users/login','/index.php?url=item_outs','Mozilla/4.0 (compatible; MSIE 8.0; Windows NT 5.1; Trident/4.0; GTB6.5; .NET CLR 1.1.4322)','2010-09-07 12:15:32'),(30,'202.153.225.69','item_outs','edit','GET','http://pergudangan.baukpoltek.net/item_outs','/index.php?url=item_outs/edit/2040','Mozilla/4.0 (compatible; MSIE 8.0; Windows NT 5.1; Trident/4.0; GTB6.5; .NET CLR 1.1.4322)','2010-09-07 12:15:40'),(30,'202.153.225.69','item_outs','edit','PUT','http://pergudangan.baukpoltek.net/item_outs/edit/2040','/index.php?url=item_outs/edit/2040','Mozilla/4.0 (compatible; MSIE 8.0; Windows NT 5.1; Trident/4.0; GTB6.5; .NET CLR 1.1.4322)','2010-09-07 12:16:11'),(30,'202.153.225.69','item_outs','index','GET','http://pergudangan.baukpoltek.net/item_outs/edit/2040','/index.php?url=item_outs','Mozilla/4.0 (compatible; MSIE 8.0; Windows NT 5.1; Trident/4.0; GTB6.5; .NET CLR 1.1.4322)','2010-09-07 12:16:11'),(30,'202.153.225.69','item_outs','edit','GET','http://pergudangan.baukpoltek.net/item_outs','/index.php?url=item_outs/edit/2041','Mozilla/4.0 (compatible; MSIE 8.0; Windows NT 5.1; Trident/4.0; GTB6.5; .NET CLR 1.1.4322)','2010-09-07 12:16:15'),(30,'202.153.225.69','item_outs','edit','PUT','http://pergudangan.baukpoltek.net/item_outs/edit/2041','/index.php?url=item_outs/edit/2041','Mozilla/4.0 (compatible; MSIE 8.0; Windows NT 5.1; Trident/4.0; GTB6.5; .NET CLR 1.1.4322)','2010-09-07 12:16:20'),(30,'202.153.225.69','item_outs','index','GET','http://pergudangan.baukpoltek.net/item_outs/edit/2041','/index.php?url=item_outs','Mozilla/4.0 (compatible; MSIE 8.0; Windows NT 5.1; Trident/4.0; GTB6.5; .NET CLR 1.1.4322)','2010-09-07 12:16:20'),(30,'202.153.225.69','users','logout','GET','http://pergudangan.baukpoltek.net/item_outs','/index.php?url=users/logout','Mozilla/4.0 (compatible; MSIE 8.0; Windows NT 5.1; Trident/4.0; GTB6.5; .NET CLR 1.1.4322)','2010-09-07 12:16:35'),(5,'202.153.225.69','item_outs','index','GET','http://pergudangan.baukpoltek.net/users/login','/index.php?url=item_outs','Mozilla/4.0 (compatible; MSIE 8.0; Windows NT 5.1; Trident/4.0; GTB6.5; .NET CLR 1.1.4322)','2010-09-07 12:16:46'),(5,'202.153.225.69','users','logout','GET','http://pergudangan.baukpoltek.net/item_outs','/index.php?url=users/logout','Mozilla/4.0 (compatible; MSIE 8.0; Windows NT 5.1; Trident/4.0; GTB6.5; .NET CLR 1.1.4322)','2010-09-07 12:18:15'),(30,'202.153.225.69','item_outs','index','GET','http://pergudangan.baukpoltek.net/users/login','/index.php?url=item_outs','Mozilla/4.0 (compatible; MSIE 8.0; Windows NT 5.1; Trident/4.0; GTB6.5; .NET CLR 1.1.4322)','2010-09-07 12:18:28'),(30,'202.153.225.69','item_ins','add','GET','http://pergudangan.baukpoltek.net/item_outs','/index.php?url=item_ins/add','Mozilla/4.0 (compatible; MSIE 8.0; Windows NT 5.1; Trident/4.0; GTB6.5; .NET CLR 1.1.4322)','2010-09-07 12:18:44'),(30,'202.153.225.69','item_ins','getSatuan','GET','http://pergudangan.baukpoltek.net/item_ins/add','/index.php?url=item_ins/getSatuan/70','Mozilla/4.0 (compatible; MSIE 8.0; Windows NT 5.1; Trident/4.0; GTB6.5; .NET CLR 1.1.4322)','2010-09-07 12:19:04'),(30,'202.153.225.69','item_ins','add','POST','http://pergudangan.baukpoltek.net/item_ins/add','/index.php?url=item_ins/add','Mozilla/4.0 (compatible; MSIE 8.0; Windows NT 5.1; Trident/4.0; GTB6.5; .NET CLR 1.1.4322)','2010-09-07 12:20:50'),(30,'202.153.225.69','item_ins','index','GET','http://pergudangan.baukpoltek.net/item_ins/add','/index.php?url=item_ins','Mozilla/4.0 (compatible; MSIE 8.0; Windows NT 5.1; Trident/4.0; GTB6.5; .NET CLR 1.1.4322)','2010-09-07 12:20:50'),(30,'202.153.225.69','users','logout','GET','http://pergudangan.baukpoltek.net/item_ins','/index.php?url=users/logout','Mozilla/4.0 (compatible; MSIE 8.0; Windows NT 5.1; Trident/4.0; GTB6.5; .NET CLR 1.1.4322)','2010-09-07 12:21:15'),(5,'202.153.225.69','pages','display','GET','http://pergudangan.baukpoltek.net/users/login','/','Mozilla/4.0 (compatible; MSIE 8.0; Windows NT 5.1; Trident/4.0; GTB6.5; .NET CLR 1.1.4322)','2010-09-07 12:26:06'),(5,'202.153.225.69','item_outs','index','GET','http://pergudangan.baukpoltek.net/','/index.php?url=item_outs&ajax=1','Mozilla/4.0 (compatible; MSIE 8.0; Windows NT 5.1; Trident/4.0; GTB6.5; .NET CLR 1.1.4322)','2010-09-07 12:26:08'),(5,'202.153.225.69','item_outs','add','GET','http://pergudangan.baukpoltek.net/','/index.php?url=item_outs/add','Mozilla/4.0 (compatible; MSIE 8.0; Windows NT 5.1; Trident/4.0; GTB6.5; .NET CLR 1.1.4322)','2010-09-07 12:26:10'),(5,'202.153.225.69','item_outs','index','GET','http://pergudangan.baukpoltek.net/item_outs/add','/index.php?url=item_outs','Mozilla/4.0 (compatible; MSIE 8.0; Windows NT 5.1; Trident/4.0; GTB6.5; .NET CLR 1.1.4322)','2010-09-07 12:26:21'),(5,'202.153.225.69','item_outs','add','GET','http://pergudangan.baukpoltek.net/item_outs','/index.php?url=item_outs/add','Mozilla/4.0 (compatible; MSIE 8.0; Windows NT 5.1; Trident/4.0; GTB6.5; .NET CLR 1.1.4322)','2010-09-07 12:26:47'),(5,'202.153.225.69','item_outs','getSatuan','GET','http://pergudangan.baukpoltek.net/item_outs/add','/index.php?url=item_outs/getSatuan/65','Mozilla/4.0 (compatible; MSIE 8.0; Windows NT 5.1; Trident/4.0; GTB6.5; .NET CLR 1.1.4322)','2010-09-07 12:27:04'),(5,'202.153.225.69','item_outs','add','POST','http://pergudangan.baukpoltek.net/item_outs/add','/index.php?url=item_outs/add','Mozilla/4.0 (compatible; MSIE 8.0; Windows NT 5.1; Trident/4.0; GTB6.5; .NET CLR 1.1.4322)','2010-09-07 12:27:32'),(5,'202.153.225.69','item_outs','index','GET','http://pergudangan.baukpoltek.net/item_outs/add','/index.php?url=item_outs','Mozilla/4.0 (compatible; MSIE 8.0; Windows NT 5.1; Trident/4.0; GTB6.5; .NET CLR 1.1.4322)','2010-09-07 12:27:33'),(5,'202.153.225.69','item_outs','add','GET','http://pergudangan.baukpoltek.net/item_outs','/index.php?url=item_outs/add','Mozilla/4.0 (compatible; MSIE 8.0; Windows NT 5.1; Trident/4.0; GTB6.5; .NET CLR 1.1.4322)','2010-09-07 12:27:40'),(5,'202.153.225.69','item_outs','getSatuan','GET','http://pergudangan.baukpoltek.net/item_outs/add','/index.php?url=item_outs/getSatuan/62','Mozilla/4.0 (compatible; MSIE 8.0; Windows NT 5.1; Trident/4.0; GTB6.5; .NET CLR 1.1.4322)','2010-09-07 12:27:57'),(5,'202.153.225.69','item_outs','add','POST','http://pergudangan.baukpoltek.net/item_outs/add','/index.php?url=item_outs/add','Mozilla/4.0 (compatible; MSIE 8.0; Windows NT 5.1; Trident/4.0; GTB6.5; .NET CLR 1.1.4322)','2010-09-07 12:28:15'),(5,'202.153.225.69','item_outs','index','GET','http://pergudangan.baukpoltek.net/item_outs/add','/index.php?url=item_outs','Mozilla/4.0 (compatible; MSIE 8.0; Windows NT 5.1; Trident/4.0; GTB6.5; .NET CLR 1.1.4322)','2010-09-07 12:28:15'),(5,'202.153.225.69','item_outs','add','GET','http://pergudangan.baukpoltek.net/item_outs','/index.php?url=item_outs/add','Mozilla/4.0 (compatible; MSIE 8.0; Windows NT 5.1; Trident/4.0; GTB6.5; .NET CLR 1.1.4322)','2010-09-07 12:28:24'),(5,'202.153.225.69','item_outs','getSatuan','GET','http://pergudangan.baukpoltek.net/item_outs/add','/index.php?url=item_outs/getSatuan/9','Mozilla/4.0 (compatible; MSIE 8.0; Windows NT 5.1; Trident/4.0; GTB6.5; .NET CLR 1.1.4322)','2010-09-07 12:28:40'),(5,'202.153.225.69','item_outs','add','POST','http://pergudangan.baukpoltek.net/item_outs/add','/index.php?url=item_outs/add','Mozilla/4.0 (compatible; MSIE 8.0; Windows NT 5.1; Trident/4.0; GTB6.5; .NET CLR 1.1.4322)','2010-09-07 12:28:53'),(5,'202.153.225.69','item_outs','index','GET','http://pergudangan.baukpoltek.net/item_outs/add','/index.php?url=item_outs','Mozilla/4.0 (compatible; MSIE 8.0; Windows NT 5.1; Trident/4.0; GTB6.5; .NET CLR 1.1.4322)','2010-09-07 12:28:54'),(5,'202.153.225.69','item_outs','add','GET','http://pergudangan.baukpoltek.net/item_outs','/index.php?url=item_outs/add','Mozilla/4.0 (compatible; MSIE 8.0; Windows NT 5.1; Trident/4.0; GTB6.5; .NET CLR 1.1.4322)','2010-09-07 12:29:00'),(5,'202.153.225.69','item_outs','getSatuan','GET','http://pergudangan.baukpoltek.net/item_outs/add','/index.php?url=item_outs/getSatuan/105','Mozilla/4.0 (compatible; MSIE 8.0; Windows NT 5.1; Trident/4.0; GTB6.5; .NET CLR 1.1.4322)','2010-09-07 12:29:15'),(5,'202.153.225.69','item_outs','add','POST','http://pergudangan.baukpoltek.net/item_outs/add','/index.php?url=item_outs/add','Mozilla/4.0 (compatible; MSIE 8.0; Windows NT 5.1; Trident/4.0; GTB6.5; .NET CLR 1.1.4322)','2010-09-07 12:29:51'),(5,'202.153.225.69','item_outs','index','GET','http://pergudangan.baukpoltek.net/item_outs/add','/index.php?url=item_outs','Mozilla/4.0 (compatible; MSIE 8.0; Windows NT 5.1; Trident/4.0; GTB6.5; .NET CLR 1.1.4322)','2010-09-07 12:29:51'),(5,'202.153.225.69','item_outs','add','GET','http://pergudangan.baukpoltek.net/item_outs','/index.php?url=item_outs/add','Mozilla/4.0 (compatible; MSIE 8.0; Windows NT 5.1; Trident/4.0; GTB6.5; .NET CLR 1.1.4322)','2010-09-07 12:29:57'),(5,'202.153.225.69','item_outs','getSatuan','GET','http://pergudangan.baukpoltek.net/item_outs/add','/index.php?url=item_outs/getSatuan/45','Mozilla/4.0 (compatible; MSIE 8.0; Windows NT 5.1; Trident/4.0; GTB6.5; .NET CLR 1.1.4322)','2010-09-07 12:30:08'),(5,'202.153.225.69','item_outs','add','POST','http://pergudangan.baukpoltek.net/item_outs/add','/index.php?url=item_outs/add','Mozilla/4.0 (compatible; MSIE 8.0; Windows NT 5.1; Trident/4.0; GTB6.5; .NET CLR 1.1.4322)','2010-09-07 12:30:22'),(5,'202.153.225.69','item_outs','index','GET','http://pergudangan.baukpoltek.net/item_outs/add','/index.php?url=item_outs','Mozilla/4.0 (compatible; MSIE 8.0; Windows NT 5.1; Trident/4.0; GTB6.5; .NET CLR 1.1.4322)','2010-09-07 12:30:23'),(5,'202.153.225.69','item_outs','add','GET','http://pergudangan.baukpoltek.net/item_outs','/index.php?url=item_outs/add','Mozilla/4.0 (compatible; MSIE 8.0; Windows NT 5.1; Trident/4.0; GTB6.5; .NET CLR 1.1.4322)','2010-09-07 12:30:28'),(5,'202.153.225.69','item_outs','getSatuan','GET','http://pergudangan.baukpoltek.net/item_outs/add','/index.php?url=item_outs/getSatuan/59','Mozilla/4.0 (compatible; MSIE 8.0; Windows NT 5.1; Trident/4.0; GTB6.5; .NET CLR 1.1.4322)','2010-09-07 12:30:37'),(5,'202.153.225.69','item_outs','add','POST','http://pergudangan.baukpoltek.net/item_outs/add','/index.php?url=item_outs/add','Mozilla/4.0 (compatible; MSIE 8.0; Windows NT 5.1; Trident/4.0; GTB6.5; .NET CLR 1.1.4322)','2010-09-07 12:30:49'),(5,'202.153.225.69','item_outs','index','GET','http://pergudangan.baukpoltek.net/item_outs/add','/index.php?url=item_outs','Mozilla/4.0 (compatible; MSIE 8.0; Windows NT 5.1; Trident/4.0; GTB6.5; .NET CLR 1.1.4322)','2010-09-07 12:30:49'),(5,'202.153.225.69','item_outs','add','GET','http://pergudangan.baukpoltek.net/item_outs','/index.php?url=item_outs/add','Mozilla/4.0 (compatible; MSIE 8.0; Windows NT 5.1; Trident/4.0; GTB6.5; .NET CLR 1.1.4322)','2010-09-07 12:30:52'),(5,'202.153.225.69','item_outs','getSatuan','GET','http://pergudangan.baukpoltek.net/item_outs/add','/index.php?url=item_outs/getSatuan/58','Mozilla/4.0 (compatible; MSIE 8.0; Windows NT 5.1; Trident/4.0; GTB6.5; .NET CLR 1.1.4322)','2010-09-07 12:30:59'),(5,'202.153.225.69','item_outs','add','POST','http://pergudangan.baukpoltek.net/item_outs/add','/index.php?url=item_outs/add','Mozilla/4.0 (compatible; MSIE 8.0; Windows NT 5.1; Trident/4.0; GTB6.5; .NET CLR 1.1.4322)','2010-09-07 12:31:11'),(5,'202.153.225.69','item_outs','index','GET','http://pergudangan.baukpoltek.net/item_outs/add','/index.php?url=item_outs','Mozilla/4.0 (compatible; MSIE 8.0; Windows NT 5.1; Trident/4.0; GTB6.5; .NET CLR 1.1.4322)','2010-09-07 12:31:11'),(5,'202.153.225.69','users','logout','GET','http://pergudangan.baukpoltek.net/item_outs','/index.php?url=users/logout','Mozilla/4.0 (compatible; MSIE 8.0; Windows NT 5.1; Trident/4.0; GTB6.5; .NET CLR 1.1.4322)','2010-09-07 12:31:22'),(30,'202.153.225.69','item_outs','index','GET','http://pergudangan.baukpoltek.net/users/login','/index.php?url=item_outs','Mozilla/4.0 (compatible; MSIE 8.0; Windows NT 5.1; Trident/4.0; GTB6.5; .NET CLR 1.1.4322)','2010-09-07 12:31:36'),(30,'202.153.225.69','item_outs','edit','GET','http://pergudangan.baukpoltek.net/item_outs','/index.php?url=item_outs/edit/2042','Mozilla/4.0 (compatible; MSIE 8.0; Windows NT 5.1; Trident/4.0; GTB6.5; .NET CLR 1.1.4322)','2010-09-07 12:31:49'),(30,'202.153.225.69','item_outs','edit','PUT','http://pergudangan.baukpoltek.net/item_outs/edit/2042','/index.php?url=item_outs/edit/2042','Mozilla/4.0 (compatible; MSIE 8.0; Windows NT 5.1; Trident/4.0; GTB6.5; .NET CLR 1.1.4322)','2010-09-07 12:32:21'),(30,'202.153.225.69','item_outs','index','GET','http://pergudangan.baukpoltek.net/item_outs/edit/2042','/index.php?url=item_outs','Mozilla/4.0 (compatible; MSIE 8.0; Windows NT 5.1; Trident/4.0; GTB6.5; .NET CLR 1.1.4322)','2010-09-07 12:32:21'),(30,'202.153.225.69','item_outs','edit','GET','http://pergudangan.baukpoltek.net/item_outs','/index.php?url=item_outs/edit/2043','Mozilla/4.0 (compatible; MSIE 8.0; Windows NT 5.1; Trident/4.0; GTB6.5; .NET CLR 1.1.4322)','2010-09-07 12:32:25'),(30,'202.153.225.69','item_outs','edit','PUT','http://pergudangan.baukpoltek.net/item_outs/edit/2043','/index.php?url=item_outs/edit/2043','Mozilla/4.0 (compatible; MSIE 8.0; Windows NT 5.1; Trident/4.0; GTB6.5; .NET CLR 1.1.4322)','2010-09-07 12:32:51'),(30,'202.153.225.69','item_outs','index','GET','http://pergudangan.baukpoltek.net/item_outs/edit/2043','/index.php?url=item_outs','Mozilla/4.0 (compatible; MSIE 8.0; Windows NT 5.1; Trident/4.0; GTB6.5; .NET CLR 1.1.4322)','2010-09-07 12:32:51'),(30,'202.153.225.69','item_outs','edit','GET','http://pergudangan.baukpoltek.net/item_outs','/index.php?url=item_outs/edit/2044','Mozilla/4.0 (compatible; MSIE 8.0; Windows NT 5.1; Trident/4.0; GTB6.5; .NET CLR 1.1.4322)','2010-09-07 12:32:55'),(30,'202.153.225.69','item_outs','edit','PUT','http://pergudangan.baukpoltek.net/item_outs/edit/2044','/index.php?url=item_outs/edit/2044','Mozilla/4.0 (compatible; MSIE 8.0; Windows NT 5.1; Trident/4.0; GTB6.5; .NET CLR 1.1.4322)','2010-09-07 12:33:02'),(30,'202.153.225.69','item_outs','index','GET','http://pergudangan.baukpoltek.net/item_outs/edit/2044','/index.php?url=item_outs','Mozilla/4.0 (compatible; MSIE 8.0; Windows NT 5.1; Trident/4.0; GTB6.5; .NET CLR 1.1.4322)','2010-09-07 12:33:02'),(30,'202.153.225.69','item_outs','edit','GET','http://pergudangan.baukpoltek.net/item_outs','/index.php?url=item_outs/edit/2045','Mozilla/4.0 (compatible; MSIE 8.0; Windows NT 5.1; Trident/4.0; GTB6.5; .NET CLR 1.1.4322)','2010-09-07 12:33:04'),(30,'202.153.225.69','item_outs','edit','PUT','http://pergudangan.baukpoltek.net/item_outs/edit/2045','/index.php?url=item_outs/edit/2045','Mozilla/4.0 (compatible; MSIE 8.0; Windows NT 5.1; Trident/4.0; GTB6.5; .NET CLR 1.1.4322)','2010-09-07 12:33:12'),(30,'202.153.225.69','item_outs','index','GET','http://pergudangan.baukpoltek.net/item_outs/edit/2045','/index.php?url=item_outs','Mozilla/4.0 (compatible; MSIE 8.0; Windows NT 5.1; Trident/4.0; GTB6.5; .NET CLR 1.1.4322)','2010-09-07 12:33:12'),(30,'202.153.225.69','item_outs','edit','GET','http://pergudangan.baukpoltek.net/item_outs','/index.php?url=item_outs/edit/2046','Mozilla/4.0 (compatible; MSIE 8.0; Windows NT 5.1; Trident/4.0; GTB6.5; .NET CLR 1.1.4322)','2010-09-07 12:33:16'),(30,'202.153.225.69','item_outs','edit','PUT','http://pergudangan.baukpoltek.net/item_outs/edit/2046','/index.php?url=item_outs/edit/2046','Mozilla/4.0 (compatible; MSIE 8.0; Windows NT 5.1; Trident/4.0; GTB6.5; .NET CLR 1.1.4322)','2010-09-07 12:33:26'),(30,'202.153.225.69','item_outs','index','GET','http://pergudangan.baukpoltek.net/item_outs/edit/2046','/index.php?url=item_outs','Mozilla/4.0 (compatible; MSIE 8.0; Windows NT 5.1; Trident/4.0; GTB6.5; .NET CLR 1.1.4322)','2010-09-07 12:33:26'),(30,'202.153.225.69','item_outs','edit','GET','http://pergudangan.baukpoltek.net/item_outs','/index.php?url=item_outs/edit/2047','Mozilla/4.0 (compatible; MSIE 8.0; Windows NT 5.1; Trident/4.0; GTB6.5; .NET CLR 1.1.4322)','2010-09-07 12:33:29'),(30,'202.153.225.69','item_outs','edit','PUT','http://pergudangan.baukpoltek.net/item_outs/edit/2047','/index.php?url=item_outs/edit/2047','Mozilla/4.0 (compatible; MSIE 8.0; Windows NT 5.1; Trident/4.0; GTB6.5; .NET CLR 1.1.4322)','2010-09-07 12:33:36'),(30,'202.153.225.69','item_outs','index','GET','http://pergudangan.baukpoltek.net/item_outs/edit/2047','/index.php?url=item_outs','Mozilla/4.0 (compatible; MSIE 8.0; Windows NT 5.1; Trident/4.0; GTB6.5; .NET CLR 1.1.4322)','2010-09-07 12:33:37'),(30,'202.153.225.69','item_outs','edit','GET','http://pergudangan.baukpoltek.net/item_outs','/index.php?url=item_outs/edit/2048','Mozilla/4.0 (compatible; MSIE 8.0; Windows NT 5.1; Trident/4.0; GTB6.5; .NET CLR 1.1.4322)','2010-09-07 12:33:39'),(30,'202.153.225.69','item_outs','edit','PUT','http://pergudangan.baukpoltek.net/item_outs/edit/2048','/index.php?url=item_outs/edit/2048','Mozilla/4.0 (compatible; MSIE 8.0; Windows NT 5.1; Trident/4.0; GTB6.5; .NET CLR 1.1.4322)','2010-09-07 12:33:47'),(30,'202.153.225.69','item_outs','index','GET','http://pergudangan.baukpoltek.net/item_outs/edit/2048','/index.php?url=item_outs','Mozilla/4.0 (compatible; MSIE 8.0; Windows NT 5.1; Trident/4.0; GTB6.5; .NET CLR 1.1.4322)','2010-09-07 12:33:47'),(30,'202.153.225.69','users','logout','GET','http://pergudangan.baukpoltek.net/item_outs','/index.php?url=users/logout','Mozilla/4.0 (compatible; MSIE 8.0; Windows NT 5.1; Trident/4.0; GTB6.5; .NET CLR 1.1.4322)','2010-09-07 12:38:43'),(17,'202.153.225.69','item_outs','index','GET','http://pergudangan.baukpoltek.net/users/login','/index.php?url=item_outs','Mozilla/4.0 (compatible; MSIE 8.0; Windows NT 5.1; Trident/4.0; GTB6.5; .NET CLR 1.1.4322)','2010-09-07 12:38:58'),(17,'202.153.225.69','item_outs','add','GET','http://pergudangan.baukpoltek.net/item_outs','/index.php?url=item_outs/add','Mozilla/4.0 (compatible; MSIE 8.0; Windows NT 5.1; Trident/4.0; GTB6.5; .NET CLR 1.1.4322)','2010-09-07 12:39:03'),(17,'202.153.225.69','item_outs','getSatuan','GET','http://pergudangan.baukpoltek.net/item_outs/add','/index.php?url=item_outs/getSatuan/26','Mozilla/4.0 (compatible; MSIE 8.0; Windows NT 5.1; Trident/4.0; GTB6.5; .NET CLR 1.1.4322)','2010-09-07 12:39:31'),(17,'202.153.225.69','item_outs','add','POST','http://pergudangan.baukpoltek.net/item_outs/add','/index.php?url=item_outs/add','Mozilla/4.0 (compatible; MSIE 8.0; Windows NT 5.1; Trident/4.0; GTB6.5; .NET CLR 1.1.4322)','2010-09-07 12:39:40'),(17,'202.153.225.69','item_outs','index','GET','http://pergudangan.baukpoltek.net/item_outs/add','/index.php?url=item_outs','Mozilla/4.0 (compatible; MSIE 8.0; Windows NT 5.1; Trident/4.0; GTB6.5; .NET CLR 1.1.4322)','2010-09-07 12:39:40'),(17,'202.153.225.69','item_outs','add','GET','http://pergudangan.baukpoltek.net/item_outs','/index.php?url=item_outs/add','Mozilla/4.0 (compatible; MSIE 8.0; Windows NT 5.1; Trident/4.0; GTB6.5; .NET CLR 1.1.4322)','2010-09-07 12:39:43'),(17,'202.153.225.69','item_outs','getSatuan','GET','http://pergudangan.baukpoltek.net/item_outs/add','/index.php?url=item_outs/getSatuan/70','Mozilla/4.0 (compatible; MSIE 8.0; Windows NT 5.1; Trident/4.0; GTB6.5; .NET CLR 1.1.4322)','2010-09-07 12:40:01'),(17,'202.153.225.69','item_outs','add','POST','http://pergudangan.baukpoltek.net/item_outs/add','/index.php?url=item_outs/add','Mozilla/4.0 (compatible; MSIE 8.0; Windows NT 5.1; Trident/4.0; GTB6.5; .NET CLR 1.1.4322)','2010-09-07 12:40:13'),(17,'202.153.225.69','item_outs','index','GET','http://pergudangan.baukpoltek.net/item_outs/add','/index.php?url=item_outs','Mozilla/4.0 (compatible; MSIE 8.0; Windows NT 5.1; Trident/4.0; GTB6.5; .NET CLR 1.1.4322)','2010-09-07 12:40:14'),(17,'202.153.225.69','item_outs','add','GET','http://pergudangan.baukpoltek.net/item_outs','/index.php?url=item_outs/add','Mozilla/4.0 (compatible; MSIE 8.0; Windows NT 5.1; Trident/4.0; GTB6.5; .NET CLR 1.1.4322)','2010-09-07 12:40:23'),(17,'202.153.225.69','item_outs','getSatuan','GET','http://pergudangan.baukpoltek.net/item_outs/add','/index.php?url=item_outs/getSatuan/34','Mozilla/4.0 (compatible; MSIE 8.0; Windows NT 5.1; Trident/4.0; GTB6.5; .NET CLR 1.1.4322)','2010-09-07 12:40:39'),(17,'202.153.225.69','item_outs','add','POST','http://pergudangan.baukpoltek.net/item_outs/add','/index.php?url=item_outs/add','Mozilla/4.0 (compatible; MSIE 8.0; Windows NT 5.1; Trident/4.0; GTB6.5; .NET CLR 1.1.4322)','2010-09-07 12:40:46'),(17,'202.153.225.69','item_outs','index','GET','http://pergudangan.baukpoltek.net/item_outs/add','/index.php?url=item_outs','Mozilla/4.0 (compatible; MSIE 8.0; Windows NT 5.1; Trident/4.0; GTB6.5; .NET CLR 1.1.4322)','2010-09-07 12:40:46'),(17,'202.153.225.69','item_outs','add','GET','http://pergudangan.baukpoltek.net/item_outs','/index.php?url=item_outs/add','Mozilla/4.0 (compatible; MSIE 8.0; Windows NT 5.1; Trident/4.0; GTB6.5; .NET CLR 1.1.4322)','2010-09-07 12:40:52'),(17,'202.153.225.69','item_outs','getSatuan','GET','http://pergudangan.baukpoltek.net/item_outs/add','/index.php?url=item_outs/getSatuan/32','Mozilla/4.0 (compatible; MSIE 8.0; Windows NT 5.1; Trident/4.0; GTB6.5; .NET CLR 1.1.4322)','2010-09-07 12:41:00'),(17,'202.153.225.69','item_outs','add','POST','http://pergudangan.baukpoltek.net/item_outs/add','/index.php?url=item_outs/add','Mozilla/4.0 (compatible; MSIE 8.0; Windows NT 5.1; Trident/4.0; GTB6.5; .NET CLR 1.1.4322)','2010-09-07 12:41:06'),(17,'202.153.225.69','item_outs','index','GET','http://pergudangan.baukpoltek.net/item_outs/add','/index.php?url=item_outs','Mozilla/4.0 (compatible; MSIE 8.0; Windows NT 5.1; Trident/4.0; GTB6.5; .NET CLR 1.1.4322)','2010-09-07 12:41:07'),(17,'202.153.225.69','item_outs','add','GET','http://pergudangan.baukpoltek.net/item_outs','/index.php?url=item_outs/add','Mozilla/4.0 (compatible; MSIE 8.0; Windows NT 5.1; Trident/4.0; GTB6.5; .NET CLR 1.1.4322)','2010-09-07 12:41:11'),(17,'202.153.225.69','item_outs','getSatuan','GET','http://pergudangan.baukpoltek.net/item_outs/add','/index.php?url=item_outs/getSatuan/17','Mozilla/4.0 (compatible; MSIE 8.0; Windows NT 5.1; Trident/4.0; GTB6.5; .NET CLR 1.1.4322)','2010-09-07 12:41:32'),(17,'202.153.225.69','item_outs','add','POST','http://pergudangan.baukpoltek.net/item_outs/add','/index.php?url=item_outs/add','Mozilla/4.0 (compatible; MSIE 8.0; Windows NT 5.1; Trident/4.0; GTB6.5; .NET CLR 1.1.4322)','2010-09-07 12:41:40'),(17,'202.153.225.69','item_outs','index','GET','http://pergudangan.baukpoltek.net/item_outs/add','/index.php?url=item_outs','Mozilla/4.0 (compatible; MSIE 8.0; Windows NT 5.1; Trident/4.0; GTB6.5; .NET CLR 1.1.4322)','2010-09-07 12:41:41'),(17,'202.153.225.69','item_outs','add','GET','http://pergudangan.baukpoltek.net/item_outs','/index.php?url=item_outs/add','Mozilla/4.0 (compatible; MSIE 8.0; Windows NT 5.1; Trident/4.0; GTB6.5; .NET CLR 1.1.4322)','2010-09-07 12:41:52'),(17,'202.153.225.69','item_outs','getSatuan','GET','http://pergudangan.baukpoltek.net/item_outs/add','/index.php?url=item_outs/getSatuan/73','Mozilla/4.0 (compatible; MSIE 8.0; Windows NT 5.1; Trident/4.0; GTB6.5; .NET CLR 1.1.4322)','2010-09-07 12:42:01'),(17,'202.153.225.69','item_outs','add','POST','http://pergudangan.baukpoltek.net/item_outs/add','/index.php?url=item_outs/add','Mozilla/4.0 (compatible; MSIE 8.0; Windows NT 5.1; Trident/4.0; GTB6.5; .NET CLR 1.1.4322)','2010-09-07 12:42:07'),(17,'202.153.225.69','item_outs','index','GET','http://pergudangan.baukpoltek.net/item_outs/add','/index.php?url=item_outs','Mozilla/4.0 (compatible; MSIE 8.0; Windows NT 5.1; Trident/4.0; GTB6.5; .NET CLR 1.1.4322)','2010-09-07 12:42:08'),(17,'202.153.225.69','item_outs','add','GET','http://pergudangan.baukpoltek.net/item_outs','/index.php?url=item_outs/add','Mozilla/4.0 (compatible; MSIE 8.0; Windows NT 5.1; Trident/4.0; GTB6.5; .NET CLR 1.1.4322)','2010-09-07 12:42:13'),(17,'202.153.225.69','item_outs','getSatuan','GET','http://pergudangan.baukpoltek.net/item_outs/add','/index.php?url=item_outs/getSatuan/196','Mozilla/4.0 (compatible; MSIE 8.0; Windows NT 5.1; Trident/4.0; GTB6.5; .NET CLR 1.1.4322)','2010-09-07 12:42:25'),(17,'202.153.225.69','item_outs','add','POST','http://pergudangan.baukpoltek.net/item_outs/add','/index.php?url=item_outs/add','Mozilla/4.0 (compatible; MSIE 8.0; Windows NT 5.1; Trident/4.0; GTB6.5; .NET CLR 1.1.4322)','2010-09-07 12:42:33'),(17,'202.153.225.69','item_outs','index','GET','http://pergudangan.baukpoltek.net/item_outs/add','/index.php?url=item_outs','Mozilla/4.0 (compatible; MSIE 8.0; Windows NT 5.1; Trident/4.0; GTB6.5; .NET CLR 1.1.4322)','2010-09-07 12:42:33'),(17,'202.153.225.69','item_outs','add','GET','http://pergudangan.baukpoltek.net/item_outs','/index.php?url=item_outs/add','Mozilla/4.0 (compatible; MSIE 8.0; Windows NT 5.1; Trident/4.0; GTB6.5; .NET CLR 1.1.4322)','2010-09-07 12:42:36'),(17,'202.153.225.69','item_outs','getSatuan','GET','http://pergudangan.baukpoltek.net/item_outs/add','/index.php?url=item_outs/getSatuan/37','Mozilla/4.0 (compatible; MSIE 8.0; Windows NT 5.1; Trident/4.0; GTB6.5; .NET CLR 1.1.4322)','2010-09-07 12:42:47'),(17,'202.153.225.69','item_outs','add','POST','http://pergudangan.baukpoltek.net/item_outs/add','/index.php?url=item_outs/add','Mozilla/4.0 (compatible; MSIE 8.0; Windows NT 5.1; Trident/4.0; GTB6.5; .NET CLR 1.1.4322)','2010-09-07 12:42:57'),(30,'202.153.225.69','pages','display','GET','http://pergudangan.baukpoltek.net/users/login','/','Mozilla/4.0 (compatible; MSIE 8.0; Windows NT 5.1; Trident/4.0; GTB6.5; .NET CLR 1.1.4322)','2010-09-07 11:48:28'),(30,'202.153.225.69','item_outs','index','GET','http://pergudangan.baukpoltek.net/','/index.php?url=item_outs&ajax=1','Mozilla/4.0 (compatible; MSIE 8.0; Windows NT 5.1; Trident/4.0; GTB6.5; .NET CLR 1.1.4322)','2010-09-07 11:48:33'),(1,'125.160.233.212','items','view_zero_stocks','GET','http://pergudangan.baukpoltek.net/reports/stocks_per_role_id','/index.php?url=items/view_zero_stocks','Mozilla/5.0 (X11; U; Linux i686; en-US; rv:1.9.2.9) Gecko/20100825 Ubuntu/10.04 (lucid) Firefox/3.6.9','2010-09-18 23:42:00'),(1,'125.160.233.212','menus','index','GET','http://pergudangan.baukpoltek.net/items/view_zero_stocks','/index.php?url=menus','Mozilla/5.0 (X11; U; Linux i686; en-US; rv:1.9.2.9) Gecko/20100825 Ubuntu/10.04 (lucid) Firefox/3.6.9','2010-09-18 23:42:28'),(1,'125.160.233.212','menus','edit','GET','http://pergudangan.baukpoltek.net/menus','/index.php?url=menus/edit/29','Mozilla/5.0 (X11; U; Linux i686; en-US; rv:1.9.2.9) Gecko/20100825 Ubuntu/10.04 (lucid) Firefox/3.6.9','2010-09-18 23:42:38'),(1,'125.160.233.212','menus','edit','POST','http://pergudangan.baukpoltek.net/menus/edit/29','/index.php?url=menus/edit/29','Mozilla/5.0 (X11; U; Linux i686; en-US; rv:1.9.2.9) Gecko/20100825 Ubuntu/10.04 (lucid) Firefox/3.6.9','2010-09-18 23:42:43'),(1,'125.160.233.212','menus','index','GET','http://pergudangan.baukpoltek.net/menus/edit/29','/index.php?url=menus','Mozilla/5.0 (X11; U; Linux i686; en-US; rv:1.9.2.9) Gecko/20100825 Ubuntu/10.04 (lucid) Firefox/3.6.9','2010-09-18 23:42:44'),(1,'125.160.233.212','menus','edit','GET','http://pergudangan.baukpoltek.net/menus','/index.php?url=menus/edit/25','Mozilla/5.0 (X11; U; Linux i686; en-US; rv:1.9.2.9) Gecko/20100825 Ubuntu/10.04 (lucid) Firefox/3.6.9','2010-09-18 23:42:59'),(1,'125.160.233.212','menus','edit','POST','http://pergudangan.baukpoltek.net/menus/edit/25','/index.php?url=menus/edit/25','Mozilla/5.0 (X11; U; Linux i686; en-US; rv:1.9.2.9) Gecko/20100825 Ubuntu/10.04 (lucid) Firefox/3.6.9','2010-09-18 23:43:06'),(1,'125.160.233.212','menus','index','GET','http://pergudangan.baukpoltek.net/menus/edit/25','/index.php?url=menus','Mozilla/5.0 (X11; U; Linux i686; en-US; rv:1.9.2.9) Gecko/20100825 Ubuntu/10.04 (lucid) Firefox/3.6.9','2010-09-18 23:43:06'),(1,'125.160.233.212','menus','edit','GET','http://pergudangan.baukpoltek.net/menus','/index.php?url=menus/edit/26','Mozilla/5.0 (X11; U; Linux i686; en-US; rv:1.9.2.9) Gecko/20100825 Ubuntu/10.04 (lucid) Firefox/3.6.9','2010-09-18 23:43:43'),(1,'125.160.233.212','menus','edit','POST','http://pergudangan.baukpoltek.net/menus/edit/26','/index.php?url=menus/edit/26','Mozilla/5.0 (X11; U; Linux i686; en-US; rv:1.9.2.9) Gecko/20100825 Ubuntu/10.04 (lucid) Firefox/3.6.9','2010-09-18 23:43:53'),(1,'125.160.233.212','menus','index','GET','http://pergudangan.baukpoltek.net/menus/edit/26','/index.php?url=menus','Mozilla/5.0 (X11; U; Linux i686; en-US; rv:1.9.2.9) Gecko/20100825 Ubuntu/10.04 (lucid) Firefox/3.6.9','2010-09-18 23:43:54'),(3,'125.161.150.63','reports','index','GET','http://pergudangan.baukpoltek.net/','/index.php?url=reports/&ajax=1','Mozilla/5.0 (Windows; U; Windows NT 5.1; en-US; rv:1.9.1.11) Gecko/20100701 Firefox/3.5.11','2010-09-15 21:35:37'),(3,'125.161.150.63','reports','stocks','GET','http://pergudangan.baukpoltek.net/','/index.php?url=reports/stocks','Mozilla/5.0 (Windows; U; Windows NT 5.1; en-US; rv:1.9.1.11) Gecko/20100701 Firefox/3.5.11','2010-09-15 21:35:41'),(3,'125.161.150.63','users','login','GET','http://pergudangan.baukpoltek.net/groups','/index.php?url=users/login','Mozilla/5.0 (Windows; U; Windows NT 5.1; en-US; rv:1.9.1.11) Gecko/20100701 Firefox/3.5.11','2010-09-15 21:36:06'),(3,'125.161.150.63','groups','index','GET','http://pergudangan.baukpoltek.net/groups','/index.php?url=groups','Mozilla/5.0 (Windows; U; Windows NT 5.1; en-US; rv:1.9.1.11) Gecko/20100701 Firefox/3.5.11','2010-09-15 21:36:07'),(3,'125.161.150.63','groups','index','GET','http://pergudangan.baukpoltek.net/groups','/index.php?url=groups','Mozilla/5.0 (Windows; U; Windows NT 5.1; en-US; rv:1.9.1.11) Gecko/20100701 Firefox/3.5.11','2010-09-15 21:36:07'),(3,'125.161.150.63','groups','index','GET','http://pergudangan.baukpoltek.net/groups','/index.php?url=groups','Mozilla/5.0 (Windows; U; Windows NT 5.1; en-US; rv:1.9.1.11) Gecko/20100701 Firefox/3.5.11','2010-09-15 21:36:07'),(3,'125.161.150.63','groups','index','GET','http://pergudangan.baukpoltek.net/groups','/index.php?url=groups','Mozilla/5.0 (Windows; U; Windows NT 5.1; en-US; rv:1.9.1.11) Gecko/20100701 Firefox/3.5.11','2010-09-15 21:36:08'),(3,'125.161.150.63','groups','index','GET','http://pergudangan.baukpoltek.net/groups','/index.php?url=groups','Mozilla/5.0 (Windows; U; Windows NT 5.1; en-US; rv:1.9.1.11) Gecko/20100701 Firefox/3.5.11','2010-09-15 21:36:08'),(3,'125.161.150.63','groups','index','GET','http://pergudangan.baukpoltek.net/groups','/index.php?url=groups','Mozilla/5.0 (Windows; U; Windows NT 5.1; en-US; rv:1.9.1.11) Gecko/20100701 Firefox/3.5.11','2010-09-15 21:36:08'),(3,'125.161.150.63','groups','index','GET','http://pergudangan.baukpoltek.net/groups','/index.php?url=groups','Mozilla/5.0 (Windows; U; Windows NT 5.1; en-US; rv:1.9.1.11) Gecko/20100701 Firefox/3.5.11','2010-09-15 21:36:09'),(3,'125.161.150.63','groups','index','GET','http://pergudangan.baukpoltek.net/groups','/index.php?url=groups','Mozilla/5.0 (Windows; U; Windows NT 5.1; en-US; rv:1.9.1.11) Gecko/20100701 Firefox/3.5.11','2010-09-15 21:36:09'),(3,'125.161.150.63','groups','index','GET','http://pergudangan.baukpoltek.net/groups','/index.php?url=groups','Mozilla/5.0 (Windows; U; Windows NT 5.1; en-US; rv:1.9.1.11) Gecko/20100701 Firefox/3.5.11','2010-09-15 21:36:09'),(3,'125.161.150.63','groups','index','GET','http://pergudangan.baukpoltek.net/groups','/index.php?url=groups','Mozilla/5.0 (Windows; U; Windows NT 5.1; en-US; rv:1.9.1.11) Gecko/20100701 Firefox/3.5.11','2010-09-15 21:36:10'),(3,'125.161.150.63','groups','index','GET','http://pergudangan.baukpoltek.net/groups','/index.php?url=groups','Mozilla/5.0 (Windows; U; Windows NT 5.1; en-US; rv:1.9.1.11) Gecko/20100701 Firefox/3.5.11','2010-09-15 21:36:10'),(3,'125.161.150.63','groups','index','GET','http://pergudangan.baukpoltek.net/groups','/index.php?url=groups','Mozilla/5.0 (Windows; U; Windows NT 5.1; en-US; rv:1.9.1.11) Gecko/20100701 Firefox/3.5.11','2010-09-15 21:36:10'),(3,'125.161.150.63','groups','index','GET','http://pergudangan.baukpoltek.net/groups','/index.php?url=groups','Mozilla/5.0 (Windows; U; Windows NT 5.1; en-US; rv:1.9.1.11) Gecko/20100701 Firefox/3.5.11','2010-09-15 21:36:11'),(3,'125.161.150.63','groups','index','GET','http://pergudangan.baukpoltek.net/groups','/index.php?url=groups','Mozilla/5.0 (Windows; U; Windows NT 5.1; en-US; rv:1.9.1.11) Gecko/20100701 Firefox/3.5.11','2010-09-15 21:36:11'),(3,'125.161.150.63','groups','index','GET','http://pergudangan.baukpoltek.net/groups','/index.php?url=groups','Mozilla/5.0 (Windows; U; Windows NT 5.1; en-US; rv:1.9.1.11) Gecko/20100701 Firefox/3.5.11','2010-09-15 21:36:11'),(3,'125.161.150.63','groups','index','GET','http://pergudangan.baukpoltek.net/groups','/index.php?url=groups','Mozilla/5.0 (Windows; U; Windows NT 5.1; en-US; rv:1.9.1.11) Gecko/20100701 Firefox/3.5.11','2010-09-15 21:36:12'),(3,'125.161.150.63','groups','index','GET','http://pergudangan.baukpoltek.net/groups','/index.php?url=groups','Mozilla/5.0 (Windows; U; Windows NT 5.1; en-US; rv:1.9.1.11) Gecko/20100701 Firefox/3.5.11','2010-09-15 21:36:12'),(3,'125.161.150.63','groups','index','GET','http://pergudangan.baukpoltek.net/groups','/index.php?url=groups','Mozilla/5.0 (Windows; U; Windows NT 5.1; en-US; rv:1.9.1.11) Gecko/20100701 Firefox/3.5.11','2010-09-15 21:36:12'),(3,'125.161.150.63','groups','index','GET','http://pergudangan.baukpoltek.net/groups','/index.php?url=groups','Mozilla/5.0 (Windows; U; Windows NT 5.1; en-US; rv:1.9.1.11) Gecko/20100701 Firefox/3.5.11','2010-09-15 21:36:13'),(3,'125.161.150.63','groups','index','GET','http://pergudangan.baukpoltek.net/groups','/index.php?url=groups','Mozilla/5.0 (Windows; U; Windows NT 5.1; en-US; rv:1.9.1.11) Gecko/20100701 Firefox/3.5.11','2010-09-15 21:36:13'),(1,'125.161.150.63','pages','display','GET','http://pergudangan.baukpoltek.net/users/login','/','Mozilla/5.0 (Windows; U; Windows NT 5.1; en-US; rv:1.9.1.11) Gecko/20100701 Firefox/3.5.11','2010-09-16 08:40:37'),(1,'125.161.150.63','items','view_zero_stocks','GET','http://pergudangan.baukpoltek.net/','/index.php?url=items/view_zero_stocks&ajax=1','Mozilla/5.0 (Windows; U; Windows NT 5.1; en-US; rv:1.9.1.11) Gecko/20100701 Firefox/3.5.11','2010-09-16 08:40:51'),(1,'125.161.150.63','pages','display','GET','http://pergudangan.baukpoltek.net/users/login','/','Mozilla/5.0 (Windows; U; Windows NT 5.1; en-US; rv:1.9.1.11) Gecko/20100701 Firefox/3.5.11','2010-09-16 09:30:20'),(1,'125.161.150.63','items','view_zero_stocks','GET','http://pergudangan.baukpoltek.net/','/index.php?url=items/view_zero_stocks&ajax=1','Mozilla/5.0 (Windows; U; Windows NT 5.1; en-US; rv:1.9.1.11) Gecko/20100701 Firefox/3.5.11','2010-09-16 09:30:24'),(1,'125.161.150.63','items','view_stocks','GET','http://pergudangan.baukpoltek.net/','/index.php?url=items/view_stocks&ajax=1','Mozilla/5.0 (Windows; U; Windows NT 5.1; en-US; rv:1.9.1.11) Gecko/20100701 Firefox/3.5.11','2010-09-16 09:30:37'),(1,'125.161.150.63','items','view_zero_stocks','GET','http://pergudangan.baukpoltek.net/','/index.php?url=items/view_zero_stocks&ajax=1','Mozilla/5.0 (Windows; U; Windows NT 5.1; en-US; rv:1.9.1.11) Gecko/20100701 Firefox/3.5.11','2010-09-16 09:30:51'),(1,'125.161.150.63','items','view_zero_stocks','GET','http://pergudangan.baukpoltek.net/','/index.php?url=items/view_zero_stocks&ajax=1','Mozilla/5.0 (Windows; U; Windows NT 5.1; en-US; rv:1.9.1.11) Gecko/20100701 Firefox/3.5.11','2010-09-16 09:30:53'),(30,'202.153.225.69','pages','display','GET','http://pergudangan.baukpoltek.net/users/login','/','Mozilla/4.0 (compatible; MSIE 8.0; Windows NT 5.1; Trident/4.0; GTB6.5; .NET CLR 1.1.4322)','2010-09-16 12:15:41'),(30,'202.153.225.69','reports','index','GET','http://pergudangan.baukpoltek.net/','/index.php?url=reports/&ajax=1','Mozilla/4.0 (compatible; MSIE 8.0; Windows NT 5.1; Trident/4.0; GTB6.5; .NET CLR 1.1.4322)','2010-09-16 12:15:48'),(30,'202.153.225.69','reports','stocks','GET','http://pergudangan.baukpoltek.net/','/index.php?url=reports/stocks','Mozilla/4.0 (compatible; MSIE 8.0; Windows NT 5.1; Trident/4.0; GTB6.5; .NET CLR 1.1.4322)','2010-09-16 12:15:55'),(30,'202.153.225.69','item_ins','index','GET','http://pergudangan.baukpoltek.net/','/index.php?url=item_ins&ajax=1','Mozilla/4.0 (compatible; MSIE 8.0; Windows NT 5.1; Trident/4.0; GTB6.5; .NET CLR 1.1.4322)','2010-09-16 12:20:24'),(30,'202.153.225.69','users','login','POST','http://pergudangan.baukpoltek.net/users/login','/index.php?url=users/login','Mozilla/4.0 (compatible; MSIE 8.0; Windows NT 5.1; Trident/4.0; GTB6.5; .NET CLR 1.1.4322)','2010-09-16 12:20:49'),(62,'202.153.225.69','users','login','GET','http://pergudangan.baukpoltek.net/users/login','/index.php?url=users/login','Mozilla/4.0 (compatible; MSIE 8.0; Windows NT 5.1; Trident/4.0; GTB6.5; .NET CLR 1.1.4322)','2010-09-16 12:20:49'),(62,'202.153.225.69','pages','display','GET','http://pergudangan.baukpoltek.net/users/login','/','Mozilla/4.0 (compatible; MSIE 8.0; Windows NT 5.1; Trident/4.0; GTB6.5; .NET CLR 1.1.4322)','2010-09-16 12:20:50'),(62,'202.153.225.69','item_outs','index','GET','http://pergudangan.baukpoltek.net/','/index.php?url=item_outs&ajax=1','Mozilla/4.0 (compatible; MSIE 8.0; Windows NT 5.1; Trident/4.0; GTB6.5; .NET CLR 1.1.4322)','2010-09-16 12:20:53'),(62,'202.153.225.69','item_outs','index','GET','http://pergudangan.baukpoltek.net/','/index.php?url=item_outs/index/page:6&ajax=1','Mozilla/4.0 (compatible; MSIE 8.0; Windows NT 5.1; Trident/4.0; GTB6.5; .NET CLR 1.1.4322)','2010-09-16 12:21:10'),(62,'202.153.225.69','pages','display','GET','http://pergudangan.baukpoltek.net/users/login','/','Mozilla/4.0 (compatible; MSIE 8.0; Windows NT 5.1; Trident/4.0; GTB6.5; .NET CLR 1.1.4322)','2010-09-16 12:21:54'),(62,'202.153.225.69','item_outs','index','GET','http://pergudangan.baukpoltek.net/','/index.php?url=item_outs/index/page:2&ajax=1','Mozilla/4.0 (compatible; MSIE 8.0; Windows NT 5.1; Trident/4.0; GTB6.5; .NET CLR 1.1.4322)','2010-09-16 12:22:09'),(62,'202.153.225.69','item_outs','add','GET','http://pergudangan.baukpoltek.net/','/index.php?url=item_outs/add','Mozilla/4.0 (compatible; MSIE 8.0; Windows NT 5.1; Trident/4.0; GTB6.5; .NET CLR 1.1.4322)','2010-09-16 12:22:11'),(62,'202.153.225.69','item_outs','getSatuan','GET','http://pergudangan.baukpoltek.net/item_outs/add','/index.php?url=item_outs/getSatuan/154','Mozilla/4.0 (compatible; MSIE 8.0; Windows NT 5.1; Trident/4.0; GTB6.5; .NET CLR 1.1.4322)','2010-09-16 12:22:40'),(62,'202.153.225.69','item_outs','add','POST','http://pergudangan.baukpoltek.net/item_outs/add','/index.php?url=item_outs/add','Mozilla/4.0 (compatible; MSIE 8.0; Windows NT 5.1; Trident/4.0; GTB6.5; .NET CLR 1.1.4322)','2010-09-16 12:22:53'),(62,'202.153.225.69','item_outs','index','GET','http://pergudangan.baukpoltek.net/item_outs/add','/index.php?url=item_outs','Mozilla/4.0 (compatible; MSIE 8.0; Windows NT 5.1; Trident/4.0; GTB6.5; .NET CLR 1.1.4322)','2010-09-16 12:22:53'),(62,'202.153.225.69','item_outs','add','GET','http://pergudangan.baukpoltek.net/item_outs','/index.php?url=item_outs/add','Mozilla/4.0 (compatible; MSIE 8.0; Windows NT 5.1; Trident/4.0; GTB6.5; .NET CLR 1.1.4322)','2010-09-16 12:22:57'),(62,'202.153.225.69','item_outs','getSatuan','GET','http://pergudangan.baukpoltek.net/item_outs/add','/index.php?url=item_outs/getSatuan/152','Mozilla/4.0 (compatible; MSIE 8.0; Windows NT 5.1; Trident/4.0; GTB6.5; .NET CLR 1.1.4322)','2010-09-16 12:23:20'),(62,'202.153.225.69','item_outs','add','POST','http://pergudangan.baukpoltek.net/item_outs/add','/index.php?url=item_outs/add','Mozilla/4.0 (compatible; MSIE 8.0; Windows NT 5.1; Trident/4.0; GTB6.5; .NET CLR 1.1.4322)','2010-09-16 12:23:39'),(62,'202.153.225.69','item_outs','index','GET','http://pergudangan.baukpoltek.net/item_outs/add','/index.php?url=item_outs','Mozilla/4.0 (compatible; MSIE 8.0; Windows NT 5.1; Trident/4.0; GTB6.5; .NET CLR 1.1.4322)','2010-09-16 12:23:39'),(62,'202.153.225.69','item_outs','add','GET','http://pergudangan.baukpoltek.net/item_outs','/index.php?url=item_outs/add','Mozilla/4.0 (compatible; MSIE 8.0; Windows NT 5.1; Trident/4.0; GTB6.5; .NET CLR 1.1.4322)','2010-09-16 12:23:42'),(62,'202.153.225.69','item_outs','getSatuan','GET','http://pergudangan.baukpoltek.net/item_outs/add','/index.php?url=item_outs/getSatuan/306','Mozilla/4.0 (compatible; MSIE 8.0; Windows NT 5.1; Trident/4.0; GTB6.5; .NET CLR 1.1.4322)','2010-09-16 12:24:06'),(62,'202.153.225.69','item_outs','add','POST','http://pergudangan.baukpoltek.net/item_outs/add','/index.php?url=item_outs/add','Mozilla/4.0 (compatible; MSIE 8.0; Windows NT 5.1; Trident/4.0; GTB6.5; .NET CLR 1.1.4322)','2010-09-16 12:24:17'),(62,'202.153.225.69','item_outs','index','GET','http://pergudangan.baukpoltek.net/item_outs/add','/index.php?url=item_outs','Mozilla/4.0 (compatible; MSIE 8.0; Windows NT 5.1; Trident/4.0; GTB6.5; .NET CLR 1.1.4322)','2010-09-16 12:24:17'),(62,'202.153.225.69','item_outs','add','GET','http://pergudangan.baukpoltek.net/item_outs','/index.php?url=item_outs/add','Mozilla/4.0 (compatible; MSIE 8.0; Windows NT 5.1; Trident/4.0; GTB6.5; .NET CLR 1.1.4322)','2010-09-16 12:24:19'),(62,'202.153.225.69','item_outs','getSatuan','GET','http://pergudangan.baukpoltek.net/item_outs/add','/index.php?url=item_outs/getSatuan/250','Mozilla/4.0 (compatible; MSIE 8.0; Windows NT 5.1; Trident/4.0; GTB6.5; .NET CLR 1.1.4322)','2010-09-16 12:24:34'),(62,'202.153.225.69','items','view_stocks','GET','http://pergudangan.baukpoltek.net/item_outs/add','/index.php?url=items/view_stocks&ajax=1','Mozilla/4.0 (compatible; MSIE 8.0; Windows NT 5.1; Trident/4.0; GTB6.5; .NET CLR 1.1.4322)','2010-09-16 12:24:46'),(62,'202.153.225.69','item_outs','add','GET','http://pergudangan.baukpoltek.net/item_outs','/index.php?url=item_outs/add','Mozilla/4.0 (compatible; MSIE 8.0; Windows NT 5.1; Trident/4.0; GTB6.5; .NET CLR 1.1.4322)','2010-09-16 12:25:19'),(62,'202.153.225.69','item_outs','getSatuan','GET','http://pergudangan.baukpoltek.net/item_outs/add','/index.php?url=item_outs/getSatuan/300','Mozilla/4.0 (compatible; MSIE 8.0; Windows NT 5.1; Trident/4.0; GTB6.5; .NET CLR 1.1.4322)','2010-09-16 12:25:24'),(62,'202.153.225.69','item_outs','getSatuan','GET','http://pergudangan.baukpoltek.net/item_outs/add','/index.php?url=item_outs/getSatuan/186','Mozilla/4.0 (compatible; MSIE 8.0; Windows NT 5.1; Trident/4.0; GTB6.5; .NET CLR 1.1.4322)','2010-09-16 12:25:38'),(62,'202.153.225.69','item_outs','add','POST','http://pergudangan.baukpoltek.net/item_outs/add','/index.php?url=item_outs/add','Mozilla/4.0 (compatible; MSIE 8.0; Windows NT 5.1; Trident/4.0; GTB6.5; .NET CLR 1.1.4322)','2010-09-16 12:25:57'),(62,'202.153.225.69','item_outs','index','GET','http://pergudangan.baukpoltek.net/item_outs/add','/index.php?url=item_outs','Mozilla/4.0 (compatible; MSIE 8.0; Windows NT 5.1; Trident/4.0; GTB6.5; .NET CLR 1.1.4322)','2010-09-16 12:25:58'),(62,'202.153.225.69','item_outs','add','GET','http://pergudangan.baukpoltek.net/item_outs','/index.php?url=item_outs/add','Mozilla/4.0 (compatible; MSIE 8.0; Windows NT 5.1; Trident/4.0; GTB6.5; .NET CLR 1.1.4322)','2010-09-16 12:26:11'),(62,'202.153.225.69','item_outs','getSatuan','GET','http://pergudangan.baukpoltek.net/item_outs/add','/index.php?url=item_outs/getSatuan/233','Mozilla/4.0 (compatible; MSIE 8.0; Windows NT 5.1; Trident/4.0; GTB6.5; .NET CLR 1.1.4322)','2010-09-16 12:26:44'),(62,'202.153.225.69','item_outs','add','POST','http://pergudangan.baukpoltek.net/item_outs/add','/index.php?url=item_outs/add','Mozilla/4.0 (compatible; MSIE 8.0; Windows NT 5.1; Trident/4.0; GTB6.5; .NET CLR 1.1.4322)','2010-09-16 12:26:57'),(62,'202.153.225.69','item_outs','index','GET','http://pergudangan.baukpoltek.net/item_outs/add','/index.php?url=item_outs','Mozilla/4.0 (compatible; MSIE 8.0; Windows NT 5.1; Trident/4.0; GTB6.5; .NET CLR 1.1.4322)','2010-09-16 12:26:57'),(62,'202.153.225.69','item_outs','add','GET','http://pergudangan.baukpoltek.net/item_outs','/index.php?url=item_outs/add','Mozilla/4.0 (compatible; MSIE 8.0; Windows NT 5.1; Trident/4.0; GTB6.5; .NET CLR 1.1.4322)','2010-09-16 12:27:00'),(62,'202.153.225.69','item_outs','getSatuan','GET','http://pergudangan.baukpoltek.net/item_outs/add','/index.php?url=item_outs/getSatuan/166','Mozilla/4.0 (compatible; MSIE 8.0; Windows NT 5.1; Trident/4.0; GTB6.5; .NET CLR 1.1.4322)','2010-09-16 12:27:18'),(62,'202.153.225.69','item_outs','add','POST','http://pergudangan.baukpoltek.net/item_outs/add','/index.php?url=item_outs/add','Mozilla/4.0 (compatible; MSIE 8.0; Windows NT 5.1; Trident/4.0; GTB6.5; .NET CLR 1.1.4322)','2010-09-16 12:27:24'),(62,'202.153.225.69','item_outs','index','GET','http://pergudangan.baukpoltek.net/item_outs/add','/index.php?url=item_outs','Mozilla/4.0 (compatible; MSIE 8.0; Windows NT 5.1; Trident/4.0; GTB6.5; .NET CLR 1.1.4322)','2010-09-16 12:27:25'),(62,'202.153.225.69','item_outs','add','GET','http://pergudangan.baukpoltek.net/item_outs','/index.php?url=item_outs/add','Mozilla/4.0 (compatible; MSIE 8.0; Windows NT 5.1; Trident/4.0; GTB6.5; .NET CLR 1.1.4322)','2010-09-16 12:27:27'),(62,'202.153.225.69','item_outs','getSatuan','GET','http://pergudangan.baukpoltek.net/item_outs/add','/index.php?url=item_outs/getSatuan/173','Mozilla/4.0 (compatible; MSIE 8.0; Windows NT 5.1; Trident/4.0; GTB6.5; .NET CLR 1.1.4322)','2010-09-16 12:27:43'),(62,'202.153.225.69','item_outs','add','POST','http://pergudangan.baukpoltek.net/item_outs/add','/index.php?url=item_outs/add','Mozilla/4.0 (compatible; MSIE 8.0; Windows NT 5.1; Trident/4.0; GTB6.5; .NET CLR 1.1.4322)','2010-09-16 12:27:54'),(62,'202.153.225.69','item_outs','index','GET','http://pergudangan.baukpoltek.net/item_outs/add','/index.php?url=item_outs','Mozilla/4.0 (compatible; MSIE 8.0; Windows NT 5.1; Trident/4.0; GTB6.5; .NET CLR 1.1.4322)','2010-09-16 12:27:54'),(62,'202.153.225.69','item_outs','add','GET','http://pergudangan.baukpoltek.net/item_outs','/index.php?url=item_outs/add','Mozilla/4.0 (compatible; MSIE 8.0; Windows NT 5.1; Trident/4.0; GTB6.5; .NET CLR 1.1.4322)','2010-09-16 12:27:57'),(62,'202.153.225.69','item_outs','getSatuan','GET','http://pergudangan.baukpoltek.net/item_outs/add','/index.php?url=item_outs/getSatuan/171','Mozilla/4.0 (compatible; MSIE 8.0; Windows NT 5.1; Trident/4.0; GTB6.5; .NET CLR 1.1.4322)','2010-09-16 12:28:11'),(62,'202.153.225.69','item_outs','add','POST','http://pergudangan.baukpoltek.net/item_outs/add','/index.php?url=item_outs/add','Mozilla/4.0 (compatible; MSIE 8.0; Windows NT 5.1; Trident/4.0; GTB6.5; .NET CLR 1.1.4322)','2010-09-16 12:28:20'),(62,'202.153.225.69','item_outs','index','GET','http://pergudangan.baukpoltek.net/item_outs/add','/index.php?url=item_outs','Mozilla/4.0 (compatible; MSIE 8.0; Windows NT 5.1; Trident/4.0; GTB6.5; .NET CLR 1.1.4322)','2010-09-16 12:28:20'),(62,'202.153.225.69','item_outs','add','GET','http://pergudangan.baukpoltek.net/item_outs','/index.php?url=item_outs/add','Mozilla/4.0 (compatible; MSIE 8.0; Windows NT 5.1; Trident/4.0; GTB6.5; .NET CLR 1.1.4322)','2010-09-16 12:28:22'),(62,'202.153.225.69','item_outs','getSatuan','GET','http://pergudangan.baukpoltek.net/item_outs/add','/index.php?url=item_outs/getSatuan/344','Mozilla/4.0 (compatible; MSIE 8.0; Windows NT 5.1; Trident/4.0; GTB6.5; .NET CLR 1.1.4322)','2010-09-16 12:28:47'),(62,'202.153.225.69','item_outs','add','POST','http://pergudangan.baukpoltek.net/item_outs/add','/index.php?url=item_outs/add','Mozilla/4.0 (compatible; MSIE 8.0; Windows NT 5.1; Trident/4.0; GTB6.5; .NET CLR 1.1.4322)','2010-09-16 12:28:59'),(62,'202.153.225.69','item_outs','index','GET','http://pergudangan.baukpoltek.net/item_outs/add','/index.php?url=item_outs','Mozilla/4.0 (compatible; MSIE 8.0; Windows NT 5.1; Trident/4.0; GTB6.5; .NET CLR 1.1.4322)','2010-09-16 12:29:01'),(62,'202.153.225.69','item_outs','add','GET','http://pergudangan.baukpoltek.net/item_outs','/index.php?url=item_outs/add','Mozilla/4.0 (compatible; MSIE 8.0; Windows NT 5.1; Trident/4.0; GTB6.5; .NET CLR 1.1.4322)','2010-09-16 12:29:04'),(62,'202.153.225.69','item_outs','getSatuan','GET','http://pergudangan.baukpoltek.net/item_outs/add','/index.php?url=item_outs/getSatuan/346','Mozilla/4.0 (compatible; MSIE 8.0; Windows NT 5.1; Trident/4.0; GTB6.5; .NET CLR 1.1.4322)','2010-09-16 12:29:18'),(62,'202.153.225.69','item_outs','add','POST','http://pergudangan.baukpoltek.net/item_outs/add','/index.php?url=item_outs/add','Mozilla/4.0 (compatible; MSIE 8.0; Windows NT 5.1; Trident/4.0; GTB6.5; .NET CLR 1.1.4322)','2010-09-16 12:29:25'),(62,'202.153.225.69','item_outs','index','GET','http://pergudangan.baukpoltek.net/item_outs/add','/index.php?url=item_outs','Mozilla/4.0 (compatible; MSIE 8.0; Windows NT 5.1; Trident/4.0; GTB6.5; .NET CLR 1.1.4322)','2010-09-16 12:29:26'),(62,'202.153.225.69','item_outs','add','GET','http://pergudangan.baukpoltek.net/item_outs','/index.php?url=item_outs/add','Mozilla/4.0 (compatible; MSIE 8.0; Windows NT 5.1; Trident/4.0; GTB6.5; .NET CLR 1.1.4322)','2010-09-16 12:29:34'),(62,'202.153.225.69','item_outs','getSatuan','GET','http://pergudangan.baukpoltek.net/item_outs/add','/index.php?url=item_outs/getSatuan/336','Mozilla/4.0 (compatible; MSIE 8.0; Windows NT 5.1; Trident/4.0; GTB6.5; .NET CLR 1.1.4322)','2010-09-16 12:29:48'),(62,'202.153.225.69','item_outs','add','POST','http://pergudangan.baukpoltek.net/item_outs/add','/index.php?url=item_outs/add','Mozilla/4.0 (compatible; MSIE 8.0; Windows NT 5.1; Trident/4.0; GTB6.5; .NET CLR 1.1.4322)','2010-09-16 12:29:59'),(62,'202.153.225.69','item_outs','index','GET','http://pergudangan.baukpoltek.net/item_outs/add','/index.php?url=item_outs','Mozilla/4.0 (compatible; MSIE 8.0; Windows NT 5.1; Trident/4.0; GTB6.5; .NET CLR 1.1.4322)','2010-09-16 12:29:59'),(62,'202.153.225.69','users','logout','GET','http://pergudangan.baukpoltek.net/item_outs','/index.php?url=users/logout','Mozilla/4.0 (compatible; MSIE 8.0; Windows NT 5.1; Trident/4.0; GTB6.5; .NET CLR 1.1.4322)','2010-09-16 12:30:06'),(1,'125.160.233.212','reports','stocks_per_role','POST','http://pergudangan.baukpoltek.net/reports/stocks_per_role_id','/index.php?url=reports/stocks_per_role','Mozilla/5.0 (X11; U; Linux i686; en-US; rv:1.9.2.9) Gecko/20100825 Ubuntu/10.04 (lucid) Firefox/3.6.9','2010-09-18 23:40:42'),(1,'125.160.233.212','reports','stocks_per_role_id','GET','http://pergudangan.baukpoltek.net/menus','/index.php?url=reports/stocks_per_role_id','Mozilla/5.0 (X11; U; Linux i686; en-US; rv:1.9.2.9) Gecko/20100825 Ubuntu/10.04 (lucid) Firefox/3.6.9','2010-09-18 23:40:34'),(1,'125.160.233.212','reports','stocks_per_role','POST','http://pergudangan.baukpoltek.net/reports/stocks_per_role_id','/index.php?url=reports/stocks_per_role','Mozilla/5.0 (X11; U; Linux i686; en-US; rv:1.9.2.9) Gecko/20100825 Ubuntu/10.04 (lucid) Firefox/3.6.9','2010-09-18 23:41:24'),(1,'125.160.233.212','menus','edit','GET','http://pergudangan.baukpoltek.net/menus','/index.php?url=menus/edit/31','Mozilla/5.0 (X11; U; Linux i686; en-US; rv:1.9.2.9) Gecko/20100825 Ubuntu/10.04 (lucid) Firefox/3.6.9','2010-09-18 23:39:56'),(1,'125.160.233.212','menus','edit','POST','http://pergudangan.baukpoltek.net/menus/edit/31','/index.php?url=menus/edit/31','Mozilla/5.0 (X11; U; Linux i686; en-US; rv:1.9.2.9) Gecko/20100825 Ubuntu/10.04 (lucid) Firefox/3.6.9','2010-09-18 23:40:30'),(1,'125.160.233.212','menus','index','GET','http://pergudangan.baukpoltek.net/menus/edit/31','/index.php?url=menus','Mozilla/5.0 (X11; U; Linux i686; en-US; rv:1.9.2.9) Gecko/20100825 Ubuntu/10.04 (lucid) Firefox/3.6.9','2010-09-18 23:40:30'),(1,'125.160.233.212','reports','report_per_role_id','GET','http://pergudangan.baukpoltek.net/items/view_stocks','/index.php?url=reports/report_per_role_id','Mozilla/5.0 (X11; U; Linux i686; en-US; rv:1.9.2.9) Gecko/20100825 Ubuntu/10.04 (lucid) Firefox/3.6.9','2010-09-18 23:39:29'),(1,'125.160.233.212','reports','index','GET','http://pergudangan.baukpoltek.net/reports/report_per_role_id','/index.php?url=reports/','Mozilla/5.0 (X11; U; Linux i686; en-US; rv:1.9.2.9) Gecko/20100825 Ubuntu/10.04 (lucid) Firefox/3.6.9','2010-09-18 23:39:37'),(1,'125.160.233.212','menus','index','GET','http://pergudangan.baukpoltek.net/reports/','/index.php?url=menus','Mozilla/5.0 (X11; U; Linux i686; en-US; rv:1.9.2.9) Gecko/20100825 Ubuntu/10.04 (lucid) Firefox/3.6.9','2010-09-18 23:39:51'),(1,'125.160.233.212','reports','stocks','GET','http://pergudangan.baukpoltek.net/','/index.php?url=reports/stocks','Mozilla/5.0 (X11; U; Linux i686; en-US; rv:1.9.2.9) Gecko/20100825 Ubuntu/10.04 (lucid) Firefox/3.6.9','2010-09-18 23:37:58'),(1,'125.160.233.212','reports','stocks','GET','http://pergudangan.baukpoltek.net/','/index.php?url=reports/stocks','Mozilla/5.0 (X11; U; Linux i686; en-US; rv:1.9.2.9) Gecko/20100825 Ubuntu/10.04 (lucid) Firefox/3.6.9','2010-09-18 23:39:06'),(1,'125.160.233.212','items','view_stocks','GET','http://pergudangan.baukpoltek.net/','/index.php?url=items/view_stocks','Mozilla/5.0 (X11; U; Linux i686; en-US; rv:1.9.2.9) Gecko/20100825 Ubuntu/10.04 (lucid) Firefox/3.6.9','2010-09-18 23:39:15'),(1,'125.160.233.212','items','view_stocks','GET','http://pergudangan.baukpoltek.net/','/index.php?url=items/view_stocks&ajax=1','Mozilla/5.0 (X11; U; Linux i686; en-US; rv:1.9.2.9) Gecko/20100825 Ubuntu/10.04 (lucid) Firefox/3.6.9','2010-09-18 23:30:19'),(1,'125.160.233.212','reports','stocks','GET','http://pergudangan.baukpoltek.net/','/index.php?url=reports/stocks&ajax=1','Mozilla/5.0 (X11; U; Linux i686; en-US; rv:1.9.2.9) Gecko/20100825 Ubuntu/10.04 (lucid) Firefox/3.6.9','2010-09-18 23:30:23'),(1,'125.160.233.212','reports','stocks','GET','http://pergudangan.baukpoltek.net/','/index.php?url=reports/stocks&ajax=1','Mozilla/5.0 (X11; U; Linux i686; en-US; rv:1.9.2.9) Gecko/20100825 Ubuntu/10.04 (lucid) Firefox/3.6.9','2010-09-18 23:30:59'),(1,'125.160.233.212','item_ins','index','GET','http://pergudangan.baukpoltek.net/','/index.php?url=item_ins&ajax=1','Mozilla/5.0 (X11; U; Linux i686; en-US; rv:1.9.2.9) Gecko/20100825 Ubuntu/10.04 (lucid) Firefox/3.6.9','2010-09-18 23:31:27'),(1,'125.160.233.212','pages','display','GET','http://pergudangan.baukpoltek.net/users/login','/','Mozilla/5.0 (X11; U; Linux i686; en-US; rv:1.9.2.9) Gecko/20100825 Ubuntu/10.04 (lucid) Firefox/3.6.9','2010-09-18 23:37:52'),(1,'125.160.233.212','groups','edit','PUT','http://pergudangan.baukpoltek.net/groups/edit/1','/index.php?url=groups/edit/1','Mozilla/5.0 (X11; U; Linux i686; en-US; rv:1.9.2.9) Gecko/20100825 Ubuntu/10.04 (lucid) Firefox/3.6.9','2010-09-18 21:57:47'),(1,'125.160.233.212','groups','index','GET','http://pergudangan.baukpoltek.net/groups/edit/1','/index.php?url=groups','Mozilla/5.0 (X11; U; Linux i686; en-US; rv:1.9.2.9) Gecko/20100825 Ubuntu/10.04 (lucid) Firefox/3.6.9','2010-09-18 21:57:47'),(1,'125.160.233.212','reports','stocks','GET','http://pergudangan.baukpoltek.net/groups','/index.php?url=reports/stocks&ajax=1','Mozilla/5.0 (X11; U; Linux i686; en-US; rv:1.9.2.9) Gecko/20100825 Ubuntu/10.04 (lucid) Firefox/3.6.9','2010-09-18 21:57:52'),(1,'125.160.233.212','pages','display','GET','http://pergudangan.baukpoltek.net/users/login','/','Mozilla/5.0 (X11; U; Linux i686; en-US; rv:1.9.2.9) Gecko/20100825 Ubuntu/10.04 (lucid) Firefox/3.6.9','2010-09-18 23:30:10'),(1,'125.160.233.212','groups','edit','GET','http://pergudangan.baukpoltek.net/menus','/index.php?url=groups/edit/1','Mozilla/5.0 (X11; U; Linux i686; en-US; rv:1.9.2.9) Gecko/20100825 Ubuntu/10.04 (lucid) Firefox/3.6.9','2010-09-18 21:57:06'),(1,'125.160.233.212','menus','add','POST','http://pergudangan.baukpoltek.net/menus/add','/index.php?url=menus/add','Mozilla/5.0 (X11; U; Linux i686; en-US; rv:1.9.2.9) Gecko/20100825 Ubuntu/10.04 (lucid) Firefox/3.6.9','2010-09-18 21:56:48'),(1,'125.160.233.212','menus','index','GET','http://pergudangan.baukpoltek.net/menus/add','/index.php?url=menus','Mozilla/5.0 (X11; U; Linux i686; en-US; rv:1.9.2.9) Gecko/20100825 Ubuntu/10.04 (lucid) Firefox/3.6.9','2010-09-18 21:56:48'),(1,'125.160.233.212','groups','index','GET','http://pergudangan.baukpoltek.net/menus','/index.php?url=groups&ajax=1','Mozilla/5.0 (X11; U; Linux i686; en-US; rv:1.9.2.9) Gecko/20100825 Ubuntu/10.04 (lucid) Firefox/3.6.9','2010-09-18 21:57:01'),(1,'125.160.233.212','menus','index','GET','http://pergudangan.baukpoltek.net/menus/edit/30','/index.php?url=menus','Mozilla/5.0 (X11; U; Linux i686; en-US; rv:1.9.2.9) Gecko/20100825 Ubuntu/10.04 (lucid) Firefox/3.6.9','2010-09-18 21:55:52'),(1,'125.160.233.212','menus','add','GET','http://pergudangan.baukpoltek.net/menus','/index.php?url=menus/add','Mozilla/5.0 (X11; U; Linux i686; en-US; rv:1.9.2.9) Gecko/20100825 Ubuntu/10.04 (lucid) Firefox/3.6.9','2010-09-18 21:55:59'),(1,'125.160.233.212','menus','index','GET','http://pergudangan.baukpoltek.net/menus/add','/index.php?url=menus','Mozilla/5.0 (X11; U; Linux i686; en-US; rv:1.9.2.9) Gecko/20100825 Ubuntu/10.04 (lucid) Firefox/3.6.9','2010-09-18 21:55:42'),(1,'125.160.233.212','menus','edit','GET','http://pergudangan.baukpoltek.net/menus','/index.php?url=menus/edit/30','Mozilla/5.0 (X11; U; Linux i686; en-US; rv:1.9.2.9) Gecko/20100825 Ubuntu/10.04 (lucid) Firefox/3.6.9','2010-09-18 21:55:47'),(1,'125.160.233.212','menus','edit','POST','http://pergudangan.baukpoltek.net/menus/edit/30','/index.php?url=menus/edit/30','Mozilla/5.0 (X11; U; Linux i686; en-US; rv:1.9.2.9) Gecko/20100825 Ubuntu/10.04 (lucid) Firefox/3.6.9','2010-09-18 21:55:51'),(1,'125.160.233.212','menus','index','GET','http://pergudangan.baukpoltek.net/menus/add','/index.php?url=menus','Mozilla/5.0 (X11; U; Linux i686; en-US; rv:1.9.2.9) Gecko/20100825 Ubuntu/10.04 (lucid) Firefox/3.6.9','2010-09-18 21:53:51'),(1,'125.160.233.212','menus','add','GET','http://pergudangan.baukpoltek.net/menus','/index.php?url=menus/add','Mozilla/5.0 (X11; U; Linux i686; en-US; rv:1.9.2.9) Gecko/20100825 Ubuntu/10.04 (lucid) Firefox/3.6.9','2010-09-18 21:54:58'),(1,'125.160.233.212','menus','add','POST','http://pergudangan.baukpoltek.net/menus/add','/index.php?url=menus/add','Mozilla/5.0 (X11; U; Linux i686; en-US; rv:1.9.2.9) Gecko/20100825 Ubuntu/10.04 (lucid) Firefox/3.6.9','2010-09-18 21:55:41'),(1,'125.160.233.212','menus','add','GET','http://pergudangan.baukpoltek.net/menus','/index.php?url=menus/add','Mozilla/5.0 (X11; U; Linux i686; en-US; rv:1.9.2.9) Gecko/20100825 Ubuntu/10.04 (lucid) Firefox/3.6.9','2010-09-18 21:53:43'),(1,'125.160.233.212','items','view_stocks','GET','http://pergudangan.baukpoltek.net/','/index.php?url=items/view_stocks&ajax=1','Mozilla/5.0 (X11; U; Linux i686; en-US; rv:1.9.2.9) Gecko/20100825 Ubuntu/10.04 (lucid) Firefox/3.6.9','2010-09-18 21:52:40'),(1,'125.160.233.212','reports','index','GET','http://pergudangan.baukpoltek.net/','/index.php?url=reports/&ajax=1','Mozilla/5.0 (X11; U; Linux i686; en-US; rv:1.9.2.9) Gecko/20100825 Ubuntu/10.04 (lucid) Firefox/3.6.9','2010-09-18 21:52:53'),(1,'125.160.233.212','menus','add','POST','http://pergudangan.baukpoltek.net/menus/add','/index.php?url=menus/add','Mozilla/5.0 (X11; U; Linux i686; en-US; rv:1.9.2.9) Gecko/20100825 Ubuntu/10.04 (lucid) Firefox/3.6.9','2010-09-18 21:53:31'),(1,'125.160.233.212','menus','index','GET','http://pergudangan.baukpoltek.net/menus/add','/index.php?url=menus','Mozilla/5.0 (X11; U; Linux i686; en-US; rv:1.9.2.9) Gecko/20100825 Ubuntu/10.04 (lucid) Firefox/3.6.9','2010-09-18 21:53:32'),(1,'125.160.233.212','reports','stocks','GET','http://pergudangan.baukpoltek.net/','/index.php?url=reports/stocks','Mozilla/5.0 (X11; U; Linux i686; en-US; rv:1.9.2.9) Gecko/20100825 Ubuntu/10.04 (lucid) Firefox/3.6.9','2010-09-18 21:52:23'),(1,'125.160.233.212','menus','index','GET','http://pergudangan.baukpoltek.net/','/index.php?url=menus&ajax=1','Mozilla/5.0 (X11; U; Linux i686; en-US; rv:1.9.2.9) Gecko/20100825 Ubuntu/10.04 (lucid) Firefox/3.6.9','2010-09-18 21:51:27'),(1,'125.160.233.212','reports','index','GET','http://pergudangan.baukpoltek.net/','/index.php?url=reports/&ajax=1','Mozilla/5.0 (X11; U; Linux i686; en-US; rv:1.9.2.9) Gecko/20100825 Ubuntu/10.04 (lucid) Firefox/3.6.9','2010-09-18 21:51:43'),(1,'125.160.233.212','menus','index','GET','http://pergudangan.baukpoltek.net/','/index.php?url=menus','Mozilla/5.0 (X11; U; Linux i686; en-US; rv:1.9.2.9) Gecko/20100825 Ubuntu/10.04 (lucid) Firefox/3.6.9','2010-09-18 21:51:50'),(1,'125.160.233.212','menus','add','GET','http://pergudangan.baukpoltek.net/menus','/index.php?url=menus/add','Mozilla/5.0 (X11; U; Linux i686; en-US; rv:1.9.2.9) Gecko/20100825 Ubuntu/10.04 (lucid) Firefox/3.6.9','2010-09-18 21:52:15'),(1,'125.160.233.212','menu_types','index','GET','http://pergudangan.baukpoltek.net/','/index.php?url=menu_types&ajax=1','Mozilla/5.0 (X11; U; Linux i686; en-US; rv:1.9.2.9) Gecko/20100825 Ubuntu/10.04 (lucid) Firefox/3.6.9','2010-09-18 21:51:24'),(1,'125.160.233.212','groups','index','GET','http://pergudangan.baukpoltek.net/','/index.php?url=groups&ajax=1','Mozilla/5.0 (X11; U; Linux i686; en-US; rv:1.9.2.9) Gecko/20100825 Ubuntu/10.04 (lucid) Firefox/3.6.9','2010-09-18 21:51:15'),(1,'125.160.233.212','modules','index','GET','http://pergudangan.baukpoltek.net/','/index.php?url=modules&ajax=1','Mozilla/5.0 (X11; U; Linux i686; en-US; rv:1.9.2.9) Gecko/20100825 Ubuntu/10.04 (lucid) Firefox/3.6.9','2010-09-18 21:51:19'),(1,'125.160.233.212','pages','display','GET','http://pergudangan.baukpoltek.net/users/login','/','Mozilla/5.0 (X11; U; Linux i686; en-US; rv:1.9.2.9) Gecko/20100825 Ubuntu/10.04 (lucid) Firefox/3.6.9','2010-09-18 21:51:09'),(1,'114.58.240.216','users','logout','GET','http://pergudangan.baukpoltek.net/reports/stocks_per_role_id','/index.php?url=users/logout','Mozilla/4.0 (compatible; MSIE 8.0; Windows NT 6.1; Trident/4.0; SLCC2; .NET CLR 2.0.50727; .NET CLR 3.5.30729; .NET CLR 3.0.30729; Media Center PC 6.0; InfoPath.2; Tablet PC 2.0)','2010-09-18 20:27:28'),(1,'114.58.240.216','reports','stocks_per_role_id','GET','http://pergudangan.baukpoltek.net/','/index.php?url=reports/stocks_per_role_id','Mozilla/4.0 (compatible; MSIE 8.0; Windows NT 6.1; Trident/4.0; SLCC2; .NET CLR 2.0.50727; .NET CLR 3.5.30729; .NET CLR 3.0.30729; Media Center PC 6.0; InfoPath.2; Tablet PC 2.0)','2010-09-18 20:26:44'),(1,'114.58.240.216','reports','stocks_per_role','POST','http://pergudangan.baukpoltek.net/reports/stocks_per_role_id','/index.php?url=reports/stocks_per_role','Mozilla/4.0 (compatible; MSIE 8.0; Windows NT 6.1; Trident/4.0; SLCC2; .NET CLR 2.0.50727; .NET CLR 3.5.30729; .NET CLR 3.0.30729; Media Center PC 6.0; InfoPath.2; Tablet PC 2.0)','2010-09-18 20:27:01'),(1,'114.58.240.216','reports','index','GET','http://pergudangan.baukpoltek.net/','/index.php?url=reports/&ajax=1','Mozilla/4.0 (compatible; MSIE 8.0; Windows NT 6.1; Trident/4.0; SLCC2; .NET CLR 2.0.50727; .NET CLR 3.5.30729; .NET CLR 3.0.30729; Media Center PC 6.0; InfoPath.2; Tablet PC 2.0)','2010-09-18 20:26:32'),(1,'114.58.240.216','items','view_stocks','GET','http://pergudangan.baukpoltek.net/','/index.php?url=items/view_stocks&ajax=1','Mozilla/4.0 (compatible; MSIE 8.0; Windows NT 6.1; Trident/4.0; SLCC2; .NET CLR 2.0.50727; .NET CLR 3.5.30729; .NET CLR 3.0.30729; Media Center PC 6.0; InfoPath.2; Tablet PC 2.0)','2010-09-18 20:26:25'),(1,'114.59.114.251','users','logout','GET','http://pergudangan.baukpoltek.net/reports/stocks_per_item_id','/index.php?url=users/logout','Mozilla/4.0 (compatible; MSIE 8.0; Windows NT 6.1; Trident/4.0; SLCC2; .NET CLR 2.0.50727; .NET CLR 3.5.30729; .NET CLR 3.0.30729; Media Center PC 6.0; InfoPath.2; Tablet PC 2.0)','2010-09-18 19:21:27'),(1,'114.58.240.216','pages','display','GET','http://pergudangan.baukpoltek.net/users/login','/','Mozilla/4.0 (compatible; MSIE 8.0; Windows NT 6.1; Trident/4.0; SLCC2; .NET CLR 2.0.50727; .NET CLR 3.5.30729; .NET CLR 3.0.30729; Media Center PC 6.0; InfoPath.2; Tablet PC 2.0)','2010-09-18 20:26:10'),(1,'114.58.240.216','items','view_zero_stocks','GET','http://pergudangan.baukpoltek.net/','/index.php?url=items/view_zero_stocks&ajax=1','Mozilla/4.0 (compatible; MSIE 8.0; Windows NT 6.1; Trident/4.0; SLCC2; .NET CLR 2.0.50727; .NET CLR 3.5.30729; .NET CLR 3.0.30729; Media Center PC 6.0; InfoPath.2; Tablet PC 2.0)','2010-09-18 20:26:16'),(1,'114.59.114.251','site_settings','index','GET','http://pergudangan.baukpoltek.net/reports/stocks_per_item_id','/index.php?url=site_settings&ajax=1','Mozilla/4.0 (compatible; MSIE 8.0; Windows NT 6.1; Trident/4.0; SLCC2; .NET CLR 2.0.50727; .NET CLR 3.5.30729; .NET CLR 3.0.30729; Media Center PC 6.0; InfoPath.2; Tablet PC 2.0)','2010-09-18 19:20:56'),(1,'114.59.114.251','modules','index','GET','http://pergudangan.baukpoltek.net/reports/stocks_per_item_id','/index.php?url=modules&ajax=1','Mozilla/4.0 (compatible; MSIE 8.0; Windows NT 6.1; Trident/4.0; SLCC2; .NET CLR 2.0.50727; .NET CLR 3.5.30729; .NET CLR 3.0.30729; Media Center PC 6.0; InfoPath.2; Tablet PC 2.0)','2010-09-18 19:20:45'),(1,'114.59.114.251','user_logs','index','GET','http://pergudangan.baukpoltek.net/reports/stocks_per_item_id','/index.php?url=user_logs&ajax=1','Mozilla/4.0 (compatible; MSIE 8.0; Windows NT 6.1; Trident/4.0; SLCC2; .NET CLR 2.0.50727; .NET CLR 3.5.30729; .NET CLR 3.0.30729; Media Center PC 6.0; InfoPath.2; Tablet PC 2.0)','2010-09-18 19:20:25'),(1,'114.59.114.251','groups','index','GET','http://pergudangan.baukpoltek.net/reports/stocks_per_item_id','/index.php?url=groups&ajax=1','Mozilla/4.0 (compatible; MSIE 8.0; Windows NT 6.1; Trident/4.0; SLCC2; .NET CLR 2.0.50727; .NET CLR 3.5.30729; .NET CLR 3.0.30729; Media Center PC 6.0; InfoPath.2; Tablet PC 2.0)','2010-09-18 19:20:33'),(1,'114.59.114.251','reports','stocks_per_item_id','GET','http://pergudangan.baukpoltek.net/','/index.php?url=reports/stocks_per_item_id','Mozilla/4.0 (compatible; MSIE 8.0; Windows NT 6.1; Trident/4.0; SLCC2; .NET CLR 2.0.50727; .NET CLR 3.5.30729; .NET CLR 3.0.30729; Media Center PC 6.0; InfoPath.2; Tablet PC 2.0)','2010-09-18 19:20:13'),(1,'114.59.114.251','system_checks','index','GET','http://pergudangan.baukpoltek.net/reports/stocks_per_item_id','/index.php?url=system_checks&ajax=1','Mozilla/4.0 (compatible; MSIE 8.0; Windows NT 6.1; Trident/4.0; SLCC2; .NET CLR 2.0.50727; .NET CLR 3.5.30729; .NET CLR 3.0.30729; Media Center PC 6.0; InfoPath.2; Tablet PC 2.0)','2010-09-18 19:20:21'),(1,'114.59.114.251','reports','stocks','GET','http://pergudangan.baukpoltek.net/','/index.php?url=reports/stocks','Mozilla/4.0 (compatible; MSIE 8.0; Windows NT 6.1; Trident/4.0; SLCC2; .NET CLR 2.0.50727; .NET CLR 3.5.30729; .NET CLR 3.0.30729; Media Center PC 6.0; InfoPath.2; Tablet PC 2.0)','2010-09-18 19:17:17'),(1,'114.59.114.251','reports','stocks_per_item_id','GET','http://pergudangan.baukpoltek.net/','/index.php?url=reports/stocks_per_item_id','Mozilla/4.0 (compatible; MSIE 8.0; Windows NT 6.1; Trident/4.0; SLCC2; .NET CLR 2.0.50727; .NET CLR 3.5.30729; .NET CLR 3.0.30729; Media Center PC 6.0; InfoPath.2; Tablet PC 2.0)','2010-09-18 19:17:41'),(1,'114.59.114.251','reports','stocks_per_item_ext','GET','','/index.php?url=reports/stocks_per_item_ext/296/2010-09-18/','Mozilla/4.0 (compatible; MSIE 8.0; Windows NT 6.1; Trident/4.0; SLCC2; .NET CLR 2.0.50727; .NET CLR 3.5.30729; .NET CLR 3.0.30729; Media Center PC 6.0; InfoPath.2; Tablet PC 2.0)','2010-09-18 19:17:57'),(1,'114.59.114.251','reports','stocks_per_item_ext','GET','','/index.php?url=reports/stocks_per_item_ext/196/2010-09-18/','Mozilla/4.0 (compatible; MSIE 8.0; Windows NT 6.1; Trident/4.0; SLCC2; .NET CLR 2.0.50727; .NET CLR 3.5.30729; .NET CLR 3.0.30729; Media Center PC 6.0; InfoPath.2; Tablet PC 2.0)','2010-09-18 19:18:29'),(1,'114.59.114.251','reports','index','GET','http://pergudangan.baukpoltek.net/','/index.php?url=reports/&ajax=1','Mozilla/4.0 (compatible; MSIE 8.0; Windows NT 6.1; Trident/4.0; SLCC2; .NET CLR 2.0.50727; .NET CLR 3.5.30729; .NET CLR 3.0.30729; Media Center PC 6.0; InfoPath.2; Tablet PC 2.0)','2010-09-18 19:17:07'),(1,'114.59.114.251','pages','display','GET','http://pergudangan.baukpoltek.net/users/login','/','Mozilla/4.0 (compatible; MSIE 8.0; Windows NT 6.1; Trident/4.0; SLCC2; .NET CLR 2.0.50727; .NET CLR 3.5.30729; .NET CLR 3.0.30729; Media Center PC 6.0; InfoPath.2; Tablet PC 2.0)','2010-09-18 19:16:47'),(1,'114.59.114.251','users','logout','GET','http://pergudangan.baukpoltek.net/','/index.php?url=users/logout','Mozilla/4.0 (compatible; MSIE 8.0; Windows NT 6.1; Trident/4.0; SLCC2; .NET CLR 2.0.50727; .NET CLR 3.5.30729; .NET CLR 3.0.30729; Media Center PC 6.0; InfoPath.2; Tablet PC 2.0)','2010-09-18 19:16:36'),(1,'114.59.114.251','items','view_stocks','GET','http://pergudangan.baukpoltek.net/','/index.php?url=items/view_stocks&ajax=1','Mozilla/4.0 (compatible; MSIE 8.0; Windows NT 6.1; Trident/4.0; SLCC2; .NET CLR 2.0.50727; .NET CLR 3.5.30729; .NET CLR 3.0.30729; Media Center PC 6.0; InfoPath.2; Tablet PC 2.0)','2010-09-18 19:16:29'),(1,'114.59.114.251','pages','display','GET','http://pergudangan.baukpoltek.net/users/login','/','Mozilla/4.0 (compatible; MSIE 8.0; Windows NT 6.1; Trident/4.0; SLCC2; .NET CLR 2.0.50727; .NET CLR 3.5.30729; .NET CLR 3.0.30729; Media Center PC 6.0; InfoPath.2; Tablet PC 2.0)','2010-09-18 18:53:34'),(1,'114.59.114.251','items','view_zero_stocks','GET','http://pergudangan.baukpoltek.net/','/index.php?url=items/view_zero_stocks&ajax=1','Mozilla/4.0 (compatible; MSIE 8.0; Windows NT 6.1; Trident/4.0; SLCC2; .NET CLR 2.0.50727; .NET CLR 3.5.30729; .NET CLR 3.0.30729; Media Center PC 6.0; InfoPath.2; Tablet PC 2.0)','2010-09-18 18:53:43'),(1,'114.59.114.251','items','view_zero_stocks','GET','http://pergudangan.baukpoltek.net/','/index.php?url=items/view_zero_stocks&ajax=1','Mozilla/4.0 (compatible; MSIE 8.0; Windows NT 6.1; Trident/4.0; SLCC2; .NET CLR 2.0.50727; .NET CLR 3.5.30729; .NET CLR 3.0.30729; Media Center PC 6.0; InfoPath.2; Tablet PC 2.0)','2010-09-18 19:16:19'),(1,'114.57.148.230','users','logout','GET','http://pergudangan.baukpoltek.net/','/index.php?url=users/logout','Mozilla/4.0 (compatible; MSIE 8.0; Windows NT 6.1; Trident/4.0; SLCC2; .NET CLR 2.0.50727; .NET CLR 3.5.30729; .NET CLR 3.0.30729; Media Center PC 6.0; InfoPath.2; Tablet PC 2.0)','2010-09-18 18:00:25'),(1,'114.57.148.230','system_checks','index','GET','http://pergudangan.baukpoltek.net/','/index.php?url=system_checks&ajax=1','Mozilla/4.0 (compatible; MSIE 8.0; Windows NT 6.1; Trident/4.0; SLCC2; .NET CLR 2.0.50727; .NET CLR 3.5.30729; .NET CLR 3.0.30729; Media Center PC 6.0; InfoPath.2; Tablet PC 2.0)','2010-09-18 18:00:14'),(1,'114.57.148.230','user_logs','index','GET','http://pergudangan.baukpoltek.net/','/index.php?url=user_logs&ajax=1','Mozilla/4.0 (compatible; MSIE 8.0; Windows NT 6.1; Trident/4.0; SLCC2; .NET CLR 2.0.50727; .NET CLR 3.5.30729; .NET CLR 3.0.30729; Media Center PC 6.0; InfoPath.2; Tablet PC 2.0)','2010-09-18 18:00:09'),(1,'125.160.233.212','reports','index','GET','http://pergudangan.baukpoltek.net/','/index.php?url=reports/&ajax=1','Mozilla/5.0 (X11; U; Linux i686; en-US; rv:1.9.2.8) Gecko/20100723 Ubuntu/10.04 (lucid) Firefox/3.6.8 GTB7.1','2010-09-18 17:59:36'),(1,'125.160.233.212','reports','stocks','GET','http://pergudangan.baukpoltek.net/','/index.php?url=reports/stocks','Mozilla/5.0 (X11; U; Linux i686; en-US; rv:1.9.2.8) Gecko/20100723 Ubuntu/10.04 (lucid) Firefox/3.6.8 GTB7.1','2010-09-18 17:59:37'),(1,'125.160.233.212','items','view_zero_stocks','GET','http://pergudangan.baukpoltek.net/','/index.php?url=items/view_zero_stocks&ajax=1','Mozilla/5.0 (X11; U; Linux i686; en-US; rv:1.9.2.8) Gecko/20100723 Ubuntu/10.04 (lucid) Firefox/3.6.8 GTB7.1','2010-09-18 17:59:05'),(1,'125.160.233.212','items','view_zero_stocks','GET','http://pergudangan.baukpoltek.net/','/index.php?url=items/view_zero_stocks&ajax=1','Mozilla/5.0 (X11; U; Linux i686; en-US; rv:1.9.2.8) Gecko/20100723 Ubuntu/10.04 (lucid) Firefox/3.6.8 GTB7.1','2010-09-18 17:59:15'),(1,'125.160.233.212','items','view_stocks','GET','http://pergudangan.baukpoltek.net/','/index.php?url=items/view_stocks&ajax=1','Mozilla/5.0 (X11; U; Linux i686; en-US; rv:1.9.2.8) Gecko/20100723 Ubuntu/10.04 (lucid) Firefox/3.6.8 GTB7.1','2010-09-18 17:59:19'),(1,'125.160.233.212','reports','index','GET','http://pergudangan.baukpoltek.net/','/index.php?url=reports/&ajax=1','Mozilla/5.0 (X11; U; Linux i686; en-US; rv:1.9.2.8) Gecko/20100723 Ubuntu/10.04 (lucid) Firefox/3.6.8 GTB7.1','2010-09-18 17:58:51'),(1,'125.160.233.212','reports','index','GET','http://pergudangan.baukpoltek.net/','/index.php?url=reports/&ajax=1','Mozilla/5.0 (X11; U; Linux i686; en-US; rv:1.9.2.8) Gecko/20100723 Ubuntu/10.04 (lucid) Firefox/3.6.8 GTB7.1','2010-09-18 17:58:43'),(1,'125.160.233.212','reports','index','GET','http://pergudangan.baukpoltek.net/','/index.php?url=reports/&ajax=1','Mozilla/5.0 (X11; U; Linux i686; en-US; rv:1.9.2.8) Gecko/20100723 Ubuntu/10.04 (lucid) Firefox/3.6.8 GTB7.1','2010-09-18 17:58:31'),(1,'125.160.233.212','items','view_zero_stocks','GET','http://pergudangan.baukpoltek.net/','/index.php?url=items/view_zero_stocks&ajax=1','Mozilla/5.0 (X11; U; Linux i686; en-US; rv:1.9.2.8) Gecko/20100723 Ubuntu/10.04 (lucid) Firefox/3.6.8 GTB7.1','2010-09-18 17:58:40'),(1,'125.160.233.212','pages','display','GET','http://pergudangan.baukpoltek.net/users/login','/','Mozilla/5.0 (X11; U; Linux i686; en-US; rv:1.9.2.8) Gecko/20100723 Ubuntu/10.04 (lucid) Firefox/3.6.8 GTB7.1','2010-09-18 17:58:14'),(1,'125.160.233.212','reports','index','GET','http://pergudangan.baukpoltek.net/','/index.php?url=reports/&ajax=1','Mozilla/5.0 (X11; U; Linux i686; en-US; rv:1.9.2.8) Gecko/20100723 Ubuntu/10.04 (lucid) Firefox/3.6.8 GTB7.1','2010-09-18 17:58:25'),(1,'114.57.148.230','site_settings','index','GET','http://pergudangan.baukpoltek.net/','/index.php?url=site_settings&ajax=1','Mozilla/4.0 (compatible; MSIE 8.0; Windows NT 6.1; Trident/4.0; SLCC2; .NET CLR 2.0.50727; .NET CLR 3.5.30729; .NET CLR 3.0.30729; Media Center PC 6.0; InfoPath.2; Tablet PC 2.0)','2010-09-18 17:57:54'),(1,'114.57.148.230','modules','index','GET','http://pergudangan.baukpoltek.net/','/index.php?url=modules&ajax=1','Mozilla/4.0 (compatible; MSIE 8.0; Windows NT 6.1; Trident/4.0; SLCC2; .NET CLR 2.0.50727; .NET CLR 3.5.30729; .NET CLR 3.0.30729; Media Center PC 6.0; InfoPath.2; Tablet PC 2.0)','2010-09-18 17:58:11'),(1,'114.57.148.230','items','view_stocks','GET','http://pergudangan.baukpoltek.net/','/index.php?url=items/view_stocks&ajax=1','Mozilla/4.0 (compatible; MSIE 8.0; Windows NT 6.1; Trident/4.0; SLCC2; .NET CLR 2.0.50727; .NET CLR 3.5.30729; .NET CLR 3.0.30729; Media Center PC 6.0; InfoPath.2; Tablet PC 2.0)','2010-09-18 17:52:37'),(1,'114.57.148.230','items','view_zero_stocks','GET','http://pergudangan.baukpoltek.net/','/index.php?url=items/view_zero_stocks&ajax=1','Mozilla/4.0 (compatible; MSIE 8.0; Windows NT 6.1; Trident/4.0; SLCC2; .NET CLR 2.0.50727; .NET CLR 3.5.30729; .NET CLR 3.0.30729; Media Center PC 6.0; InfoPath.2; Tablet PC 2.0)','2010-09-18 17:52:08'),(1,'114.57.148.230','pages','display','GET','http://pergudangan.baukpoltek.net/users/login','/','Mozilla/4.0 (compatible; MSIE 8.0; Windows NT 6.1; Trident/4.0; SLCC2; .NET CLR 2.0.50727; .NET CLR 3.5.30729; .NET CLR 3.0.30729; Media Center PC 6.0; InfoPath.2; Tablet PC 2.0)','2010-09-18 17:52:03'),(1,'114.58.236.237','users','logout','GET','http://pergudangan.baukpoltek.net/','/index.php?url=users/logout','Mozilla/5.0 (Windows; U; Windows NT 5.1; en-US; rv:1.9.2.3) Gecko/20100401 Firefox/3.6.3','2010-09-18 17:31:40'),(1,'114.58.236.237','items','view_zero_stocks','GET','http://pergudangan.baukpoltek.net/','/index.php?url=items/view_zero_stocks&ajax=1','Mozilla/5.0 (Windows; U; Windows NT 5.1; en-US; rv:1.9.2.3) Gecko/20100401 Firefox/3.6.3','2010-09-18 17:28:39'),(1,'114.58.236.237','reports','index','GET','http://pergudangan.baukpoltek.net/','/index.php?url=reports/&ajax=1','Mozilla/5.0 (Windows; U; Windows NT 5.1; en-US; rv:1.9.2.3) Gecko/20100401 Firefox/3.6.3','2010-09-18 15:57:17'),(1,'114.58.236.237','reports','stocks_per_role_id','GET','http://pergudangan.baukpoltek.net/','/index.php?url=reports/stocks_per_role_id','Mozilla/5.0 (Windows; U; Windows NT 5.1; en-US; rv:1.9.2.3) Gecko/20100401 Firefox/3.6.3','2010-09-18 15:57:20'),(1,'114.58.236.237','reports','stocks_per_role','POST','http://pergudangan.baukpoltek.net/reports/stocks_per_role_id','/index.php?url=reports/stocks_per_role','Mozilla/5.0 (Windows; U; Windows NT 5.1; en-US; rv:1.9.2.3) Gecko/20100401 Firefox/3.6.3','2010-09-18 15:57:28'),(1,'114.58.236.237','users','logout','GET','http://pergudangan.baukpoltek.net/users/login','/index.php?url=users/logout','Mozilla/5.0 (Windows; U; Windows NT 5.1; en-US; rv:1.9.2.3) Gecko/20100401 Firefox/3.6.3','2010-09-18 17:28:21'),(1,'114.58.236.237','pages','display','GET','http://pergudangan.baukpoltek.net/users/login','/','Mozilla/5.0 (Windows; U; Windows NT 5.1; en-US; rv:1.9.2.3) Gecko/20100401 Firefox/3.6.3','2010-09-18 17:28:35'),(1,'114.58.236.237','items','view_stocks','GET','http://pergudangan.baukpoltek.net/','/index.php?url=items/view_stocks&ajax=1','Mozilla/5.0 (Windows; U; Windows NT 5.1; en-US; rv:1.9.2.3) Gecko/20100401 Firefox/3.6.3','2010-09-18 15:57:10'),(1,'114.58.236.237','items','view_zero_stocks','GET','http://pergudangan.baukpoltek.net/','/index.php?url=items/view_zero_stocks&ajax=1','Mozilla/5.0 (Windows; U; Windows NT 5.1; en-US; rv:1.9.2.3) Gecko/20100401 Firefox/3.6.3','2010-09-18 15:57:05'),(1,'114.58.236.237','pages','display','GET','http://pergudangan.baukpoltek.net/users/login','/','Mozilla/5.0 (Windows; U; Windows NT 5.1; en-US; rv:1.9.2.3) Gecko/20100401 Firefox/3.6.3','2010-09-18 15:57:01'),(1,'114.59.193.171','users','logout','GET','http://pergudangan.baukpoltek.net/','/index.php?url=users/logout','Mozilla/5.0 (Windows; U; Windows NT 5.1; en-US; rv:1.9.2.3) Gecko/20100401 Firefox/3.6.3','2010-09-18 10:25:21'),(1,'114.57.145.223','pages','display','GET','http://pergudangan.baukpoltek.net/users/login','/','Mozilla/5.0 (Windows; U; Windows NT 5.1; en-US; rv:1.9.2.3) Gecko/20100401 Firefox/3.6.3','2010-09-18 10:17:10'),(1,'114.57.145.223','items','view_zero_stocks','GET','http://pergudangan.baukpoltek.net/','/index.php?url=items/view_zero_stocks&ajax=1','Mozilla/5.0 (Windows; U; Windows NT 5.1; en-US; rv:1.9.2.3) Gecko/20100401 Firefox/3.6.3','2010-09-18 10:17:14'),(1,'114.57.145.223','users','login','GET','http://pergudangan.baukpoltek.net/users/login','/index.php?url=users/login','Mozilla/5.0 (Windows; U; Windows NT 5.1; en-US; rv:1.9.2.3) Gecko/20100401 Firefox/3.6.3','2010-09-18 10:17:09'),(1,'114.59.138.162','pages','display','GET','http://pergudangan.baukpoltek.net/users/login','/','Mozilla/5.0 (Windows; U; Windows NT 5.1; en-US; rv:1.9.2.3) Gecko/20100401 Firefox/3.6.3','2010-09-18 09:23:06'),(1,'114.59.138.162','items','view_zero_stocks','GET','http://pergudangan.baukpoltek.net/','/index.php?url=items/view_zero_stocks&ajax=1','Mozilla/5.0 (Windows; U; Windows NT 5.1; en-US; rv:1.9.2.3) Gecko/20100401 Firefox/3.6.3','2010-09-18 09:23:14'),(1,'114.59.138.162','users','logout','GET','http://pergudangan.baukpoltek.net/','/index.php?url=users/logout','Mozilla/5.0 (Windows; U; Windows NT 5.1; en-US; rv:1.9.2.3) Gecko/20100401 Firefox/3.6.3','2010-09-18 09:26:52'),(1,'114.56.173.87','reports','index','GET','http://pergudangan.baukpoltek.net/','/index.php?url=reports/&ajax=1','Mozilla/5.0 (Windows; U; Windows NT 5.1; en-US; rv:1.9.2.3) Gecko/20100401 Firefox/3.6.3','2010-09-18 05:56:17'),(1,'114.56.173.87','item_outs','index','GET','http://pergudangan.baukpoltek.net/','/index.php?url=item_outs&ajax=1','Mozilla/5.0 (Windows; U; Windows NT 5.1; en-US; rv:1.9.2.3) Gecko/20100401 Firefox/3.6.3','2010-09-18 05:56:21'),(1,'114.56.173.87','pages','display','GET','http://pergudangan.baukpoltek.net/users/login','/','Mozilla/5.0 (Windows; U; Windows NT 5.1; en-US; rv:1.9.2.3) Gecko/20100401 Firefox/3.6.3','2010-09-18 05:56:05'),(1,'114.59.137.101','items','view_zero_stocks','GET','http://pergudangan.baukpoltek.net/','/index.php?url=items/view_zero_stocks&ajax=1','Mozilla/5.0 (Windows; U; Windows NT 5.1; en-US; rv:1.9.2.3) Gecko/20100401 Firefox/3.6.3','2010-09-17 17:31:03'),(1,'114.59.137.101','pages','display','GET','http://pergudangan.baukpoltek.net/users/login','/','Mozilla/5.0 (Windows; U; Windows NT 5.1; en-US; rv:1.9.2.3) Gecko/20100401 Firefox/3.6.3','2010-09-17 17:30:24'),(1,'202.153.225.69','items','view_zero_stocks','GET','http://pergudangan.baukpoltek.net/','/index.php?url=items/view_zero_stocks&ajax=1','Mozilla/5.0 (Windows; U; Windows NT 5.1; en-US; rv:1.9.1.11) Gecko/20100701 Firefox/3.5.11','2010-09-17 15:58:27'),(30,'202.153.225.69','users','logout','GET','http://pergudangan.baukpoltek.net/item_outs','/index.php?url=users/logout','Mozilla/4.0 (compatible; MSIE 8.0; Windows NT 5.1; Trident/4.0; GTB6.5; .NET CLR 1.1.4322)','2010-09-17 15:25:03'),(1,'202.153.225.69','pages','display','GET','http://pergudangan.baukpoltek.net/users/login','/','Mozilla/5.0 (Windows; U; Windows NT 5.1; en-US; rv:1.9.1.11) Gecko/20100701 Firefox/3.5.11','2010-09-17 15:57:41'),(30,'202.153.225.69','reports','stocks_per_item_id','GET','http://pergudangan.baukpoltek.net/item_outs','/index.php?url=reports/stocks_per_item_id','Mozilla/4.0 (compatible; MSIE 8.0; Windows NT 5.1; Trident/4.0; GTB6.5; .NET CLR 1.1.4322)','2010-09-17 15:21:45'),(30,'202.153.225.69','reports','index','GET','http://pergudangan.baukpoltek.net/item_outs','/index.php?url=reports/&ajax=1','Mozilla/4.0 (compatible; MSIE 8.0; Windows NT 5.1; Trident/4.0; GTB6.5; .NET CLR 1.1.4322)','2010-09-17 15:21:39'),(30,'202.153.225.69','items','view_zero_stocks','GET','http://pergudangan.baukpoltek.net/item_outs','/index.php?url=items/view_zero_stocks&ajax=1','Mozilla/4.0 (compatible; MSIE 8.0; Windows NT 5.1; Trident/4.0; GTB6.5; .NET CLR 1.1.4322)','2010-09-17 15:13:58'),(30,'202.153.225.69','item_outs','edit','PUT','http://pergudangan.baukpoltek.net/item_outs/edit/2076','/index.php?url=item_outs/edit/2076','Mozilla/4.0 (compatible; MSIE 8.0; Windows NT 5.1; Trident/4.0; GTB6.5; .NET CLR 1.1.4322)','2010-09-17 15:12:09'),(30,'202.153.225.69','item_outs','index','GET','http://pergudangan.baukpoltek.net/item_outs/edit/2076','/index.php?url=item_outs','Mozilla/4.0 (compatible; MSIE 8.0; Windows NT 5.1; Trident/4.0; GTB6.5; .NET CLR 1.1.4322)','2010-09-17 15:12:10'),(30,'202.153.225.69','item_outs','index','GET','http://pergudangan.baukpoltek.net/users/login','/index.php?url=item_outs','Mozilla/4.0 (compatible; MSIE 8.0; Windows NT 5.1; Trident/4.0; GTB6.5; .NET CLR 1.1.4322)','2010-09-17 15:12:02'),(30,'202.153.225.69','item_outs','edit','GET','http://pergudangan.baukpoltek.net/item_outs','/index.php?url=item_outs/edit/2076','Mozilla/4.0 (compatible; MSIE 8.0; Windows NT 5.1; Trident/4.0; GTB6.5; .NET CLR 1.1.4322)','2010-09-17 15:12:05'),(20,'202.153.225.69','users','logout','GET','http://pergudangan.baukpoltek.net/item_outs','/index.php?url=users/logout','Mozilla/4.0 (compatible; MSIE 8.0; Windows NT 5.1; Trident/4.0; GTB6.5; .NET CLR 1.1.4322)','2010-09-17 15:11:44'),(20,'202.153.225.69','item_outs','index','GET','http://pergudangan.baukpoltek.net/item_outs/add','/index.php?url=item_outs','Mozilla/4.0 (compatible; MSIE 8.0; Windows NT 5.1; Trident/4.0; GTB6.5; .NET CLR 1.1.4322)','2010-09-17 15:11:32'),(20,'202.153.225.69','item_outs','getSatuan','GET','http://pergudangan.baukpoltek.net/item_outs/add','/index.php?url=item_outs/getSatuan/218','Mozilla/4.0 (compatible; MSIE 8.0; Windows NT 5.1; Trident/4.0; GTB6.5; .NET CLR 1.1.4322)','2010-09-17 15:11:24'),(20,'202.153.225.69','item_outs','add','POST','http://pergudangan.baukpoltek.net/item_outs/add','/index.php?url=item_outs/add','Mozilla/4.0 (compatible; MSIE 8.0; Windows NT 5.1; Trident/4.0; GTB6.5; .NET CLR 1.1.4322)','2010-09-17 15:11:32'),(20,'202.153.225.69','item_outs','add','GET','http://pergudangan.baukpoltek.net/item_outs','/index.php?url=item_outs/add','Mozilla/4.0 (compatible; MSIE 8.0; Windows NT 5.1; Trident/4.0; GTB6.5; .NET CLR 1.1.4322)','2010-09-17 15:11:13'),(20,'202.153.225.69','items','view_stocks','GET','http://pergudangan.baukpoltek.net/item_outs/add','/index.php?url=items/view_stocks&ajax=1','Mozilla/4.0 (compatible; MSIE 8.0; Windows NT 5.1; Trident/4.0; GTB6.5; .NET CLR 1.1.4322)','2010-09-17 15:10:53'),(20,'202.153.225.69','item_outs','add','GET','http://pergudangan.baukpoltek.net/item_outs','/index.php?url=item_outs/add','Mozilla/4.0 (compatible; MSIE 8.0; Windows NT 5.1; Trident/4.0; GTB6.5; .NET CLR 1.1.4322)','2010-09-17 15:10:47'),(20,'202.153.225.69','item_outs','index','GET','http://pergudangan.baukpoltek.net/users/login','/index.php?url=item_outs','Mozilla/4.0 (compatible; MSIE 8.0; Windows NT 5.1; Trident/4.0; GTB6.5; .NET CLR 1.1.4322)','2010-09-17 15:10:45'),(30,'202.153.225.69','item_outs','index','GET','http://pergudangan.baukpoltek.net/item_outs','/index.php?url=item_outs/index/page:1&ajax=1','Mozilla/4.0 (compatible; MSIE 8.0; Windows NT 5.1; Trident/4.0; GTB6.5; .NET CLR 1.1.4322)','2010-09-17 15:00:12'),(30,'202.153.225.69','users','logout','GET','http://pergudangan.baukpoltek.net/item_outs','/index.php?url=users/logout','Mozilla/4.0 (compatible; MSIE 8.0; Windows NT 5.1; Trident/4.0; GTB6.5; .NET CLR 1.1.4322)','2010-09-17 15:10:31'),(30,'202.153.225.69','item_outs','index','GET','http://pergudangan.baukpoltek.net/item_outs','/index.php?url=item_outs/index/page:4&ajax=1','Mozilla/4.0 (compatible; MSIE 8.0; Windows NT 5.1; Trident/4.0; GTB6.5; .NET CLR 1.1.4322)','2010-09-17 14:34:58'),(30,'202.153.225.69','item_outs','index','GET','http://pergudangan.baukpoltek.net/item_outs','/index.php?url=item_outs/index/page:3&ajax=1','Mozilla/4.0 (compatible; MSIE 8.0; Windows NT 5.1; Trident/4.0; GTB6.5; .NET CLR 1.1.4322)','2010-09-17 14:34:50'),(30,'202.153.225.69','item_outs','index','GET','http://pergudangan.baukpoltek.net/item_outs/edit/2075','/index.php?url=item_outs','Mozilla/4.0 (compatible; MSIE 8.0; Windows NT 5.1; Trident/4.0; GTB6.5; .NET CLR 1.1.4322)','2010-09-17 14:33:35'),(30,'202.153.225.69','item_outs','index','GET','http://pergudangan.baukpoltek.net/item_outs','/index.php?url=item_outs/index/page:2&ajax=1','Mozilla/4.0 (compatible; MSIE 8.0; Windows NT 5.1; Trident/4.0; GTB6.5; .NET CLR 1.1.4322)','2010-09-17 14:34:17'),(30,'202.153.225.69','item_outs','edit','PUT','http://pergudangan.baukpoltek.net/item_outs/edit/2075','/index.php?url=item_outs/edit/2075','Mozilla/4.0 (compatible; MSIE 8.0; Windows NT 5.1; Trident/4.0; GTB6.5; .NET CLR 1.1.4322)','2010-09-17 14:33:33'),(30,'202.153.225.69','item_outs','edit','GET','http://pergudangan.baukpoltek.net/item_outs','/index.php?url=item_outs/edit/2075','Mozilla/4.0 (compatible; MSIE 8.0; Windows NT 5.1; Trident/4.0; GTB6.5; .NET CLR 1.1.4322)','2010-09-17 14:33:29'),(30,'202.153.225.69','item_outs','index','GET','http://pergudangan.baukpoltek.net/item_outs/edit/2074','/index.php?url=item_outs','Mozilla/4.0 (compatible; MSIE 8.0; Windows NT 5.1; Trident/4.0; GTB6.5; .NET CLR 1.1.4322)','2010-09-17 14:33:18'),(30,'202.153.225.69','item_outs','edit','PUT','http://pergudangan.baukpoltek.net/item_outs/edit/2074','/index.php?url=item_outs/edit/2074','Mozilla/4.0 (compatible; MSIE 8.0; Windows NT 5.1; Trident/4.0; GTB6.5; .NET CLR 1.1.4322)','2010-09-17 14:33:15'),(30,'202.153.225.69','item_outs','edit','GET','http://pergudangan.baukpoltek.net/item_outs','/index.php?url=item_outs/edit/2074','Mozilla/4.0 (compatible; MSIE 8.0; Windows NT 5.1; Trident/4.0; GTB6.5; .NET CLR 1.1.4322)','2010-09-17 14:33:07'),(30,'202.153.225.69','item_outs','edit','PUT','http://pergudangan.baukpoltek.net/item_outs/edit/2073','/index.php?url=item_outs/edit/2073','Mozilla/4.0 (compatible; MSIE 8.0; Windows NT 5.1; Trident/4.0; GTB6.5; .NET CLR 1.1.4322)','2010-09-17 14:33:00'),(30,'202.153.225.69','item_outs','index','GET','http://pergudangan.baukpoltek.net/item_outs/edit/2073','/index.php?url=item_outs','Mozilla/4.0 (compatible; MSIE 8.0; Windows NT 5.1; Trident/4.0; GTB6.5; .NET CLR 1.1.4322)','2010-09-17 14:33:01'),(30,'202.153.225.69','item_outs','index','GET','http://pergudangan.baukpoltek.net/users/login','/index.php?url=item_outs','Mozilla/4.0 (compatible; MSIE 8.0; Windows NT 5.1; Trident/4.0; GTB6.5; .NET CLR 1.1.4322)','2010-09-17 14:32:44'),(30,'202.153.225.69','item_outs','edit','GET','http://pergudangan.baukpoltek.net/item_outs','/index.php?url=item_outs/edit/2073','Mozilla/4.0 (compatible; MSIE 8.0; Windows NT 5.1; Trident/4.0; GTB6.5; .NET CLR 1.1.4322)','2010-09-17 14:32:48'),(64,'202.153.225.69','users','logout','GET','http://pergudangan.baukpoltek.net/item_outs','/index.php?url=users/logout','Mozilla/4.0 (compatible; MSIE 8.0; Windows NT 5.1; Trident/4.0; GTB6.5; .NET CLR 1.1.4322)','2010-09-17 14:32:31'),(64,'202.153.225.69','item_outs','index','GET','http://pergudangan.baukpoltek.net/item_outs/add','/index.php?url=item_outs','Mozilla/4.0 (compatible; MSIE 8.0; Windows NT 5.1; Trident/4.0; GTB6.5; .NET CLR 1.1.4322)','2010-09-17 14:32:27'),(64,'202.153.225.69','item_outs','add','POST','http://pergudangan.baukpoltek.net/item_outs/add','/index.php?url=item_outs/add','Mozilla/4.0 (compatible; MSIE 8.0; Windows NT 5.1; Trident/4.0; GTB6.5; .NET CLR 1.1.4322)','2010-09-17 14:32:26'),(64,'202.153.225.69','item_outs','add','GET','http://pergudangan.baukpoltek.net/item_outs','/index.php?url=item_outs/add','Mozilla/4.0 (compatible; MSIE 8.0; Windows NT 5.1; Trident/4.0; GTB6.5; .NET CLR 1.1.4322)','2010-09-17 14:31:58'),(64,'202.153.225.69','item_outs','getSatuan','GET','http://pergudangan.baukpoltek.net/item_outs/add','/index.php?url=item_outs/getSatuan/263','Mozilla/4.0 (compatible; MSIE 8.0; Windows NT 5.1; Trident/4.0; GTB6.5; .NET CLR 1.1.4322)','2010-09-17 14:32:19'),(64,'202.153.225.69','item_outs','index','GET','http://pergudangan.baukpoltek.net/item_outs/add','/index.php?url=item_outs','Mozilla/4.0 (compatible; MSIE 8.0; Windows NT 5.1; Trident/4.0; GTB6.5; .NET CLR 1.1.4322)','2010-09-17 14:31:53'),(64,'202.153.225.69','item_outs','add','POST','http://pergudangan.baukpoltek.net/item_outs/add','/index.php?url=item_outs/add','Mozilla/4.0 (compatible; MSIE 8.0; Windows NT 5.1; Trident/4.0; GTB6.5; .NET CLR 1.1.4322)','2010-09-17 14:31:53'),(64,'202.153.225.69','item_outs','index','GET','http://pergudangan.baukpoltek.net/users/login','/index.php?url=item_outs','Mozilla/4.0 (compatible; MSIE 8.0; Windows NT 5.1; Trident/4.0; GTB6.5; .NET CLR 1.1.4322)','2010-09-17 14:31:12'),(64,'202.153.225.69','item_outs','add','GET','http://pergudangan.baukpoltek.net/item_outs','/index.php?url=item_outs/add','Mozilla/4.0 (compatible; MSIE 8.0; Windows NT 5.1; Trident/4.0; GTB6.5; .NET CLR 1.1.4322)','2010-09-17 14:31:14'),(12,'202.153.225.69','item_outs','index','GET','http://pergudangan.baukpoltek.net/item_outs/add','/index.php?url=item_outs','Mozilla/4.0 (compatible; MSIE 8.0; Windows NT 5.1; Trident/4.0; GTB6.5; .NET CLR 1.1.4322)','2010-09-17 14:30:52'),(12,'202.153.225.69','users','logout','GET','http://pergudangan.baukpoltek.net/item_outs','/index.php?url=users/logout','Mozilla/4.0 (compatible; MSIE 8.0; Windows NT 5.1; Trident/4.0; GTB6.5; .NET CLR 1.1.4322)','2010-09-17 14:30:57'),(12,'202.153.225.69','item_outs','add','POST','http://pergudangan.baukpoltek.net/item_outs/add','/index.php?url=item_outs/add','Mozilla/4.0 (compatible; MSIE 8.0; Windows NT 5.1; Trident/4.0; GTB6.5; .NET CLR 1.1.4322)','2010-09-17 14:30:51'),(12,'202.153.225.69','item_outs','getSatuan','GET','http://pergudangan.baukpoltek.net/item_outs/add','/index.php?url=item_outs/getSatuan/59','Mozilla/4.0 (compatible; MSIE 8.0; Windows NT 5.1; Trident/4.0; GTB6.5; .NET CLR 1.1.4322)','2010-09-17 14:30:39'),(12,'202.153.225.69','item_outs','add','GET','http://pergudangan.baukpoltek.net/','/index.php?url=item_outs/add','Mozilla/4.0 (compatible; MSIE 8.0; Windows NT 5.1; Trident/4.0; GTB6.5; .NET CLR 1.1.4322)','2010-09-17 14:30:34'),(12,'202.153.225.69','item_outs','index','GET','http://pergudangan.baukpoltek.net/','/index.php?url=item_outs&ajax=1','Mozilla/4.0 (compatible; MSIE 8.0; Windows NT 5.1; Trident/4.0; GTB6.5; .NET CLR 1.1.4322)','2010-09-17 14:30:31'),(30,'202.153.225.69','reports','stocks','GET','http://pergudangan.baukpoltek.net/','/index.php?url=reports/stocks','Mozilla/4.0 (compatible; MSIE 8.0; Windows NT 5.1; Trident/4.0; GTB6.5; .NET CLR 1.1.4322)','2010-09-17 14:29:41'),(12,'202.153.225.69','pages','display','GET','http://pergudangan.baukpoltek.net/users/login','/','Mozilla/4.0 (compatible; MSIE 8.0; Windows NT 5.1; Trident/4.0; GTB6.5; .NET CLR 1.1.4322)','2010-09-17 14:30:28'),(30,'202.153.225.69','items','view_zero_stocks','GET','http://pergudangan.baukpoltek.net/','/index.php?url=items/view_zero_stocks&ajax=1','Mozilla/4.0 (compatible; MSIE 8.0; Windows NT 5.1; Trident/4.0; GTB6.5; .NET CLR 1.1.4322)','2010-09-17 14:02:07'),(30,'202.153.225.69','reports','stocks','GET','http://pergudangan.baukpoltek.net/','/index.php?url=reports/stocks','Mozilla/4.0 (compatible; MSIE 8.0; Windows NT 5.1; Trident/4.0; GTB6.5; .NET CLR 1.1.4322)','2010-09-17 14:01:23'),(30,'202.153.225.69','reports','index','GET','http://pergudangan.baukpoltek.net/','/index.php?url=reports/&ajax=1','Mozilla/4.0 (compatible; MSIE 8.0; Windows NT 5.1; Trident/4.0; GTB6.5; .NET CLR 1.1.4322)','2010-09-17 14:01:21'),(1,'202.153.225.69','users','logout','GET','http://pergudangan.baukpoltek.net/reports/stocks_per_item_id','/index.php?url=users/logout','Mozilla/5.0 (Windows; U; Windows NT 5.1; en-US; rv:1.9.1.11) Gecko/20100701 Firefox/3.5.11','2010-09-17 10:05:19'),(30,'202.153.225.69','pages','display','GET','http://pergudangan.baukpoltek.net/users/login','/','Mozilla/4.0 (compatible; MSIE 8.0; Windows NT 5.1; Trident/4.0; GTB6.5; .NET CLR 1.1.4322)','2010-09-17 14:01:09'),(1,'202.153.225.69','reports','stocks_per_item_id','GET','http://pergudangan.baukpoltek.net/','/index.php?url=reports/stocks_per_item_id','Mozilla/5.0 (Windows; U; Windows NT 5.1; en-US; rv:1.9.1.11) Gecko/20100701 Firefox/3.5.11','2010-09-17 09:54:19'),(1,'202.153.225.69','reports','stocks_per_item_ext','GET','http://pergudangan.baukpoltek.net/reports/stocks_per_item_id','/index.php?url=reports/stocks_per_item_ext/296/2010-09-17/','Mozilla/5.0 (Windows; U; Windows NT 5.1; en-US; rv:1.9.1.11) Gecko/20100701 Firefox/3.5.11','2010-09-17 09:54:25'),(1,'202.153.225.69','items','view_zero_stocks','GET','http://pergudangan.baukpoltek.net/','/index.php?url=items/view_zero_stocks&ajax=1','Mozilla/5.0 (Windows; U; Windows NT 5.1; en-US; rv:1.9.1.11) Gecko/20100701 Firefox/3.5.11','2010-09-17 09:54:01'),(1,'202.153.225.69','items','view_stocks','GET','http://pergudangan.baukpoltek.net/','/index.php?url=items/view_stocks&ajax=1','Mozilla/5.0 (Windows; U; Windows NT 5.1; en-US; rv:1.9.1.11) Gecko/20100701 Firefox/3.5.11','2010-09-17 09:54:08'),(1,'202.153.225.69','items','view_stocks','GET','http://pergudangan.baukpoltek.net/','/index.php?url=items/view_stocks&ajax=1','Mozilla/5.0 (Windows; U; Windows NT 5.1; en-US; rv:1.9.1.11) Gecko/20100701 Firefox/3.5.11','2010-09-17 09:54:13'),(1,'202.153.225.69','reports','index','GET','http://pergudangan.baukpoltek.net/','/index.php?url=reports/&ajax=1','Mozilla/5.0 (Windows; U; Windows NT 5.1; en-US; rv:1.9.1.11) Gecko/20100701 Firefox/3.5.11','2010-09-17 09:54:17'),(1,'202.153.225.69','pages','display','GET','http://pergudangan.baukpoltek.net/users/login','/','Mozilla/5.0 (Windows; U; Windows NT 5.1; en-US; rv:1.9.1.11) Gecko/20100701 Firefox/3.5.11','2010-09-17 09:53:59'),(1,'202.153.225.69','users','logout','GET','http://pergudangan.baukpoltek.net/users/login','/index.php?url=users/logout','Mozilla/5.0 (Windows; U; Windows NT 5.1; en-US; rv:1.9.1.11) Gecko/20100701 Firefox/3.5.11','2010-09-17 09:53:50'),(1,'202.153.225.69','pages','display','GET','http://pergudangan.baukpoltek.net/users/login','/','Mozilla/5.0 (Windows; U; Windows NT 5.1; en-US; rv:1.9.1.11) Gecko/20100701 Firefox/3.5.11','2010-09-17 08:02:07'),(1,'114.59.113.33','pages','display','GET','http://pergudangan.baukpoltek.net/users/login','/','Mozilla/4.0 (compatible; MSIE 8.0; Windows NT 6.1; Trident/4.0; SLCC2; .NET CLR 2.0.50727; .NET CLR 3.5.30729; .NET CLR 3.0.30729; Media Center PC 6.0; InfoPath.2; Tablet PC 2.0)','2010-09-16 19:44:15'),(1,'114.59.113.33','users','logout','GET','http://pergudangan.baukpoltek.net/reports/stocks_per_item_id','/index.php?url=users/logout','Mozilla/4.0 (compatible; MSIE 8.0; Windows NT 6.1; Trident/4.0; SLCC2; .NET CLR 2.0.50727; .NET CLR 3.5.30729; .NET CLR 3.0.30729; Media Center PC 6.0; InfoPath.2; Tablet PC 2.0)','2010-09-16 19:17:25'),(1,'114.59.113.33','reports','stocks_per_item_ext','GET','','/index.php?url=reports/stocks_per_item_ext/296/2010-09-16/','Mozilla/4.0 (compatible; MSIE 8.0; Windows NT 6.1; Trident/4.0; SLCC2; .NET CLR 2.0.50727; .NET CLR 3.5.30729; .NET CLR 3.0.30729; Media Center PC 6.0; InfoPath.2; Tablet PC 2.0)','2010-09-16 19:15:40'),(1,'114.59.113.33','reports','stocks_per_item_id','GET','http://pergudangan.baukpoltek.net/','/index.php?url=reports/stocks_per_item_id','Mozilla/4.0 (compatible; MSIE 8.0; Windows NT 6.1; Trident/4.0; SLCC2; .NET CLR 2.0.50727; .NET CLR 3.5.30729; .NET CLR 3.0.30729; Media Center PC 6.0; InfoPath.2; Tablet PC 2.0)','2010-09-16 19:15:24'),(1,'114.59.113.33','reports','index','GET','http://pergudangan.baukpoltek.net/','/index.php?url=reports/&ajax=1','Mozilla/4.0 (compatible; MSIE 8.0; Windows NT 6.1; Trident/4.0; SLCC2; .NET CLR 2.0.50727; .NET CLR 3.5.30729; .NET CLR 3.0.30729; Media Center PC 6.0; InfoPath.2; Tablet PC 2.0)','2010-09-16 19:15:21'),(1,'114.59.113.33','item_outs','index','GET','http://pergudangan.baukpoltek.net/','/index.php?url=item_outs&ajax=1','Mozilla/4.0 (compatible; MSIE 8.0; Windows NT 6.1; Trident/4.0; SLCC2; .NET CLR 2.0.50727; .NET CLR 3.5.30729; .NET CLR 3.0.30729; Media Center PC 6.0; InfoPath.2; Tablet PC 2.0)','2010-09-16 19:13:29'),(1,'114.59.113.33','items','view_zero_stocks','GET','http://pergudangan.baukpoltek.net/','/index.php?url=items/view_zero_stocks&ajax=1','Mozilla/4.0 (compatible; MSIE 8.0; Windows NT 6.1; Trident/4.0; SLCC2; .NET CLR 2.0.50727; .NET CLR 3.5.30729; .NET CLR 3.0.30729; Media Center PC 6.0; InfoPath.2; Tablet PC 2.0)','2010-09-16 19:14:36'),(15,'222.124.64.37','pages','display','GET','http://pergudangan.baukpoltek.net/users/login','/','Mozilla/5.0 (Windows; U; Windows NT 5.1; en-US; rv:1.9.1.11) Gecko/20100701 Firefox/3.5.11','2010-09-16 13:22:41'),(30,'222.124.64.37','pages','display','GET','http://pergudangan.baukpoltek.net/users/login','/','Mozilla/5.0 (Windows; U; Windows NT 5.1; en-US; rv:1.9.1.11) Gecko/20100701 Firefox/3.5.11','2010-09-16 14:58:29'),(30,'222.124.64.37','items','view_zero_stocks','GET','http://pergudangan.baukpoltek.net/','/index.php?url=items/view_zero_stocks&ajax=1','Mozilla/5.0 (Windows; U; Windows NT 5.1; en-US; rv:1.9.1.11) Gecko/20100701 Firefox/3.5.11','2010-09-16 14:58:35'),(30,'222.124.64.37','item_outs','index','GET','http://pergudangan.baukpoltek.net/','/index.php?url=item_outs&ajax=1','Mozilla/5.0 (Windows; U; Windows NT 5.1; en-US; rv:1.9.1.11) Gecko/20100701 Firefox/3.5.11','2010-09-16 15:02:52'),(1,'114.59.113.33','pages','display','GET','http://pergudangan.baukpoltek.net/users/login','/','Mozilla/4.0 (compatible; MSIE 8.0; Windows NT 6.1; Trident/4.0; SLCC2; .NET CLR 2.0.50727; .NET CLR 3.5.30729; .NET CLR 3.0.30729; Media Center PC 6.0; InfoPath.2; Tablet PC 2.0)','2010-09-16 19:13:22'),(30,'202.153.225.69','users','logout','GET','http://pergudangan.baukpoltek.net/item_outs','/index.php?url=users/logout','Mozilla/4.0 (compatible; MSIE 8.0; Windows NT 5.1; Trident/4.0; GTB6.5; .NET CLR 1.1.4322)','2010-09-16 12:32:59'),(30,'202.153.225.69','item_outs','index','GET','http://pergudangan.baukpoltek.net/item_outs/edit/2062','/index.php?url=item_outs','Mozilla/4.0 (compatible; MSIE 8.0; Windows NT 5.1; Trident/4.0; GTB6.5; .NET CLR 1.1.4322)','2010-09-16 12:32:32'),(30,'202.153.225.69','item_outs','edit','PUT','http://pergudangan.baukpoltek.net/item_outs/edit/2062','/index.php?url=item_outs/edit/2062','Mozilla/4.0 (compatible; MSIE 8.0; Windows NT 5.1; Trident/4.0; GTB6.5; .NET CLR 1.1.4322)','2010-09-16 12:32:32'),(30,'202.153.225.69','item_outs','edit','GET','http://pergudangan.baukpoltek.net/item_outs','/index.php?url=item_outs/edit/2062','Mozilla/4.0 (compatible; MSIE 8.0; Windows NT 5.1; Trident/4.0; GTB6.5; .NET CLR 1.1.4322)','2010-09-16 12:32:28'),(30,'202.153.225.69','item_outs','edit','GET','http://pergudangan.baukpoltek.net/item_outs','/index.php?url=item_outs/edit/2063','Mozilla/4.0 (compatible; MSIE 8.0; Windows NT 5.1; Trident/4.0; GTB6.5; .NET CLR 1.1.4322)','2010-09-16 12:32:21'),(30,'202.153.225.69','item_outs','edit','PUT','http://pergudangan.baukpoltek.net/item_outs/edit/2063','/index.php?url=item_outs/edit/2063','Mozilla/4.0 (compatible; MSIE 8.0; Windows NT 5.1; Trident/4.0; GTB6.5; .NET CLR 1.1.4322)','2010-09-16 12:32:25'),(30,'202.153.225.69','item_outs','edit','PUT','http://pergudangan.baukpoltek.net/item_outs/edit/2064','/index.php?url=item_outs/edit/2064','Mozilla/4.0 (compatible; MSIE 8.0; Windows NT 5.1; Trident/4.0; GTB6.5; .NET CLR 1.1.4322)','2010-09-16 12:32:17'),(30,'202.153.225.69','item_outs','index','GET','http://pergudangan.baukpoltek.net/item_outs/edit/2064','/index.php?url=item_outs','Mozilla/4.0 (compatible; MSIE 8.0; Windows NT 5.1; Trident/4.0; GTB6.5; .NET CLR 1.1.4322)','2010-09-16 12:32:17'),(30,'202.153.225.69','item_outs','index','GET','http://pergudangan.baukpoltek.net/item_outs/edit/2063','/index.php?url=item_outs','Mozilla/4.0 (compatible; MSIE 8.0; Windows NT 5.1; Trident/4.0; GTB6.5; .NET CLR 1.1.4322)','2010-09-16 12:32:25'),(30,'202.153.225.69','item_outs','edit','GET','http://pergudangan.baukpoltek.net/item_outs','/index.php?url=item_outs/edit/2064','Mozilla/4.0 (compatible; MSIE 8.0; Windows NT 5.1; Trident/4.0; GTB6.5; .NET CLR 1.1.4322)','2010-09-16 12:32:13'),(30,'202.153.225.69','item_outs','edit','PUT','http://pergudangan.baukpoltek.net/item_outs/edit/2065','/index.php?url=item_outs/edit/2065','Mozilla/4.0 (compatible; MSIE 8.0; Windows NT 5.1; Trident/4.0; GTB6.5; .NET CLR 1.1.4322)','2010-09-16 12:32:08'),(30,'202.153.225.69','item_outs','index','GET','http://pergudangan.baukpoltek.net/item_outs/edit/2065','/index.php?url=item_outs','Mozilla/4.0 (compatible; MSIE 8.0; Windows NT 5.1; Trident/4.0; GTB6.5; .NET CLR 1.1.4322)','2010-09-16 12:32:08'),(30,'202.153.225.69','item_outs','edit','PUT','http://pergudangan.baukpoltek.net/item_outs/edit/2066','/index.php?url=item_outs/edit/2066','Mozilla/4.0 (compatible; MSIE 8.0; Windows NT 5.1; Trident/4.0; GTB6.5; .NET CLR 1.1.4322)','2010-09-16 12:32:00'),(30,'202.153.225.69','item_outs','index','GET','http://pergudangan.baukpoltek.net/item_outs/edit/2066','/index.php?url=item_outs','Mozilla/4.0 (compatible; MSIE 8.0; Windows NT 5.1; Trident/4.0; GTB6.5; .NET CLR 1.1.4322)','2010-09-16 12:32:00'),(30,'202.153.225.69','item_outs','edit','GET','http://pergudangan.baukpoltek.net/item_outs','/index.php?url=item_outs/edit/2065','Mozilla/4.0 (compatible; MSIE 8.0; Windows NT 5.1; Trident/4.0; GTB6.5; .NET CLR 1.1.4322)','2010-09-16 12:32:04'),(30,'202.153.225.69','item_outs','edit','GET','http://pergudangan.baukpoltek.net/item_outs','/index.php?url=item_outs/edit/2067','Mozilla/4.0 (compatible; MSIE 8.0; Windows NT 5.1; Trident/4.0; GTB6.5; .NET CLR 1.1.4322)','2010-09-16 12:31:45'),(30,'202.153.225.69','item_outs','edit','PUT','http://pergudangan.baukpoltek.net/item_outs/edit/2067','/index.php?url=item_outs/edit/2067','Mozilla/4.0 (compatible; MSIE 8.0; Windows NT 5.1; Trident/4.0; GTB6.5; .NET CLR 1.1.4322)','2010-09-16 12:31:51'),(30,'202.153.225.69','item_outs','index','GET','http://pergudangan.baukpoltek.net/item_outs/edit/2067','/index.php?url=item_outs','Mozilla/4.0 (compatible; MSIE 8.0; Windows NT 5.1; Trident/4.0; GTB6.5; .NET CLR 1.1.4322)','2010-09-16 12:31:52'),(30,'202.153.225.69','item_outs','edit','GET','http://pergudangan.baukpoltek.net/item_outs','/index.php?url=item_outs/edit/2066','Mozilla/4.0 (compatible; MSIE 8.0; Windows NT 5.1; Trident/4.0; GTB6.5; .NET CLR 1.1.4322)','2010-09-16 12:31:57'),(30,'202.153.225.69','item_outs','index','GET','http://pergudangan.baukpoltek.net/item_outs/edit/2068','/index.php?url=item_outs','Mozilla/4.0 (compatible; MSIE 8.0; Windows NT 5.1; Trident/4.0; GTB6.5; .NET CLR 1.1.4322)','2010-09-16 12:31:40'),(30,'202.153.225.69','item_outs','edit','PUT','http://pergudangan.baukpoltek.net/item_outs/edit/2068','/index.php?url=item_outs/edit/2068','Mozilla/4.0 (compatible; MSIE 8.0; Windows NT 5.1; Trident/4.0; GTB6.5; .NET CLR 1.1.4322)','2010-09-16 12:31:40'),(30,'202.153.225.69','item_outs','edit','GET','http://pergudangan.baukpoltek.net/item_outs','/index.php?url=item_outs/edit/2068','Mozilla/4.0 (compatible; MSIE 8.0; Windows NT 5.1; Trident/4.0; GTB6.5; .NET CLR 1.1.4322)','2010-09-16 12:31:36'),(30,'202.153.225.69','item_outs','index','GET','http://pergudangan.baukpoltek.net/item_outs/edit/2069','/index.php?url=item_outs','Mozilla/4.0 (compatible; MSIE 8.0; Windows NT 5.1; Trident/4.0; GTB6.5; .NET CLR 1.1.4322)','2010-09-16 12:31:31'),(30,'202.153.225.69','item_outs','edit','PUT','http://pergudangan.baukpoltek.net/item_outs/edit/2069','/index.php?url=item_outs/edit/2069','Mozilla/4.0 (compatible; MSIE 8.0; Windows NT 5.1; Trident/4.0; GTB6.5; .NET CLR 1.1.4322)','2010-09-16 12:31:31'),(30,'202.153.225.69','item_outs','index','GET','http://pergudangan.baukpoltek.net/item_outs/edit/2070','/index.php?url=item_outs','Mozilla/4.0 (compatible; MSIE 8.0; Windows NT 5.1; Trident/4.0; GTB6.5; .NET CLR 1.1.4322)','2010-09-16 12:31:23'),(30,'202.153.225.69','item_outs','edit','GET','http://pergudangan.baukpoltek.net/item_outs','/index.php?url=item_outs/edit/2069','Mozilla/4.0 (compatible; MSIE 8.0; Windows NT 5.1; Trident/4.0; GTB6.5; .NET CLR 1.1.4322)','2010-09-16 12:31:28'),(30,'202.153.225.69','item_outs','edit','PUT','http://pergudangan.baukpoltek.net/item_outs/edit/2070','/index.php?url=item_outs/edit/2070','Mozilla/4.0 (compatible; MSIE 8.0; Windows NT 5.1; Trident/4.0; GTB6.5; .NET CLR 1.1.4322)','2010-09-16 12:31:23'),(30,'202.153.225.69','item_outs','index','GET','http://pergudangan.baukpoltek.net/item_outs/edit/2071','/index.php?url=item_outs','Mozilla/4.0 (compatible; MSIE 8.0; Windows NT 5.1; Trident/4.0; GTB6.5; .NET CLR 1.1.4322)','2010-09-16 12:31:17'),(30,'202.153.225.69','item_outs','edit','GET','http://pergudangan.baukpoltek.net/item_outs','/index.php?url=item_outs/edit/2070','Mozilla/4.0 (compatible; MSIE 8.0; Windows NT 5.1; Trident/4.0; GTB6.5; .NET CLR 1.1.4322)','2010-09-16 12:31:21'),(30,'202.153.225.69','item_outs','edit','PUT','http://pergudangan.baukpoltek.net/item_outs/edit/2071','/index.php?url=item_outs/edit/2071','Mozilla/4.0 (compatible; MSIE 8.0; Windows NT 5.1; Trident/4.0; GTB6.5; .NET CLR 1.1.4322)','2010-09-16 12:31:17'),(30,'202.153.225.69','item_outs','edit','GET','http://pergudangan.baukpoltek.net/item_outs','/index.php?url=item_outs/edit/2071','Mozilla/4.0 (compatible; MSIE 8.0; Windows NT 5.1; Trident/4.0; GTB6.5; .NET CLR 1.1.4322)','2010-09-16 12:31:14'),(30,'202.153.225.69','item_outs','index','GET','http://pergudangan.baukpoltek.net/item_outs/edit/2072','/index.php?url=item_outs','Mozilla/4.0 (compatible; MSIE 8.0; Windows NT 5.1; Trident/4.0; GTB6.5; .NET CLR 1.1.4322)','2010-09-16 12:31:11'),(30,'202.153.225.69','item_outs','edit','PUT','http://pergudangan.baukpoltek.net/item_outs/edit/2072','/index.php?url=item_outs/edit/2072','Mozilla/4.0 (compatible; MSIE 8.0; Windows NT 5.1; Trident/4.0; GTB6.5; .NET CLR 1.1.4322)','2010-09-16 12:31:11'),(30,'202.153.225.69','item_outs','edit','GET','http://pergudangan.baukpoltek.net/item_outs','/index.php?url=item_outs/edit/2072','Mozilla/4.0 (compatible; MSIE 8.0; Windows NT 5.1; Trident/4.0; GTB6.5; .NET CLR 1.1.4322)','2010-09-16 12:31:03'),(30,'202.153.225.69','item_outs','index','GET','http://pergudangan.baukpoltek.net/item_outs','/index.php?url=item_outs/index/page:1&ajax=1','Mozilla/4.0 (compatible; MSIE 8.0; Windows NT 5.1; Trident/4.0; GTB6.5; .NET CLR 1.1.4322)','2010-09-16 12:30:59'),(30,'202.153.225.69','item_outs','index','GET','http://pergudangan.baukpoltek.net/users/login','/index.php?url=item_outs','Mozilla/4.0 (compatible; MSIE 8.0; Windows NT 5.1; Trident/4.0; GTB6.5; .NET CLR 1.1.4322)','2010-09-16 12:30:30'),(3,'125.161.150.63','pages','display','GET','http://pergudangan.baukpoltek.net/users/login','/','Mozilla/5.0 (Windows; U; Windows NT 5.1; en-US; rv:1.9.1.11) Gecko/20100701 Firefox/3.5.11','2010-09-15 21:35:35'),(3,'125.161.150.63','users','login','GET','http://pergudangan.baukpoltek.net/users/login','/index.php?url=users/login','Mozilla/5.0 (Windows; U; Windows NT 5.1; en-US; rv:1.9.1.11) Gecko/20100701 Firefox/3.5.11','2010-09-15 21:35:34'),(3,'125.161.150.63','groups','index','GET','http://pergudangan.baukpoltek.net/users/login','/index.php?url=groups','Mozilla/5.0 (Windows; U; Windows NT 5.1; en-US; rv:1.9.1.11) Gecko/20100701 Firefox/3.5.11','2010-09-15 21:35:34'),(1,'125.161.150.63','groups','index','GET','http://pergudangan.baukpoltek.net/groups/edit/23','/index.php?url=groups','Mozilla/5.0 (Windows; U; Windows NT 5.1; en-US; rv:1.9.1.11) Gecko/20100701 Firefox/3.5.11','2010-09-15 21:35:15'),(1,'125.161.150.63','users','logout','GET','http://pergudangan.baukpoltek.net/groups','/index.php?url=users/logout','Mozilla/5.0 (Windows; U; Windows NT 5.1; en-US; rv:1.9.1.11) Gecko/20100701 Firefox/3.5.11','2010-09-15 21:35:23'),(1,'125.161.150.63','groups','edit','GET','http://pergudangan.baukpoltek.net/groups','/index.php?url=groups/edit/23','Mozilla/5.0 (Windows; U; Windows NT 5.1; en-US; rv:1.9.1.11) Gecko/20100701 Firefox/3.5.11','2010-09-15 21:34:55'),(1,'125.161.150.63','groups','index','GET','http://pergudangan.baukpoltek.net/groups/edit/24','/index.php?url=groups','Mozilla/5.0 (Windows; U; Windows NT 5.1; en-US; rv:1.9.1.11) Gecko/20100701 Firefox/3.5.11','2010-09-15 21:34:51'),(1,'125.161.150.63','groups','edit','GET','http://pergudangan.baukpoltek.net/','/index.php?url=groups/edit/24','Mozilla/5.0 (Windows; U; Windows NT 5.1; en-US; rv:1.9.1.11) Gecko/20100701 Firefox/3.5.11','2010-09-15 21:34:27'),(1,'125.161.150.63','groups','edit','PUT','http://pergudangan.baukpoltek.net/groups/edit/24','/index.php?url=groups/edit/24','Mozilla/5.0 (Windows; U; Windows NT 5.1; en-US; rv:1.9.1.11) Gecko/20100701 Firefox/3.5.11','2010-09-15 21:34:51'),(1,'125.161.150.63','pages','display','GET','http://pergudangan.baukpoltek.net/users/login','/','Mozilla/5.0 (Windows; U; Windows NT 5.1; en-US; rv:1.9.1.11) Gecko/20100701 Firefox/3.5.11','2010-09-15 21:34:21'),(1,'125.161.150.63','groups','index','GET','http://pergudangan.baukpoltek.net/','/index.php?url=groups&ajax=1','Mozilla/5.0 (Windows; U; Windows NT 5.1; en-US; rv:1.9.1.11) Gecko/20100701 Firefox/3.5.11','2010-09-15 21:34:24'),(3,'125.161.150.63','users','logout','GET','http://pergudangan.baukpoltek.net/','/index.php?url=users/logout','Mozilla/5.0 (Windows; U; Windows NT 5.1; en-US; rv:1.9.1.11) Gecko/20100701 Firefox/3.5.11','2010-09-15 21:34:12'),(3,'125.161.150.63','item_outs','index','GET','http://pergudangan.baukpoltek.net/','/index.php?url=item_outs&ajax=1','Mozilla/5.0 (Windows; U; Windows NT 5.1; en-US; rv:1.9.1.11) Gecko/20100701 Firefox/3.5.11','2010-09-15 21:33:55'),(3,'125.161.150.63','items','view_stocks','GET','http://pergudangan.baukpoltek.net/','/index.php?url=items/view_stocks&ajax=1','Mozilla/5.0 (Windows; U; Windows NT 5.1; en-US; rv:1.9.1.11) Gecko/20100701 Firefox/3.5.11','2010-09-15 21:33:48'),(3,'125.161.150.63','reports','index','GET','http://pergudangan.baukpoltek.net/','/index.php?url=reports/&ajax=1','Mozilla/5.0 (Windows; U; Windows NT 5.1; en-US; rv:1.9.1.11) Gecko/20100701 Firefox/3.5.11','2010-09-15 21:33:53'),(3,'125.161.150.63','pages','display','GET','http://pergudangan.baukpoltek.net/users/login','/','Mozilla/5.0 (Windows; U; Windows NT 5.1; en-US; rv:1.9.1.11) Gecko/20100701 Firefox/3.5.11','2010-09-15 21:33:19'),(3,'125.161.150.63','items','view_zero_stocks','GET','http://pergudangan.baukpoltek.net/','/index.php?url=items/view_zero_stocks&ajax=1','Mozilla/5.0 (Windows; U; Windows NT 5.1; en-US; rv:1.9.1.11) Gecko/20100701 Firefox/3.5.11','2010-09-15 21:33:21'),(3,'125.161.150.63','users','login','GET','http://pergudangan.baukpoltek.net/users/login','/index.php?url=users/login','Mozilla/5.0 (Windows; U; Windows NT 5.1; en-US; rv:1.9.1.11) Gecko/20100701 Firefox/3.5.11','2010-09-15 21:33:19'),(3,'125.161.150.63','groups','index','GET','http://pergudangan.baukpoltek.net/users/login','/index.php?url=groups','Mozilla/5.0 (Windows; U; Windows NT 5.1; en-US; rv:1.9.1.11) Gecko/20100701 Firefox/3.5.11','2010-09-15 21:33:19'),(1,'125.161.150.63','groups','edit','PUT','http://pergudangan.baukpoltek.net/groups/edit/24','/index.php?url=groups/edit/24','Mozilla/5.0 (Windows; U; Windows NT 5.1; en-US; rv:1.9.1.11) Gecko/20100701 Firefox/3.5.11','2010-09-15 21:32:55'),(1,'125.161.150.63','groups','index','GET','http://pergudangan.baukpoltek.net/groups/edit/24','/index.php?url=groups','Mozilla/5.0 (Windows; U; Windows NT 5.1; en-US; rv:1.9.1.11) Gecko/20100701 Firefox/3.5.11','2010-09-15 21:32:55'),(1,'125.161.150.63','users','logout','GET','http://pergudangan.baukpoltek.net/groups','/index.php?url=users/logout','Mozilla/5.0 (Windows; U; Windows NT 5.1; en-US; rv:1.9.1.11) Gecko/20100701 Firefox/3.5.11','2010-09-15 21:33:09'),(3,'125.161.150.63','pages','display','GET','http://pergudangan.baukpoltek.net/users/login','/','Mozilla/5.0 (Windows; U; Windows NT 5.1; en-US; rv:1.9.1.11) Gecko/20100701 Firefox/3.5.11','2010-09-15 21:30:42'),(1,'125.161.150.63','reports','stocks','GET','http://pergudangan.baukpoltek.net/reports/stocks_per_item_id','/index.php?url=reports/stocks','Mozilla/5.0 (Windows; U; Windows NT 5.1; en-US; rv:1.9.1.11) Gecko/20100701 Firefox/3.5.11','2010-09-15 21:16:30'),(1,'125.161.150.63','reports','index','GET','http://pergudangan.baukpoltek.net/reports/stocks_per_item_id','/index.php?url=reports/&ajax=1','Mozilla/5.0 (Windows; U; Windows NT 5.1; en-US; rv:1.9.1.11) Gecko/20100701 Firefox/3.5.11','2010-09-15 21:17:29'),(1,'125.161.150.63','reports','stocks_per_role_id','GET','http://pergudangan.baukpoltek.net/reports/stocks_per_item_id','/index.php?url=reports/stocks_per_role_id','Mozilla/5.0 (Windows; U; Windows NT 5.1; en-US; rv:1.9.1.11) Gecko/20100701 Firefox/3.5.11','2010-09-15 21:17:31'),(1,'125.161.150.63','groups','edit','GET','http://pergudangan.baukpoltek.net/menus/edit/11','/index.php?url=groups/edit/24','Mozilla/5.0 (Windows; U; Windows NT 5.1; en-US; rv:1.9.1.11) Gecko/20100701 Firefox/3.5.11','2010-09-15 21:32:02'),(1,'125.161.150.63','groups','index','GET','http://pergudangan.baukpoltek.net/menus/edit/11','/index.php?url=groups&ajax=1','Mozilla/5.0 (Windows; U; Windows NT 5.1; en-US; rv:1.9.1.11) Gecko/20100701 Firefox/3.5.11','2010-09-15 21:31:57'),(1,'125.161.150.63','menus','edit','GET','http://pergudangan.baukpoltek.net/','/index.php?url=menus/edit/11','Mozilla/5.0 (Windows; U; Windows NT 5.1; en-US; rv:1.9.1.11) Gecko/20100701 Firefox/3.5.11','2010-09-15 21:31:50'),(1,'125.161.150.63','menus','index','GET','http://pergudangan.baukpoltek.net/','/index.php?url=menus&ajax=1','Mozilla/5.0 (Windows; U; Windows NT 5.1; en-US; rv:1.9.1.11) Gecko/20100701 Firefox/3.5.11','2010-09-15 21:31:47'),(1,'125.161.150.63','pages','display','GET','http://pergudangan.baukpoltek.net/users/login','/','Mozilla/5.0 (Windows; U; Windows NT 5.1; en-US; rv:1.9.1.11) Gecko/20100701 Firefox/3.5.11','2010-09-15 21:31:32'),(1,'125.161.150.63','users','logout','GET','http://pergudangan.baukpoltek.net/','/index.php?url=users/logout','Mozilla/5.0 (Windows; U; Windows NT 5.1; en-US; rv:1.9.1.11) Gecko/20100701 Firefox/3.5.11','2010-09-15 21:31:23'),(1,'125.161.150.63','pages','display','GET','http://pergudangan.baukpoltek.net/users/login','/','Mozilla/5.0 (Windows; U; Windows NT 5.1; en-US; rv:1.9.1.11) Gecko/20100701 Firefox/3.5.11','2010-09-15 21:31:16'),(1,'125.161.150.63','users','login','GET','http://pergudangan.baukpoltek.net/users/login','/index.php?url=users/login','Mozilla/5.0 (Windows; U; Windows NT 5.1; en-US; rv:1.9.1.11) Gecko/20100701 Firefox/3.5.11','2010-09-15 21:31:16'),(3,'125.161.150.63','users','login','POST','http://pergudangan.baukpoltek.net/users/login','/index.php?url=users/login','Mozilla/5.0 (Windows; U; Windows NT 5.1; en-US; rv:1.9.1.11) Gecko/20100701 Firefox/3.5.11','2010-09-15 21:31:16'),(3,'125.161.150.63','items','view_stocks','GET','http://pergudangan.baukpoltek.net/','/index.php?url=items/view_stocks&ajax=1','Mozilla/5.0 (Windows; U; Windows NT 5.1; en-US; rv:1.9.1.11) Gecko/20100701 Firefox/3.5.11','2010-09-15 21:31:01'),(3,'125.161.150.63','reports','index','GET','http://pergudangan.baukpoltek.net/','/index.php?url=reports/&ajax=1','Mozilla/5.0 (Windows; U; Windows NT 5.1; en-US; rv:1.9.1.11) Gecko/20100701 Firefox/3.5.11','2010-09-15 21:30:58'),(3,'125.161.150.63','item_outs','index','GET','http://pergudangan.baukpoltek.net/','/index.php?url=item_outs&ajax=1','Mozilla/5.0 (Windows; U; Windows NT 5.1; en-US; rv:1.9.1.11) Gecko/20100701 Firefox/3.5.11','2010-09-15 21:30:56'),(30,'125.161.150.63','users','login','GET','http://pergudangan.baukpoltek.net/users/login','/index.php?url=users/login','Mozilla/5.0 (Windows; U; Windows NT 5.1; en-US; rv:1.9.1.11) Gecko/20100701 Firefox/3.5.11','2010-09-15 20:35:48'),(30,'125.161.150.63','pages','display','GET','http://pergudangan.baukpoltek.net/users/login','/','Mozilla/5.0 (Windows; U; Windows NT 5.1; en-US; rv:1.9.1.11) Gecko/20100701 Firefox/3.5.11','2010-09-15 20:35:48'),(30,'125.161.150.63','items','view_zero_stocks','GET','http://pergudangan.baukpoltek.net/','/index.php?url=items/view_zero_stocks&ajax=1','Mozilla/5.0 (Windows; U; Windows NT 5.1; en-US; rv:1.9.1.11) Gecko/20100701 Firefox/3.5.11','2010-09-15 20:35:51'),(30,'125.161.150.63','users','logout','GET','http://pergudangan.baukpoltek.net/','/index.php?url=users/logout','Mozilla/5.0 (Windows; U; Windows NT 5.1; en-US; rv:1.9.1.11) Gecko/20100701 Firefox/3.5.11','2010-09-15 20:49:03'),(1,'125.161.150.63','pages','display','GET','http://pergudangan.baukpoltek.net/users/login','/','Mozilla/5.0 (Windows; U; Windows NT 5.1; en-US; rv:1.9.1.11) Gecko/20100701 Firefox/3.5.11','2010-09-15 20:49:14'),(1,'125.161.150.63','items','view_zero_stocks','GET','http://pergudangan.baukpoltek.net/','/index.php?url=items/view_zero_stocks&ajax=1','Mozilla/5.0 (Windows; U; Windows NT 5.1; en-US; rv:1.9.1.11) Gecko/20100701 Firefox/3.5.11','2010-09-15 20:51:23'),(1,'125.161.150.63','users','logout','GET','http://pergudangan.baukpoltek.net/','/index.php?url=users/logout','Mozilla/5.0 (Windows; U; Windows NT 5.1; en-US; rv:1.9.1.11) Gecko/20100701 Firefox/3.5.11','2010-09-15 20:52:05'),(1,'125.161.150.63','pages','display','GET','http://pergudangan.baukpoltek.net/users/login','/','Mozilla/5.0 (Windows; U; Windows NT 5.1; en-US; rv:1.9.1.11) Gecko/20100701 Firefox/3.5.11','2010-09-15 20:52:15'),(1,'125.161.150.63','pages','display','GET','http://pergudangan.baukpoltek.net/users/login','/','Mozilla/5.0 (Windows; U; Windows NT 5.1; en-US; rv:1.9.1.11) Gecko/20100701 Firefox/3.5.11','2010-09-15 21:00:38'),(1,'125.161.150.63','reports','index','GET','http://pergudangan.baukpoltek.net/','/index.php?url=reports/&ajax=1','Mozilla/5.0 (Windows; U; Windows NT 5.1; en-US; rv:1.9.1.11) Gecko/20100701 Firefox/3.5.11','2010-09-15 21:00:45'),(1,'125.161.150.63','reports','stocks','GET','http://pergudangan.baukpoltek.net/','/index.php?url=reports/stocks','Mozilla/5.0 (Windows; U; Windows NT 5.1; en-US; rv:1.9.1.11) Gecko/20100701 Firefox/3.5.11','2010-09-15 21:00:47'),(1,'125.161.150.63','reports','index','GET','http://pergudangan.baukpoltek.net/','/index.php?url=reports/&ajax=1','Mozilla/5.0 (Windows; U; Windows NT 5.1; en-US; rv:1.9.1.11) Gecko/20100701 Firefox/3.5.11','2010-09-15 21:01:55'),(1,'125.161.150.63','reports','stocks_per_role_id','GET','http://pergudangan.baukpoltek.net/','/index.php?url=reports/stocks_per_role_id','Mozilla/5.0 (Windows; U; Windows NT 5.1; en-US; rv:1.9.1.11) Gecko/20100701 Firefox/3.5.11','2010-09-15 21:01:59'),(1,'125.161.150.63','reports','stocks_per_role','POST','http://pergudangan.baukpoltek.net/reports/stocks_per_role_id','/index.php?url=reports/stocks_per_role','Mozilla/5.0 (Windows; U; Windows NT 5.1; en-US; rv:1.9.1.11) Gecko/20100701 Firefox/3.5.11','2010-09-15 21:02:11'),(1,'125.161.150.63','reports','stocks_per_role','POST','http://pergudangan.baukpoltek.net/reports/stocks_per_role_id','/index.php?url=reports/stocks_per_role','Mozilla/5.0 (Windows; U; Windows NT 5.1; en-US; rv:1.9.1.11) Gecko/20100701 Firefox/3.5.11','2010-09-15 21:02:53'),(1,'125.161.150.63','reports','index','GET','http://pergudangan.baukpoltek.net/reports/stocks_per_role_id','/index.php?url=reports/&ajax=1','Mozilla/5.0 (Windows; U; Windows NT 5.1; en-US; rv:1.9.1.11) Gecko/20100701 Firefox/3.5.11','2010-09-15 21:03:38'),(1,'125.161.150.63','reports','stocks_per_item_id','GET','http://pergudangan.baukpoltek.net/reports/stocks_per_role_id','/index.php?url=reports/stocks_per_item_id','Mozilla/5.0 (Windows; U; Windows NT 5.1; en-US; rv:1.9.1.11) Gecko/20100701 Firefox/3.5.11','2010-09-15 21:03:40'),(1,'125.161.150.63','reports','stocks_per_item_ext','GET','http://pergudangan.baukpoltek.net/reports/stocks_per_item_id','/index.php?url=reports/stocks_per_item_ext/67/2010-09-15/','Mozilla/5.0 (Windows; U; Windows NT 5.1; en-US; rv:1.9.1.11) Gecko/20100701 Firefox/3.5.11','2010-09-15 21:03:50'),(1,'125.161.150.63','items','view_stocks','GET','http://pergudangan.baukpoltek.net/reports/stocks_per_item_id','/index.php?url=items/view_stocks&ajax=1','Mozilla/5.0 (Windows; U; Windows NT 5.1; en-US; rv:1.9.1.11) Gecko/20100701 Firefox/3.5.11','2010-09-15 21:05:34'),(1,'125.161.150.63','items','view_zero_stocks','GET','http://pergudangan.baukpoltek.net/reports/stocks_per_item_id','/index.php?url=items/view_zero_stocks&ajax=1','Mozilla/5.0 (Windows; U; Windows NT 5.1; en-US; rv:1.9.1.11) Gecko/20100701 Firefox/3.5.11','2010-09-15 21:08:22'),(1,'125.161.150.63','reports','index','GET','http://pergudangan.baukpoltek.net/reports/stocks_per_item_id','/index.php?url=reports/&ajax=1','Mozilla/5.0 (Windows; U; Windows NT 5.1; en-US; rv:1.9.1.11) Gecko/20100701 Firefox/3.5.11','2010-09-15 21:15:41'),(1,'125.161.150.63','users','logout','GET','http://pergudangan.baukpoltek.net/reports/stocks_per_item_id','/index.php?url=users/logout','Mozilla/5.0 (Windows; U; Windows NT 5.1; en-US; rv:1.9.1.11) Gecko/20100701 Firefox/3.5.11','2010-09-15 21:25:47'),(1,'125.161.150.63','items','view_zero_stocks','GET','http://pergudangan.baukpoltek.net/reports/stocks_per_item_id','/index.php?url=items/view_zero_stocks&ajax=1','Mozilla/5.0 (Windows; U; Windows NT 5.1; en-US; rv:1.9.1.11) Gecko/20100701 Firefox/3.5.11','2010-09-15 21:19:43'),(1,'125.161.150.63','items','view_stocks','GET','http://pergudangan.baukpoltek.net/reports/stocks_per_item_id','/index.php?url=items/view_stocks&ajax=1','Mozilla/5.0 (Windows; U; Windows NT 5.1; en-US; rv:1.9.1.11) Gecko/20100701 Firefox/3.5.11','2010-09-15 21:18:51'),(1,'125.161.150.63','reports','stocks_per_item_id','GET','http://pergudangan.baukpoltek.net/reports/stocks_per_role_id','/index.php?url=reports/stocks_per_item_id','Mozilla/5.0 (Windows; U; Windows NT 5.1; en-US; rv:1.9.1.11) Gecko/20100701 Firefox/3.5.11','2010-09-15 21:18:25'),(1,'125.161.150.63','reports','index','GET','http://pergudangan.baukpoltek.net/reports/stocks_per_role_id','/index.php?url=reports/&ajax=1','Mozilla/5.0 (Windows; U; Windows NT 5.1; en-US; rv:1.9.1.11) Gecko/20100701 Firefox/3.5.11','2010-09-15 21:18:23'),(1,'125.161.150.63','reports','stocks_per_role','POST','http://pergudangan.baukpoltek.net/reports/stocks_per_role_id','/index.php?url=reports/stocks_per_role','Mozilla/5.0 (Windows; U; Windows NT 5.1; en-US; rv:1.9.1.11) Gecko/20100701 Firefox/3.5.11','2010-09-15 21:17:40'),(30,'125.161.150.63','users','edit','GET','http://pergudangan.baukpoltek.net/users/login','/index.php?url=users/edit/30','Mozilla/5.0 (Windows; U; Windows NT 5.1; en-US; rv:1.9.1.11) Gecko/20100701 Firefox/3.5.11','2010-09-15 20:35:47'),(1,'125.161.150.63','users','logout','GET','http://pergudangan.baukpoltek.net/users/edit/30','/index.php?url=users/logout','Mozilla/5.0 (Windows; U; Windows NT 5.1; en-US; rv:1.9.1.11) Gecko/20100701 Firefox/3.5.11','2010-09-15 20:35:39'),(1,'125.161.150.63','users','edit','GET','http://pergudangan.baukpoltek.net/groups','/index.php?url=users/edit/30','Mozilla/5.0 (Windows; U; Windows NT 5.1; en-US; rv:1.9.1.11) Gecko/20100701 Firefox/3.5.11','2010-09-15 20:35:31'),(1,'125.161.150.63','users','index','GET','http://pergudangan.baukpoltek.net/groups','/index.php?url=users/index/page:2&ajax=1','Mozilla/5.0 (Windows; U; Windows NT 5.1; en-US; rv:1.9.1.11) Gecko/20100701 Firefox/3.5.11','2010-09-15 20:35:28'),(1,'125.161.150.63','groups','index','GET','http://pergudangan.baukpoltek.net/','/index.php?url=groups&ajax=1','Mozilla/5.0 (Windows; U; Windows NT 5.1; en-US; rv:1.9.1.11) Gecko/20100701 Firefox/3.5.11','2010-09-15 20:34:43'),(1,'125.161.150.63','groups','edit','GET','http://pergudangan.baukpoltek.net/','/index.php?url=groups/edit/23','Mozilla/5.0 (Windows; U; Windows NT 5.1; en-US; rv:1.9.1.11) Gecko/20100701 Firefox/3.5.11','2010-09-15 20:34:48'),(1,'125.161.150.63','groups','edit','PUT','http://pergudangan.baukpoltek.net/groups/edit/23','/index.php?url=groups/edit/23','Mozilla/5.0 (Windows; U; Windows NT 5.1; en-US; rv:1.9.1.11) Gecko/20100701 Firefox/3.5.11','2010-09-15 20:35:19'),(1,'125.161.150.63','groups','index','GET','http://pergudangan.baukpoltek.net/groups/edit/23','/index.php?url=groups','Mozilla/5.0 (Windows; U; Windows NT 5.1; en-US; rv:1.9.1.11) Gecko/20100701 Firefox/3.5.11','2010-09-15 20:35:19'),(1,'125.161.150.63','users','index','GET','http://pergudangan.baukpoltek.net/groups','/index.php?url=users&ajax=1','Mozilla/5.0 (Windows; U; Windows NT 5.1; en-US; rv:1.9.1.11) Gecko/20100701 Firefox/3.5.11','2010-09-15 20:35:24'),(1,'125.161.150.63','item_ins','add','GET','http://pergudangan.baukpoltek.net/reports/stocks_per_role_id','/index.php?url=item_ins/add','Mozilla/5.0 (Windows; U; Windows NT 5.1; en-US; rv:1.9.1.11) Gecko/20100701 Firefox/3.5.11','2010-09-15 17:56:00'),(1,'125.161.150.63','item_outs','index','GET','http://pergudangan.baukpoltek.net/item_ins/add','/index.php?url=item_outs&ajax=1','Mozilla/5.0 (Windows; U; Windows NT 5.1; en-US; rv:1.9.1.11) Gecko/20100701 Firefox/3.5.11','2010-09-15 17:56:03'),(1,'125.161.150.63','item_outs','add','GET','http://pergudangan.baukpoltek.net/item_ins/add','/index.php?url=item_outs/add','Mozilla/5.0 (Windows; U; Windows NT 5.1; en-US; rv:1.9.1.11) Gecko/20100701 Firefox/3.5.11','2010-09-15 17:56:12'),(1,'125.161.150.63','pages','display','GET','http://pergudangan.baukpoltek.net/users/login','/','Mozilla/5.0 (Windows; U; Windows NT 5.1; en-US; rv:1.9.1.11) Gecko/20100701 Firefox/3.5.11','2010-09-15 20:34:19'),(1,'125.161.150.63','users','index','GET','http://pergudangan.baukpoltek.net/','/index.php?url=users&ajax=1','Mozilla/5.0 (Windows; U; Windows NT 5.1; en-US; rv:1.9.1.11) Gecko/20100701 Firefox/3.5.11','2010-09-15 20:34:38'),(1,'125.161.150.63','item_ins','index','GET','http://pergudangan.baukpoltek.net/reports/stocks_per_role_id','/index.php?url=item_ins&ajax=1','Mozilla/5.0 (Windows; U; Windows NT 5.1; en-US; rv:1.9.1.11) Gecko/20100701 Firefox/3.5.11','2010-09-15 17:55:54'),(1,'125.161.150.63','reports','stocks_per_role_id','GET','http://pergudangan.baukpoltek.net/reports/stocks_per_role_id','/index.php?url=reports/stocks_per_role_id','Mozilla/5.0 (Windows; U; Windows NT 5.1; en-US; rv:1.9.1.11) Gecko/20100701 Firefox/3.5.11','2010-09-15 17:55:37'),(1,'125.161.150.63','item_ins','index','GET','http://pergudangan.baukpoltek.net/reports/stocks_per_role_id','/index.php?url=item_ins&ajax=1','Mozilla/5.0 (Windows; U; Windows NT 5.1; en-US; rv:1.9.1.11) Gecko/20100701 Firefox/3.5.11','2010-09-15 17:55:34'),(1,'125.161.150.63','items','view_zero_stocks','GET','http://pergudangan.baukpoltek.net/reports/stocks_per_role_id','/index.php?url=items/view_zero_stocks&ajax=1','Mozilla/5.0 (Windows; U; Windows NT 5.1; en-US; rv:1.9.1.11) Gecko/20100701 Firefox/3.5.11','2010-09-15 17:54:52'),(1,'125.161.150.63','reports','stocks','GET','http://pergudangan.baukpoltek.net/reports/stocks_per_role_id','/index.php?url=reports/stocks','Mozilla/5.0 (Windows; U; Windows NT 5.1; en-US; rv:1.9.1.11) Gecko/20100701 Firefox/3.5.11','2010-09-15 17:54:42'),(1,'125.161.150.63','reports','index','GET','http://pergudangan.baukpoltek.net/reports/stocks_per_role_id','/index.php?url=reports/&ajax=1','Mozilla/5.0 (Windows; U; Windows NT 5.1; en-US; rv:1.9.1.11) Gecko/20100701 Firefox/3.5.11','2010-09-15 17:54:41'),(1,'125.161.150.63','reports','stocks_per_role_id','GET','http://pergudangan.baukpoltek.net/reports/stocks_per_role_id','/index.php?url=reports/stocks_per_role_id','Mozilla/5.0 (Windows; U; Windows NT 5.1; en-US; rv:1.9.1.11) Gecko/20100701 Firefox/3.5.11','2010-09-15 17:54:36'),(1,'125.161.150.63','reports','index','GET','http://pergudangan.baukpoltek.net/reports/stocks_per_role_id','/index.php?url=reports/&ajax=1','Mozilla/5.0 (Windows; U; Windows NT 5.1; en-US; rv:1.9.1.11) Gecko/20100701 Firefox/3.5.11','2010-09-15 17:54:24'),(1,'125.161.150.63','reports','stocks_per_role_id','GET','http://pergudangan.baukpoltek.net/reports/stocks_per_item_id','/index.php?url=reports/stocks_per_role_id','Mozilla/5.0 (Windows; U; Windows NT 5.1; en-US; rv:1.9.1.11) Gecko/20100701 Firefox/3.5.11','2010-09-15 17:53:41'),(1,'125.161.150.63','reports','stocks_per_role','POST','http://pergudangan.baukpoltek.net/reports/stocks_per_role_id','/index.php?url=reports/stocks_per_role','Mozilla/5.0 (Windows; U; Windows NT 5.1; en-US; rv:1.9.1.11) Gecko/20100701 Firefox/3.5.11','2010-09-15 17:53:51'),(1,'125.161.150.63','reports','index','GET','http://pergudangan.baukpoltek.net/reports/stocks_per_item_id','/index.php?url=reports/&ajax=1','Mozilla/5.0 (Windows; U; Windows NT 5.1; en-US; rv:1.9.1.11) Gecko/20100701 Firefox/3.5.11','2010-09-15 17:53:39'),(1,'125.161.150.63','items','view_stocks','GET','http://pergudangan.baukpoltek.net/reports/stocks_per_item_id','/index.php?url=items/view_stocks&ajax=1','Mozilla/5.0 (Windows; U; Windows NT 5.1; en-US; rv:1.9.1.11) Gecko/20100701 Firefox/3.5.11','2010-09-15 17:53:35'),(1,'125.161.150.63','reports','stocks_per_item_ext','GET','http://pergudangan.baukpoltek.net/reports/stocks_per_item_id','/index.php?url=reports/stocks_per_item_ext/187/2010-09-15/','Mozilla/5.0 (Windows; U; Windows NT 5.1; en-US; rv:1.9.1.11) Gecko/20100701 Firefox/3.5.11','2010-09-15 17:52:25'),(1,'125.161.150.63','reports','stocks_per_item_id','GET','http://pergudangan.baukpoltek.net/item_ins/add','/index.php?url=reports/stocks_per_item_id','Mozilla/5.0 (Windows; U; Windows NT 5.1; en-US; rv:1.9.1.11) Gecko/20100701 Firefox/3.5.11','2010-09-15 17:51:50'),(1,'125.161.150.63','reports','stocks_per_item_ext','GET','http://pergudangan.baukpoltek.net/reports/stocks_per_item_id','/index.php?url=reports/stocks_per_item_ext/196/2010-09-15/','Mozilla/5.0 (Windows; U; Windows NT 5.1; en-US; rv:1.9.1.11) Gecko/20100701 Firefox/3.5.11','2010-09-15 17:52:03'),(1,'125.161.150.63','reports','index','GET','http://pergudangan.baukpoltek.net/item_ins/add','/index.php?url=reports/&ajax=1','Mozilla/5.0 (Windows; U; Windows NT 5.1; en-US; rv:1.9.1.11) Gecko/20100701 Firefox/3.5.11','2010-09-15 17:51:47'),(1,'125.161.150.63','item_outs','index','GET','http://pergudangan.baukpoltek.net/item_ins/add','/index.php?url=item_outs&ajax=1','Mozilla/5.0 (Windows; U; Windows NT 5.1; en-US; rv:1.9.1.11) Gecko/20100701 Firefox/3.5.11','2010-09-15 17:51:36'),(1,'125.161.150.63','item_ins','index','GET','http://pergudangan.baukpoltek.net/','/index.php?url=item_ins&ajax=1','Mozilla/5.0 (Windows; U; Windows NT 5.1; en-US; rv:1.9.1.11) Gecko/20100701 Firefox/3.5.11','2010-09-15 17:51:28'),(1,'125.161.150.63','item_ins','add','GET','http://pergudangan.baukpoltek.net/','/index.php?url=item_ins/add','Mozilla/5.0 (Windows; U; Windows NT 5.1; en-US; rv:1.9.1.11) Gecko/20100701 Firefox/3.5.11','2010-09-15 17:51:32'),(1,'125.161.150.63','reports','stocks','GET','http://pergudangan.baukpoltek.net/','/index.php?url=reports/stocks','Mozilla/5.0 (Windows; U; Windows NT 5.1; en-US; rv:1.9.1.11) Gecko/20100701 Firefox/3.5.11','2010-09-15 17:48:00'),(1,'125.161.150.63','reports','index','GET','http://pergudangan.baukpoltek.net/','/index.php?url=reports/&ajax=1','Mozilla/5.0 (Windows; U; Windows NT 5.1; en-US; rv:1.9.1.11) Gecko/20100701 Firefox/3.5.11','2010-09-15 17:47:54'),(1,'125.161.150.63','pages','display','GET','http://pergudangan.baukpoltek.net/users/login','/','Mozilla/5.0 (Windows; U; Windows NT 5.1; en-US; rv:1.9.1.11) Gecko/20100701 Firefox/3.5.11','2010-09-15 17:47:50'),(1,'223.255.224.2','reports','stocks_per_item_id','GET','http://pergudangan.baukpoltek.net/','/index.php?url=reports/stocks_per_item_id','Mozilla/4.0 (compatible; MSIE 8.0; Windows NT 6.1; Trident/4.0; SLCC2; .NET CLR 2.0.50727; .NET CLR 3.5.30729; .NET CLR 3.0.30729; Media Center PC 6.0; InfoPath.2; Tablet PC 2.0)','2010-09-15 08:11:22'),(1,'223.255.224.2','users','logout','GET','http://pergudangan.baukpoltek.net/reports/stocks_per_item_id','/index.php?url=users/logout','Mozilla/4.0 (compatible; MSIE 8.0; Windows NT 6.1; Trident/4.0; SLCC2; .NET CLR 2.0.50727; .NET CLR 3.5.30729; .NET CLR 3.0.30729; Media Center PC 6.0; InfoPath.2; Tablet PC 2.0)','2010-09-15 08:11:27'),(1,'223.255.224.2','item_outs','index','GET','http://pergudangan.baukpoltek.net/','/index.php?url=item_outs&ajax=1','Mozilla/4.0 (compatible; MSIE 8.0; Windows NT 6.1; Trident/4.0; SLCC2; .NET CLR 2.0.50727; .NET CLR 3.5.30729; .NET CLR 3.0.30729; Media Center PC 6.0; InfoPath.2; Tablet PC 2.0)','2010-09-15 08:11:10'),(1,'223.255.224.2','reports','index','GET','http://pergudangan.baukpoltek.net/','/index.php?url=reports/&ajax=1','Mozilla/4.0 (compatible; MSIE 8.0; Windows NT 6.1; Trident/4.0; SLCC2; .NET CLR 2.0.50727; .NET CLR 3.5.30729; .NET CLR 3.0.30729; Media Center PC 6.0; InfoPath.2; Tablet PC 2.0)','2010-09-15 08:11:18'),(1,'223.255.225.4','items','edit','GET','http://pergudangan.baukpoltek.net/reports/stocks_per_item_id','/index.php?url=items/edit/360','Mozilla/5.0 (Windows; U; Windows NT 5.1; en-US; rv:1.9.2.3) Gecko/20100401 Firefox/3.6.3','2010-09-15 05:43:16'),(1,'223.255.225.4','items','edit','POST','http://pergudangan.baukpoltek.net/items/edit/360','/index.php?url=items/edit/360','Mozilla/5.0 (Windows; U; Windows NT 5.1; en-US; rv:1.9.2.3) Gecko/20100401 Firefox/3.6.3','2010-09-15 05:43:34'),(1,'223.255.225.4','items','index','GET','http://pergudangan.baukpoltek.net/items/edit/360','/index.php?url=items','Mozilla/5.0 (Windows; U; Windows NT 5.1; en-US; rv:1.9.2.3) Gecko/20100401 Firefox/3.6.3','2010-09-15 05:43:35'),(1,'223.255.225.4','users','index','GET','http://pergudangan.baukpoltek.net/items','/index.php?url=users&ajax=1','Mozilla/5.0 (Windows; U; Windows NT 5.1; en-US; rv:1.9.2.3) Gecko/20100401 Firefox/3.6.3','2010-09-15 05:43:39'),(1,'223.255.225.4','users','index','GET','http://pergudangan.baukpoltek.net/items','/index.php?url=users/index/page:2&ajax=1','Mozilla/5.0 (Windows; U; Windows NT 5.1; en-US; rv:1.9.2.3) Gecko/20100401 Firefox/3.6.3','2010-09-15 05:43:48'),(1,'223.255.225.4','users','edit','GET','http://pergudangan.baukpoltek.net/items','/index.php?url=users/edit/30','Mozilla/5.0 (Windows; U; Windows NT 5.1; en-US; rv:1.9.2.3) Gecko/20100401 Firefox/3.6.3','2010-09-15 05:43:54'),(1,'223.255.225.4','users','logout','GET','http://pergudangan.baukpoltek.net/users/edit/30','/index.php?url=users/logout','Mozilla/5.0 (Windows; U; Windows NT 5.1; en-US; rv:1.9.2.3) Gecko/20100401 Firefox/3.6.3','2010-09-15 05:44:11'),(30,'223.255.225.4','users','edit','GET','http://pergudangan.baukpoltek.net/users/login','/index.php?url=users/edit/30','Mozilla/5.0 (Windows; U; Windows NT 5.1; en-US; rv:1.9.2.3) Gecko/20100401 Firefox/3.6.3','2010-09-15 05:44:25'),(30,'223.255.225.4','users','login','GET','http://pergudangan.baukpoltek.net/users/login','/index.php?url=users/login','Mozilla/5.0 (Windows; U; Windows NT 5.1; en-US; rv:1.9.2.3) Gecko/20100401 Firefox/3.6.3','2010-09-15 05:44:27'),(30,'223.255.225.4','pages','display','GET','http://pergudangan.baukpoltek.net/users/login','/','Mozilla/5.0 (Windows; U; Windows NT 5.1; en-US; rv:1.9.2.3) Gecko/20100401 Firefox/3.6.3','2010-09-15 05:44:27'),(30,'223.255.225.4','items','index','GET','http://pergudangan.baukpoltek.net/','/index.php?url=items&ajax=1','Mozilla/5.0 (Windows; U; Windows NT 5.1; en-US; rv:1.9.2.3) Gecko/20100401 Firefox/3.6.3','2010-09-15 05:44:36'),(30,'223.255.225.4','items','view_stocks','GET','http://pergudangan.baukpoltek.net/','/index.php?url=items/view_stocks&ajax=1','Mozilla/5.0 (Windows; U; Windows NT 5.1; en-US; rv:1.9.2.3) Gecko/20100401 Firefox/3.6.3','2010-09-15 05:44:59'),(30,'223.255.225.4','users','logout','GET','http://pergudangan.baukpoltek.net/','/index.php?url=users/logout','Mozilla/5.0 (Windows; U; Windows NT 5.1; en-US; rv:1.9.2.3) Gecko/20100401 Firefox/3.6.3','2010-09-15 05:46:54'),(1,'223.255.224.2','pages','display','GET','http://pergudangan.baukpoltek.net/users/login','/','Mozilla/4.0 (compatible; MSIE 8.0; Windows NT 6.1; Trident/4.0; SLCC2; .NET CLR 2.0.50727; .NET CLR 3.5.30729; .NET CLR 3.0.30729; Media Center PC 6.0; InfoPath.2; Tablet PC 2.0)','2010-09-15 08:10:22'),(1,'223.255.224.2','items','view_zero_stocks','GET','http://pergudangan.baukpoltek.net/','/index.php?url=items/view_zero_stocks&ajax=1','Mozilla/4.0 (compatible; MSIE 8.0; Windows NT 6.1; Trident/4.0; SLCC2; .NET CLR 2.0.50727; .NET CLR 3.5.30729; .NET CLR 3.0.30729; Media Center PC 6.0; InfoPath.2; Tablet PC 2.0)','2010-09-15 08:10:34'),(1,'223.255.224.2','item_ins','index','GET','http://pergudangan.baukpoltek.net/','/index.php?url=item_ins&ajax=1','Mozilla/4.0 (compatible; MSIE 8.0; Windows NT 6.1; Trident/4.0; SLCC2; .NET CLR 2.0.50727; .NET CLR 3.5.30729; .NET CLR 3.0.30729; Media Center PC 6.0; InfoPath.2; Tablet PC 2.0)','2010-09-15 08:11:07'),(1,'223.255.225.4','items','index','GET','http://pergudangan.baukpoltek.net/reports/stocks_per_item_id','/index.php?url=items/index/page:18&ajax=1','Mozilla/5.0 (Windows; U; Windows NT 5.1; en-US; rv:1.9.2.3) Gecko/20100401 Firefox/3.6.3','2010-09-15 05:43:11'),(1,'223.255.225.4','items','index','GET','http://pergudangan.baukpoltek.net/reports/stocks_per_item_id','/index.php?url=items&ajax=1','Mozilla/5.0 (Windows; U; Windows NT 5.1; en-US; rv:1.9.2.3) Gecko/20100401 Firefox/3.6.3','2010-09-15 05:43:06'),(1,'223.255.225.4','reports','stocks_per_item_id','GET','http://pergudangan.baukpoltek.net/items','/index.php?url=reports/stocks_per_item_id','Mozilla/5.0 (Windows; U; Windows NT 5.1; en-US; rv:1.9.2.3) Gecko/20100401 Firefox/3.6.3','2010-09-15 05:41:53'),(1,'223.255.225.4','reports','stocks_per_item_ext','GET','http://pergudangan.baukpoltek.net/reports/stocks_per_item_id','/index.php?url=reports/stocks_per_item_ext/360/2010-09-15/','Mozilla/5.0 (Windows; U; Windows NT 5.1; en-US; rv:1.9.2.3) Gecko/20100401 Firefox/3.6.3','2010-09-15 05:42:04'),(1,'223.255.225.4','reports','index','GET','http://pergudangan.baukpoltek.net/items','/index.php?url=reports/&ajax=1','Mozilla/5.0 (Windows; U; Windows NT 5.1; en-US; rv:1.9.2.3) Gecko/20100401 Firefox/3.6.3','2010-09-15 05:41:46'),(1,'223.255.225.4','items','index','GET','http://pergudangan.baukpoltek.net/items/edit/99','/index.php?url=items','Mozilla/5.0 (Windows; U; Windows NT 5.1; en-US; rv:1.9.2.3) Gecko/20100401 Firefox/3.6.3','2010-09-15 05:41:34'),(1,'223.255.225.4','items','edit','GET','http://pergudangan.baukpoltek.net/reports/stocks_per_item_id','/index.php?url=items/edit/99','Mozilla/5.0 (Windows; U; Windows NT 5.1; en-US; rv:1.9.2.3) Gecko/20100401 Firefox/3.6.3','2010-09-15 05:41:16'),(1,'223.255.225.4','items','edit','POST','http://pergudangan.baukpoltek.net/items/edit/99','/index.php?url=items/edit/99','Mozilla/5.0 (Windows; U; Windows NT 5.1; en-US; rv:1.9.2.3) Gecko/20100401 Firefox/3.6.3','2010-09-15 05:41:33'),(1,'223.255.225.4','items','index','GET','http://pergudangan.baukpoltek.net/reports/stocks_per_item_id','/index.php?url=items/index/page:5&ajax=1','Mozilla/5.0 (Windows; U; Windows NT 5.1; en-US; rv:1.9.2.3) Gecko/20100401 Firefox/3.6.3','2010-09-15 05:41:09'),(1,'223.255.225.4','items','index','GET','http://pergudangan.baukpoltek.net/reports/stocks_per_item_id','/index.php?url=items/index/page:7&ajax=1','Mozilla/5.0 (Windows; U; Windows NT 5.1; en-US; rv:1.9.2.3) Gecko/20100401 Firefox/3.6.3','2010-09-15 05:40:56'),(1,'223.255.225.4','items','index','GET','http://pergudangan.baukpoltek.net/reports/stocks_per_item_id','/index.php?url=items/index/page:6&ajax=1','Mozilla/5.0 (Windows; U; Windows NT 5.1; en-US; rv:1.9.2.3) Gecko/20100401 Firefox/3.6.3','2010-09-15 05:41:02'),(1,'223.255.225.4','items','index','GET','http://pergudangan.baukpoltek.net/reports/stocks_per_item_id','/index.php?url=items/index/page:10&ajax=1','Mozilla/5.0 (Windows; U; Windows NT 5.1; en-US; rv:1.9.2.3) Gecko/20100401 Firefox/3.6.3','2010-09-15 05:40:33'),(1,'223.255.225.4','items','index','GET','http://pergudangan.baukpoltek.net/reports/stocks_per_item_id','/index.php?url=items/index/page:8&ajax=1','Mozilla/5.0 (Windows; U; Windows NT 5.1; en-US; rv:1.9.2.3) Gecko/20100401 Firefox/3.6.3','2010-09-15 05:40:50'),(1,'223.255.225.4','items','index','GET','http://pergudangan.baukpoltek.net/reports/stocks_per_item_id','/index.php?url=items/index/page:9&ajax=1','Mozilla/5.0 (Windows; U; Windows NT 5.1; en-US; rv:1.9.2.3) Gecko/20100401 Firefox/3.6.3','2010-09-15 05:40:39'),(1,'223.255.225.4','items','index','GET','http://pergudangan.baukpoltek.net/reports/stocks_per_item_id','/index.php?url=items/index/page:17&ajax=1','Mozilla/5.0 (Windows; U; Windows NT 5.1; en-US; rv:1.9.2.3) Gecko/20100401 Firefox/3.6.3','2010-09-15 05:39:35'),(1,'223.255.225.4','items','index','GET','http://pergudangan.baukpoltek.net/reports/stocks_per_item_id','/index.php?url=items/index/page:16&ajax=1','Mozilla/5.0 (Windows; U; Windows NT 5.1; en-US; rv:1.9.2.3) Gecko/20100401 Firefox/3.6.3','2010-09-15 05:39:53'),(1,'223.255.225.4','items','index','GET','http://pergudangan.baukpoltek.net/reports/stocks_per_item_id','/index.php?url=items/index/page:15&ajax=1','Mozilla/5.0 (Windows; U; Windows NT 5.1; en-US; rv:1.9.2.3) Gecko/20100401 Firefox/3.6.3','2010-09-15 05:39:58'),(1,'223.255.225.4','items','index','GET','http://pergudangan.baukpoltek.net/reports/stocks_per_item_id','/index.php?url=items/index/page:14&ajax=1','Mozilla/5.0 (Windows; U; Windows NT 5.1; en-US; rv:1.9.2.3) Gecko/20100401 Firefox/3.6.3','2010-09-15 05:40:03'),(1,'223.255.225.4','items','index','GET','http://pergudangan.baukpoltek.net/reports/stocks_per_item_id','/index.php?url=items/index/page:13&ajax=1','Mozilla/5.0 (Windows; U; Windows NT 5.1; en-US; rv:1.9.2.3) Gecko/20100401 Firefox/3.6.3','2010-09-15 05:40:10'),(1,'223.255.225.4','items','index','GET','http://pergudangan.baukpoltek.net/reports/stocks_per_item_id','/index.php?url=items/index/page:12&ajax=1','Mozilla/5.0 (Windows; U; Windows NT 5.1; en-US; rv:1.9.2.3) Gecko/20100401 Firefox/3.6.3','2010-09-15 05:40:20'),(1,'223.255.225.4','items','index','GET','http://pergudangan.baukpoltek.net/reports/stocks_per_item_id','/index.php?url=items/index/page:11&ajax=1','Mozilla/5.0 (Windows; U; Windows NT 5.1; en-US; rv:1.9.2.3) Gecko/20100401 Firefox/3.6.3','2010-09-15 05:40:28'),(1,'223.255.225.4','reports','stocks_per_item_id','GET','http://pergudangan.baukpoltek.net/','/index.php?url=reports/stocks_per_item_id','Mozilla/5.0 (Windows; U; Windows NT 5.1; en-US; rv:1.9.2.3) Gecko/20100401 Firefox/3.6.3','2010-09-15 05:37:09'),(1,'223.255.225.4','reports','stocks_per_item_ext','GET','http://pergudangan.baukpoltek.net/reports/stocks_per_item_id','/index.php?url=reports/stocks_per_item_ext/97/2010-09-15/','Mozilla/5.0 (Windows; U; Windows NT 5.1; en-US; rv:1.9.2.3) Gecko/20100401 Firefox/3.6.3','2010-09-15 05:38:06'),(1,'223.255.225.4','items','index','GET','http://pergudangan.baukpoltek.net/reports/stocks_per_item_id','/index.php?url=items&ajax=1','Mozilla/5.0 (Windows; U; Windows NT 5.1; en-US; rv:1.9.2.3) Gecko/20100401 Firefox/3.6.3','2010-09-15 05:38:41'),(1,'223.255.225.4','items','index','GET','http://pergudangan.baukpoltek.net/reports/stocks_per_item_id','/index.php?url=items/index/page:9&ajax=1','Mozilla/5.0 (Windows; U; Windows NT 5.1; en-US; rv:1.9.2.3) Gecko/20100401 Firefox/3.6.3','2010-09-15 05:38:51'),(1,'223.255.225.4','items','index','GET','http://pergudangan.baukpoltek.net/reports/stocks_per_item_id','/index.php?url=items/index/page:13&ajax=1','Mozilla/5.0 (Windows; U; Windows NT 5.1; en-US; rv:1.9.2.3) Gecko/20100401 Firefox/3.6.3','2010-09-15 05:38:57'),(1,'223.255.225.4','items','index','GET','http://pergudangan.baukpoltek.net/reports/stocks_per_item_id','/index.php?url=items/index/page:17&ajax=1','Mozilla/5.0 (Windows; U; Windows NT 5.1; en-US; rv:1.9.2.3) Gecko/20100401 Firefox/3.6.3','2010-09-15 05:39:04'),(1,'223.255.225.4','items','index','GET','http://pergudangan.baukpoltek.net/reports/stocks_per_item_id','/index.php?url=items/index/page:18&ajax=1','Mozilla/5.0 (Windows; U; Windows NT 5.1; en-US; rv:1.9.2.3) Gecko/20100401 Firefox/3.6.3','2010-09-15 05:39:11'),(1,'125.165.81.173','items','view_zero_stocks','GET','http://pergudangan.baukpoltek.net/','/index.php?url=items/view_zero_stocks&ajax=1','Mozilla/5.0 (Windows; U; Windows NT 5.1; id; rv:1.9.1.12) Gecko/20100824 Firefox/3.5.12','2010-09-08 14:59:09'),(1,'206.53.152.120','pages','display','GET','http://pergudangan.baukpoltek.net/users/login','/','BlackBerry9700/5.0.0.743 Profile/MIDP-2.1 Configuration/CLDC-1.1 VendorID/100','2010-09-14 15:31:59'),(1,'206.53.152.120','items','view_zero_stocks','GET','http://pergudangan.baukpoltek.net/','/index.php?url=items/view_zero_stocks','BlackBerry9700/5.0.0.743 Profile/MIDP-2.1 Configuration/CLDC-1.1 VendorID/100','2010-09-14 15:45:56'),(1,'223.255.225.4','pages','display','GET','http://pergudangan.baukpoltek.net/users/login','/','Mozilla/5.0 (Windows; U; Windows NT 5.1; en-US; rv:1.9.2.3) Gecko/20100401 Firefox/3.6.3','2010-09-15 05:36:23'),(1,'223.255.225.4','item_outs','index','GET','http://pergudangan.baukpoltek.net/','/index.php?url=item_outs&ajax=1','Mozilla/5.0 (Windows; U; Windows NT 5.1; en-US; rv:1.9.2.3) Gecko/20100401 Firefox/3.6.3','2010-09-15 05:36:31'),(1,'223.255.225.4','reports','index','GET','http://pergudangan.baukpoltek.net/','/index.php?url=reports/&ajax=1','Mozilla/5.0 (Windows; U; Windows NT 5.1; en-US; rv:1.9.2.3) Gecko/20100401 Firefox/3.6.3','2010-09-15 05:37:03'),(1,'125.165.81.173','pages','display','GET','http://pergudangan.baukpoltek.net/users/login','/','Mozilla/5.0 (Windows; U; Windows NT 5.1; id; rv:1.9.1.12) Gecko/20100824 Firefox/3.5.12','2010-09-08 14:59:02'),(30,'222.124.65.217','item_outs','edit','PUT','http://pergudangan.baukpoltek.net/item_outs/edit/2061','/index.php?url=item_outs/edit/2061','Mozilla/5.0 (Windows; U; Windows NT 5.1; en-US) AppleWebKit/532.3 (KHTML, like Gecko) Chrome/4.0.223.11 Safari/532.3','2010-09-08 11:55:07'),(30,'222.124.65.217','item_outs','index','GET','http://pergudangan.baukpoltek.net/item_outs/edit/2061','/index.php?url=item_outs','Mozilla/5.0 (Windows; U; Windows NT 5.1; en-US) AppleWebKit/532.3 (KHTML, like Gecko) Chrome/4.0.223.11 Safari/532.3','2010-09-08 11:55:08'),(30,'222.124.65.217','users','logout','GET','http://pergudangan.baukpoltek.net/item_outs','/index.php?url=users/logout','Mozilla/5.0 (Windows; U; Windows NT 5.1; en-US) AppleWebKit/532.3 (KHTML, like Gecko) Chrome/4.0.223.11 Safari/532.3','2010-09-08 11:55:14'),(30,'222.124.65.217','item_outs','getSatuan','GET','http://pergudangan.baukpoltek.net/item_outs/edit/2061','/index.php?url=item_outs/getSatuan/58','Mozilla/5.0 (Windows; U; Windows NT 5.1; en-US) AppleWebKit/532.3 (KHTML, like Gecko) Chrome/4.0.223.11 Safari/532.3','2010-09-08 11:55:02'),(30,'222.124.65.217','item_outs','edit','GET','http://pergudangan.baukpoltek.net/item_outs','/index.php?url=item_outs/edit/2061','Mozilla/5.0 (Windows; U; Windows NT 5.1; en-US) AppleWebKit/532.3 (KHTML, like Gecko) Chrome/4.0.223.11 Safari/532.3','2010-09-08 11:55:01'),(30,'222.124.65.217','item_outs','edit','PUT','http://pergudangan.baukpoltek.net/item_outs/edit/2060','/index.php?url=item_outs/edit/2060','Mozilla/5.0 (Windows; U; Windows NT 5.1; en-US) AppleWebKit/532.3 (KHTML, like Gecko) Chrome/4.0.223.11 Safari/532.3','2010-09-08 11:54:57'),(30,'222.124.65.217','item_outs','index','GET','http://pergudangan.baukpoltek.net/item_outs/edit/2060','/index.php?url=item_outs','Mozilla/5.0 (Windows; U; Windows NT 5.1; en-US) AppleWebKit/532.3 (KHTML, like Gecko) Chrome/4.0.223.11 Safari/532.3','2010-09-08 11:54:58'),(30,'222.124.65.217','item_outs','edit','GET','http://pergudangan.baukpoltek.net/item_outs','/index.php?url=item_outs/edit/2060','Mozilla/5.0 (Windows; U; Windows NT 5.1; en-US) AppleWebKit/532.3 (KHTML, like Gecko) Chrome/4.0.223.11 Safari/532.3','2010-09-08 11:54:51'),(28,'222.124.65.217','item_outs','getSatuan','GET','http://pergudangan.baukpoltek.net/item_outs/add','/index.php?url=item_outs/getSatuan/86','Mozilla/5.0 (Windows; U; Windows NT 5.1; en-US) AppleWebKit/532.3 (KHTML, like Gecko) Chrome/4.0.223.11 Safari/532.3','2010-09-08 11:51:58'),(28,'222.124.65.217','item_outs','add','POST','http://pergudangan.baukpoltek.net/item_outs/add','/index.php?url=item_outs/add','Mozilla/5.0 (Windows; U; Windows NT 5.1; en-US) AppleWebKit/532.3 (KHTML, like Gecko) Chrome/4.0.223.11 Safari/532.3','2010-09-08 11:52:38'),(28,'222.124.65.217','item_outs','index','GET','http://pergudangan.baukpoltek.net/item_outs/add','/index.php?url=item_outs','Mozilla/5.0 (Windows; U; Windows NT 5.1; en-US) AppleWebKit/532.3 (KHTML, like Gecko) Chrome/4.0.223.11 Safari/532.3','2010-09-08 11:52:38'),(28,'222.124.65.217','item_outs','add','GET','http://pergudangan.baukpoltek.net/item_outs','/index.php?url=item_outs/add','Mozilla/5.0 (Windows; U; Windows NT 5.1; en-US) AppleWebKit/532.3 (KHTML, like Gecko) Chrome/4.0.223.11 Safari/532.3','2010-09-08 11:52:41'),(28,'222.124.65.217','item_outs','getSatuan','GET','http://pergudangan.baukpoltek.net/item_outs/add','/index.php?url=item_outs/getSatuan/65','Mozilla/5.0 (Windows; U; Windows NT 5.1; en-US) AppleWebKit/532.3 (KHTML, like Gecko) Chrome/4.0.223.11 Safari/532.3','2010-09-08 11:52:52'),(28,'222.124.65.217','item_outs','add','POST','http://pergudangan.baukpoltek.net/item_outs/add','/index.php?url=item_outs/add','Mozilla/5.0 (Windows; U; Windows NT 5.1; en-US) AppleWebKit/532.3 (KHTML, like Gecko) Chrome/4.0.223.11 Safari/532.3','2010-09-08 11:53:08'),(28,'222.124.65.217','item_outs','index','GET','http://pergudangan.baukpoltek.net/item_outs/add','/index.php?url=item_outs','Mozilla/5.0 (Windows; U; Windows NT 5.1; en-US) AppleWebKit/532.3 (KHTML, like Gecko) Chrome/4.0.223.11 Safari/532.3','2010-09-08 11:53:09'),(28,'222.124.65.217','item_outs','add','GET','http://pergudangan.baukpoltek.net/item_outs','/index.php?url=item_outs/add','Mozilla/5.0 (Windows; U; Windows NT 5.1; en-US) AppleWebKit/532.3 (KHTML, like Gecko) Chrome/4.0.223.11 Safari/532.3','2010-09-08 11:53:19'),(28,'222.124.65.217','item_outs','getSatuan','GET','http://pergudangan.baukpoltek.net/item_outs/add','/index.php?url=item_outs/getSatuan/58','Mozilla/5.0 (Windows; U; Windows NT 5.1; en-US) AppleWebKit/532.3 (KHTML, like Gecko) Chrome/4.0.223.11 Safari/532.3','2010-09-08 11:53:26'),(28,'222.124.65.217','item_outs','add','POST','http://pergudangan.baukpoltek.net/item_outs/add','/index.php?url=item_outs/add','Mozilla/5.0 (Windows; U; Windows NT 5.1; en-US) AppleWebKit/532.3 (KHTML, like Gecko) Chrome/4.0.223.11 Safari/532.3','2010-09-08 11:53:34'),(28,'222.124.65.217','item_outs','index','GET','http://pergudangan.baukpoltek.net/item_outs/add','/index.php?url=item_outs','Mozilla/5.0 (Windows; U; Windows NT 5.1; en-US) AppleWebKit/532.3 (KHTML, like Gecko) Chrome/4.0.223.11 Safari/532.3','2010-09-08 11:53:34'),(28,'222.124.65.217','users','logout','GET','http://pergudangan.baukpoltek.net/item_outs','/index.php?url=users/logout','Mozilla/5.0 (Windows; U; Windows NT 5.1; en-US) AppleWebKit/532.3 (KHTML, like Gecko) Chrome/4.0.223.11 Safari/532.3','2010-09-08 11:53:40'),(30,'222.124.65.217','item_outs','getSatuan','GET','http://pergudangan.baukpoltek.net/item_outs/edit/2060','/index.php?url=item_outs/getSatuan/65','Mozilla/5.0 (Windows; U; Windows NT 5.1; en-US) AppleWebKit/532.3 (KHTML, like Gecko) Chrome/4.0.223.11 Safari/532.3','2010-09-08 11:54:51'),(28,'222.124.65.217','item_outs','index','GET','http://pergudangan.baukpoltek.net/','/index.php?url=item_outs&ajax=1','Mozilla/5.0 (Windows; U; Windows NT 5.1; en-US) AppleWebKit/532.3 (KHTML, like Gecko) Chrome/4.0.223.11 Safari/532.3','2010-09-08 11:51:36'),(30,'222.124.65.217','item_outs','index','GET','http://pergudangan.baukpoltek.net/item_outs/edit/2059','/index.php?url=item_outs','Mozilla/5.0 (Windows; U; Windows NT 5.1; en-US) AppleWebKit/532.3 (KHTML, like Gecko) Chrome/4.0.223.11 Safari/532.3','2010-09-08 11:54:47'),(30,'222.124.65.217','item_outs','edit','PUT','http://pergudangan.baukpoltek.net/item_outs/edit/2059','/index.php?url=item_outs/edit/2059','Mozilla/5.0 (Windows; U; Windows NT 5.1; en-US) AppleWebKit/532.3 (KHTML, like Gecko) Chrome/4.0.223.11 Safari/532.3','2010-09-08 11:54:47'),(30,'222.124.65.217','item_outs','getSatuan','GET','http://pergudangan.baukpoltek.net/item_outs/edit/2059','/index.php?url=item_outs/getSatuan/86','Mozilla/5.0 (Windows; U; Windows NT 5.1; en-US) AppleWebKit/532.3 (KHTML, like Gecko) Chrome/4.0.223.11 Safari/532.3','2010-09-08 11:54:43'),(30,'222.124.65.217','item_outs','edit','GET','http://pergudangan.baukpoltek.net/item_outs','/index.php?url=item_outs/edit/2059','Mozilla/5.0 (Windows; U; Windows NT 5.1; en-US) AppleWebKit/532.3 (KHTML, like Gecko) Chrome/4.0.223.11 Safari/532.3','2010-09-08 11:54:42'),(30,'222.124.65.217','item_outs','index','GET','http://pergudangan.baukpoltek.net/item_outs/edit/2058','/index.php?url=item_outs','Mozilla/5.0 (Windows; U; Windows NT 5.1; en-US) AppleWebKit/532.3 (KHTML, like Gecko) Chrome/4.0.223.11 Safari/532.3','2010-09-08 11:54:17'),(30,'222.124.65.217','item_outs','edit','PUT','http://pergudangan.baukpoltek.net/item_outs/edit/2058','/index.php?url=item_outs/edit/2058','Mozilla/5.0 (Windows; U; Windows NT 5.1; en-US) AppleWebKit/532.3 (KHTML, like Gecko) Chrome/4.0.223.11 Safari/532.3','2010-09-08 11:54:17'),(30,'222.124.65.217','item_outs','getSatuan','GET','http://pergudangan.baukpoltek.net/item_outs/edit/2058','/index.php?url=item_outs/getSatuan/58','Mozilla/5.0 (Windows; U; Windows NT 5.1; en-US) AppleWebKit/532.3 (KHTML, like Gecko) Chrome/4.0.223.11 Safari/532.3','2010-09-08 11:54:08'),(30,'222.124.65.217','item_outs','edit','GET','http://pergudangan.baukpoltek.net/item_outs','/index.php?url=item_outs/edit/2058','Mozilla/5.0 (Windows; U; Windows NT 5.1; en-US) AppleWebKit/532.3 (KHTML, like Gecko) Chrome/4.0.223.11 Safari/532.3','2010-09-08 11:54:06'),(30,'222.124.65.217','item_outs','index','GET','http://pergudangan.baukpoltek.net/users/login','/index.php?url=item_outs','Mozilla/5.0 (Windows; U; Windows NT 5.1; en-US) AppleWebKit/532.3 (KHTML, like Gecko) Chrome/4.0.223.11 Safari/532.3','2010-09-08 11:53:56'),(28,'222.124.65.217','item_outs','add','GET','http://pergudangan.baukpoltek.net/','/index.php?url=item_outs/add','Mozilla/5.0 (Windows; U; Windows NT 5.1; en-US) AppleWebKit/532.3 (KHTML, like Gecko) Chrome/4.0.223.11 Safari/532.3','2010-09-08 11:51:39'),(20,'222.124.65.217','item_outs','index','GET','','/index.php?url=item_outs','Mozilla/5.0 (Windows; U; Windows NT 5.1; en-US) AppleWebKit/532.3 (KHTML, like Gecko) Chrome/4.0.223.11 Safari/532.3','2010-09-08 11:46:38'),(28,'222.124.65.217','pages','display','GET','http://pergudangan.baukpoltek.net/users/login','/','Mozilla/5.0 (Windows; U; Windows NT 5.1; en-US) AppleWebKit/532.3 (KHTML, like Gecko) Chrome/4.0.223.11 Safari/532.3','2010-09-08 11:51:32'),(20,'222.124.65.217','item_outs','index','GET','','/index.php?url=item_outs','Mozilla/5.0 (Windows; U; Windows NT 5.1; en-US) AppleWebKit/532.3 (KHTML, like Gecko) Chrome/4.0.223.11 Safari/532.3','2010-09-08 11:46:34'),(20,'222.124.65.217','item_outs','index','GET','','/index.php?url=item_outs','Mozilla/5.0 (Windows; U; Windows NT 5.1; en-US) AppleWebKit/532.3 (KHTML, like Gecko) Chrome/4.0.223.11 Safari/532.3','2010-09-08 11:45:38'),(20,'222.124.65.217','item_outs','index','GET','http://pergudangan.baukpoltek.net/item_outs/add','/index.php?url=item_outs','Mozilla/5.0 (Windows; U; Windows NT 5.1; en-US) AppleWebKit/532.3 (KHTML, like Gecko) Chrome/4.0.223.11 Safari/532.3','2010-09-08 11:43:07'),(20,'222.124.65.217','item_outs','index','GET','','/index.php?url=item_outs','Mozilla/5.0 (Windows; U; Windows NT 5.1; en-US) AppleWebKit/532.3 (KHTML, like Gecko) Chrome/4.0.223.11 Safari/532.3','2010-09-08 11:45:23'),(20,'222.124.65.217','item_outs','add','POST','http://pergudangan.baukpoltek.net/item_outs/add','/index.php?url=item_outs/add','Mozilla/5.0 (Windows; U; Windows NT 5.1; en-US) AppleWebKit/532.3 (KHTML, like Gecko) Chrome/4.0.223.11 Safari/532.3','2010-09-08 11:43:06'),(20,'222.124.65.217','item_outs','getSatuan','GET','http://pergudangan.baukpoltek.net/item_outs/add','/index.php?url=item_outs/getSatuan/58','Mozilla/5.0 (Windows; U; Windows NT 5.1; en-US) AppleWebKit/532.3 (KHTML, like Gecko) Chrome/4.0.223.11 Safari/532.3','2010-09-08 11:42:21'),(20,'222.124.65.217','item_outs','add','GET','http://pergudangan.baukpoltek.net/','/index.php?url=item_outs/add','Mozilla/5.0 (Windows; U; Windows NT 5.1; en-US) AppleWebKit/532.3 (KHTML, like Gecko) Chrome/4.0.223.11 Safari/532.3','2010-09-08 11:42:09'),(20,'222.124.65.217','item_outs','index','GET','http://pergudangan.baukpoltek.net/','/index.php?url=item_outs&ajax=1','Mozilla/5.0 (Windows; U; Windows NT 5.1; en-US) AppleWebKit/532.3 (KHTML, like Gecko) Chrome/4.0.223.11 Safari/532.3','2010-09-08 11:41:53'),(20,'222.124.65.217','pages','display','GET','http://pergudangan.baukpoltek.net/users/login','/','Mozilla/5.0 (Windows; U; Windows NT 5.1; en-US) AppleWebKit/532.3 (KHTML, like Gecko) Chrome/4.0.223.11 Safari/532.3','2010-09-08 11:41:47'),(1,'222.124.65.217','users','logout','GET','http://pergudangan.baukpoltek.net/reports/stocks_per_role_id','/index.php?url=users/logout','Mozilla/5.0 (Windows; U; Windows NT 5.1; en-US; rv:1.9.1.11) Gecko/20100701 Firefox/3.5.11','2010-09-08 11:06:57'),(1,'222.124.65.217','reports','stocks','GET','http://pergudangan.baukpoltek.net/reports/stocks_per_role_id','/index.php?url=reports/stocks','Mozilla/5.0 (Windows; U; Windows NT 5.1; en-US; rv:1.9.1.11) Gecko/20100701 Firefox/3.5.11','2010-09-08 11:06:00'),(1,'222.124.65.217','reports','index','GET','http://pergudangan.baukpoltek.net/reports/stocks_per_role_id','/index.php?url=reports/&ajax=1','Mozilla/5.0 (Windows; U; Windows NT 5.1; en-US; rv:1.9.1.11) Gecko/20100701 Firefox/3.5.11','2010-09-08 11:05:55'),(1,'222.124.65.217','items','view_zero_stocks','GET','http://pergudangan.baukpoltek.net/reports/stocks_per_role_id','/index.php?url=items/view_zero_stocks&ajax=1','Mozilla/5.0 (Windows; U; Windows NT 5.1; en-US; rv:1.9.1.11) Gecko/20100701 Firefox/3.5.11','2010-09-08 11:04:37'),(1,'222.124.65.217','item_outs','index','GET','http://pergudangan.baukpoltek.net/reports/stocks_per_role_id','/index.php?url=item_outs&ajax=1','Mozilla/5.0 (Windows; U; Windows NT 5.1; en-US; rv:1.9.1.11) Gecko/20100701 Firefox/3.5.11','2010-09-08 11:04:13'),(1,'222.124.65.217','reports','stocks_per_role','POST','http://pergudangan.baukpoltek.net/reports/stocks_per_role_id','/index.php?url=reports/stocks_per_role','Mozilla/5.0 (Windows; U; Windows NT 5.1; en-US; rv:1.9.1.11) Gecko/20100701 Firefox/3.5.11','2010-09-08 11:03:42'),(1,'222.124.65.217','reports','stocks_per_role_id','GET','http://pergudangan.baukpoltek.net/reports/stocks_per_item_id','/index.php?url=reports/stocks_per_role_id','Mozilla/5.0 (Windows; U; Windows NT 5.1; en-US; rv:1.9.1.11) Gecko/20100701 Firefox/3.5.11','2010-09-08 11:03:32'),(1,'222.124.65.217','reports','index','GET','http://pergudangan.baukpoltek.net/reports/stocks_per_item_id','/index.php?url=reports/&ajax=1','Mozilla/5.0 (Windows; U; Windows NT 5.1; en-US; rv:1.9.1.11) Gecko/20100701 Firefox/3.5.11','2010-09-08 11:03:30'),(1,'222.124.65.217','reports','stocks_per_item_id','GET','http://pergudangan.baukpoltek.net/items/add','/index.php?url=reports/stocks_per_item_id','Mozilla/5.0 (Windows; U; Windows NT 5.1; en-US; rv:1.9.1.11) Gecko/20100701 Firefox/3.5.11','2010-09-08 11:03:03'),(1,'222.124.65.217','reports','stocks_per_item_ext','GET','http://pergudangan.baukpoltek.net/reports/stocks_per_item_id','/index.php?url=reports/stocks_per_item_ext/296/2010-09-08/','Mozilla/5.0 (Windows; U; Windows NT 5.1; en-US; rv:1.9.1.11) Gecko/20100701 Firefox/3.5.11','2010-09-08 11:03:09'),(1,'222.124.65.217','items','view_stocks','GET','http://pergudangan.baukpoltek.net/items/add','/index.php?url=items/view_stocks&ajax=1','Mozilla/5.0 (Windows; U; Windows NT 5.1; en-US; rv:1.9.1.11) Gecko/20100701 Firefox/3.5.11','2010-09-08 11:02:45'),(1,'222.124.65.217','reports','index','GET','http://pergudangan.baukpoltek.net/items/add','/index.php?url=reports/&ajax=1','Mozilla/5.0 (Windows; U; Windows NT 5.1; en-US; rv:1.9.1.11) Gecko/20100701 Firefox/3.5.11','2010-09-08 11:03:01'),(1,'222.124.65.217','items','add','GET','http://pergudangan.baukpoltek.net/reports/stocks_per_item_id','/index.php?url=items/add','Mozilla/5.0 (Windows; U; Windows NT 5.1; en-US; rv:1.9.1.11) Gecko/20100701 Firefox/3.5.11','2010-09-08 10:54:13'),(1,'222.124.65.217','reports','stocks_per_item_ext','GET','http://pergudangan.baukpoltek.net/reports/stocks_per_item_id','/index.php?url=reports/stocks_per_item_ext/67/2010-09-08/','Mozilla/5.0 (Windows; U; Windows NT 5.1; en-US; rv:1.9.1.11) Gecko/20100701 Firefox/3.5.11','2010-09-08 10:52:54'),(1,'222.124.65.217','items','index','GET','http://pergudangan.baukpoltek.net/reports/stocks_per_item_id','/index.php?url=items&ajax=1','Mozilla/5.0 (Windows; U; Windows NT 5.1; en-US; rv:1.9.1.11) Gecko/20100701 Firefox/3.5.11','2010-09-08 10:54:10'),(1,'222.124.65.217','reports','stocks_per_item_id','GET','http://pergudangan.baukpoltek.net/','/index.php?url=reports/stocks_per_item_id','Mozilla/5.0 (Windows; U; Windows NT 5.1; en-US; rv:1.9.1.11) Gecko/20100701 Firefox/3.5.11','2010-09-08 10:52:46'),(1,'222.124.65.217','reports','index','GET','http://pergudangan.baukpoltek.net/','/index.php?url=reports/&ajax=1','Mozilla/5.0 (Windows; U; Windows NT 5.1; en-US; rv:1.9.1.11) Gecko/20100701 Firefox/3.5.11','2010-09-08 10:52:44'),(1,'222.124.65.217','items','view_stocks','GET','http://pergudangan.baukpoltek.net/','/index.php?url=items/view_stocks&ajax=1','Mozilla/5.0 (Windows; U; Windows NT 5.1; en-US; rv:1.9.1.11) Gecko/20100701 Firefox/3.5.11','2010-09-08 10:52:37'),(1,'222.124.65.217','items','view_stocks','GET','http://pergudangan.baukpoltek.net/','/index.php?url=items/view_stocks&ajax=1','Mozilla/5.0 (Windows; U; Windows NT 5.1; en-US; rv:1.9.1.11) Gecko/20100701 Firefox/3.5.11','2010-09-08 10:49:37'),(1,'222.124.65.217','items','view_zero_stocks','GET','http://pergudangan.baukpoltek.net/','/index.php?url=items/view_zero_stocks&ajax=1','Mozilla/5.0 (Windows; U; Windows NT 5.1; en-US; rv:1.9.1.11) Gecko/20100701 Firefox/3.5.11','2010-09-08 10:45:37'),(1,'222.124.65.217','pages','display','GET','http://pergudangan.baukpoltek.net/users/login','/','Mozilla/5.0 (Windows; U; Windows NT 5.1; en-US; rv:1.9.1.11) Gecko/20100701 Firefox/3.5.11','2010-09-08 10:45:31'),(30,'202.153.225.69','users','logout','GET','http://pergudangan.baukpoltek.net/item_outs','/index.php?url=users/logout','Mozilla/4.0 (compatible; MSIE 8.0; Windows NT 5.1; Trident/4.0; GTB6.5; .NET CLR 1.1.4322)','2010-09-07 13:10:19'),(30,'202.153.225.69','item_outs','index','GET','http://pergudangan.baukpoltek.net/item_outs/edit/2057','/index.php?url=item_outs','Mozilla/4.0 (compatible; MSIE 8.0; Windows NT 5.1; Trident/4.0; GTB6.5; .NET CLR 1.1.4322)','2010-09-07 13:06:13'),(30,'202.153.225.69','item_outs','edit','PUT','http://pergudangan.baukpoltek.net/item_outs/edit/2057','/index.php?url=item_outs/edit/2057','Mozilla/4.0 (compatible; MSIE 8.0; Windows NT 5.1; Trident/4.0; GTB6.5; .NET CLR 1.1.4322)','2010-09-07 13:06:12'),(30,'202.153.225.69','item_outs','getSatuan','GET','http://pergudangan.baukpoltek.net/item_outs/edit/2057','/index.php?url=item_outs/getSatuan/40','Mozilla/4.0 (compatible; MSIE 8.0; Windows NT 5.1; Trident/4.0; GTB6.5; .NET CLR 1.1.4322)','2010-09-07 13:06:09'),(30,'202.153.225.69','item_outs','index','GET','http://pergudangan.baukpoltek.net/item_outs/edit/2056','/index.php?url=item_outs','Mozilla/4.0 (compatible; MSIE 8.0; Windows NT 5.1; Trident/4.0; GTB6.5; .NET CLR 1.1.4322)','2010-09-07 13:06:06'),(30,'202.153.225.69','item_outs','edit','GET','http://pergudangan.baukpoltek.net/item_outs','/index.php?url=item_outs/edit/2057','Mozilla/4.0 (compatible; MSIE 8.0; Windows NT 5.1; Trident/4.0; GTB6.5; .NET CLR 1.1.4322)','2010-09-07 13:06:09'),(30,'202.153.225.69','item_outs','edit','PUT','http://pergudangan.baukpoltek.net/item_outs/edit/2056','/index.php?url=item_outs/edit/2056','Mozilla/4.0 (compatible; MSIE 8.0; Windows NT 5.1; Trident/4.0; GTB6.5; .NET CLR 1.1.4322)','2010-09-07 13:06:06'),(30,'202.153.225.69','item_outs','index','GET','http://pergudangan.baukpoltek.net/item_outs/edit/2055','/index.php?url=item_outs','Mozilla/4.0 (compatible; MSIE 8.0; Windows NT 5.1; Trident/4.0; GTB6.5; .NET CLR 1.1.4322)','2010-09-07 13:06:00'),(30,'202.153.225.69','item_outs','edit','GET','http://pergudangan.baukpoltek.net/item_outs','/index.php?url=item_outs/edit/2056','Mozilla/4.0 (compatible; MSIE 8.0; Windows NT 5.1; Trident/4.0; GTB6.5; .NET CLR 1.1.4322)','2010-09-07 13:06:02'),(30,'202.153.225.69','item_outs','getSatuan','GET','http://pergudangan.baukpoltek.net/item_outs/edit/2056','/index.php?url=item_outs/getSatuan/37','Mozilla/4.0 (compatible; MSIE 8.0; Windows NT 5.1; Trident/4.0; GTB6.5; .NET CLR 1.1.4322)','2010-09-07 13:06:03'),(30,'202.153.225.69','item_outs','edit','PUT','http://pergudangan.baukpoltek.net/item_outs/edit/2055','/index.php?url=item_outs/edit/2055','Mozilla/4.0 (compatible; MSIE 8.0; Windows NT 5.1; Trident/4.0; GTB6.5; .NET CLR 1.1.4322)','2010-09-07 13:05:59'),(30,'202.153.225.69','item_outs','getSatuan','GET','http://pergudangan.baukpoltek.net/item_outs/edit/2055','/index.php?url=item_outs/getSatuan/196','Mozilla/4.0 (compatible; MSIE 8.0; Windows NT 5.1; Trident/4.0; GTB6.5; .NET CLR 1.1.4322)','2010-09-07 13:05:56'),(30,'202.153.225.69','item_outs','index','GET','http://pergudangan.baukpoltek.net/item_outs/edit/2054','/index.php?url=item_outs','Mozilla/4.0 (compatible; MSIE 8.0; Windows NT 5.1; Trident/4.0; GTB6.5; .NET CLR 1.1.4322)','2010-09-07 13:05:53'),(30,'202.153.225.69','item_outs','edit','GET','http://pergudangan.baukpoltek.net/item_outs','/index.php?url=item_outs/edit/2055','Mozilla/4.0 (compatible; MSIE 8.0; Windows NT 5.1; Trident/4.0; GTB6.5; .NET CLR 1.1.4322)','2010-09-07 13:05:56'),(30,'202.153.225.69','item_outs','getSatuan','GET','http://pergudangan.baukpoltek.net/item_outs/edit/2054','/index.php?url=item_outs/getSatuan/73','Mozilla/4.0 (compatible; MSIE 8.0; Windows NT 5.1; Trident/4.0; GTB6.5; .NET CLR 1.1.4322)','2010-09-07 13:05:42'),(30,'202.153.225.69','item_outs','edit','PUT','http://pergudangan.baukpoltek.net/item_outs/edit/2054','/index.php?url=item_outs/edit/2054','Mozilla/4.0 (compatible; MSIE 8.0; Windows NT 5.1; Trident/4.0; GTB6.5; .NET CLR 1.1.4322)','2010-09-07 13:05:53'),(30,'202.153.225.69','item_outs','edit','GET','http://pergudangan.baukpoltek.net/','/index.php?url=item_outs/edit/2054','Mozilla/4.0 (compatible; MSIE 8.0; Windows NT 5.1; Trident/4.0; GTB6.5; .NET CLR 1.1.4322)','2010-09-07 13:05:41'),(30,'202.153.225.69','item_outs','index','GET','http://pergudangan.baukpoltek.net/','/index.php?url=item_outs&ajax=1','Mozilla/4.0 (compatible; MSIE 8.0; Windows NT 5.1; Trident/4.0; GTB6.5; .NET CLR 1.1.4322)','2010-09-07 13:05:39'),(30,'202.153.225.69','item_outs','index','GET','http://pergudangan.baukpoltek.net/item_outs/edit/2053','/index.php?url=item_outs','Mozilla/4.0 (compatible; MSIE 8.0; Windows NT 5.1; Trident/4.0; GTB6.5; .NET CLR 1.1.4322)','2010-09-07 12:44:32'),(30,'202.153.225.69','users','logout','GET','http://pergudangan.baukpoltek.net/item_outs','/index.php?url=users/logout','Mozilla/4.0 (compatible; MSIE 8.0; Windows NT 5.1; Trident/4.0; GTB6.5; .NET CLR 1.1.4322)','2010-09-07 12:45:12'),(30,'202.153.225.69','pages','display','GET','http://pergudangan.baukpoltek.net/users/login','/','Mozilla/4.0 (compatible; MSIE 8.0; Windows NT 5.1; Trident/4.0; GTB6.5; .NET CLR 1.1.4322)','2010-09-07 13:05:33'),(30,'202.153.225.69','item_outs','index','GET','http://pergudangan.baukpoltek.net/item_outs/edit/2052','/index.php?url=item_outs','Mozilla/4.0 (compatible; MSIE 8.0; Windows NT 5.1; Trident/4.0; GTB6.5; .NET CLR 1.1.4322)','2010-09-07 12:44:26'),(30,'202.153.225.69','item_outs','edit','GET','http://pergudangan.baukpoltek.net/item_outs','/index.php?url=item_outs/edit/2053','Mozilla/4.0 (compatible; MSIE 8.0; Windows NT 5.1; Trident/4.0; GTB6.5; .NET CLR 1.1.4322)','2010-09-07 12:44:28'),(30,'202.153.225.69','item_outs','edit','PUT','http://pergudangan.baukpoltek.net/item_outs/edit/2053','/index.php?url=item_outs/edit/2053','Mozilla/4.0 (compatible; MSIE 8.0; Windows NT 5.1; Trident/4.0; GTB6.5; .NET CLR 1.1.4322)','2010-09-07 12:44:32'),(30,'202.153.225.69','item_outs','edit','PUT','http://pergudangan.baukpoltek.net/item_outs/edit/2052','/index.php?url=item_outs/edit/2052','Mozilla/4.0 (compatible; MSIE 8.0; Windows NT 5.1; Trident/4.0; GTB6.5; .NET CLR 1.1.4322)','2010-09-07 12:44:26'),(30,'202.153.225.69','item_outs','edit','GET','http://pergudangan.baukpoltek.net/item_outs','/index.php?url=item_outs/edit/2052','Mozilla/4.0 (compatible; MSIE 8.0; Windows NT 5.1; Trident/4.0; GTB6.5; .NET CLR 1.1.4322)','2010-09-07 12:44:21'),(30,'202.153.225.69','item_outs','edit','GET','http://pergudangan.baukpoltek.net/item_outs','/index.php?url=item_outs/edit/2051','Mozilla/4.0 (compatible; MSIE 8.0; Windows NT 5.1; Trident/4.0; GTB6.5; .NET CLR 1.1.4322)','2010-09-07 12:44:13'),(30,'202.153.225.69','item_outs','edit','PUT','http://pergudangan.baukpoltek.net/item_outs/edit/2051','/index.php?url=item_outs/edit/2051','Mozilla/4.0 (compatible; MSIE 8.0; Windows NT 5.1; Trident/4.0; GTB6.5; .NET CLR 1.1.4322)','2010-09-07 12:44:18'),(30,'202.153.225.69','item_outs','index','GET','http://pergudangan.baukpoltek.net/item_outs/edit/2051','/index.php?url=item_outs','Mozilla/4.0 (compatible; MSIE 8.0; Windows NT 5.1; Trident/4.0; GTB6.5; .NET CLR 1.1.4322)','2010-09-07 12:44:18'),(30,'202.153.225.69','item_outs','index','GET','http://pergudangan.baukpoltek.net/item_outs/edit/2050','/index.php?url=item_outs','Mozilla/4.0 (compatible; MSIE 8.0; Windows NT 5.1; Trident/4.0; GTB6.5; .NET CLR 1.1.4322)','2010-09-07 12:44:09'),(30,'202.153.225.69','item_outs','edit','GET','http://pergudangan.baukpoltek.net/item_outs','/index.php?url=item_outs/edit/2050','Mozilla/4.0 (compatible; MSIE 8.0; Windows NT 5.1; Trident/4.0; GTB6.5; .NET CLR 1.1.4322)','2010-09-07 12:44:05'),(30,'202.153.225.69','item_outs','edit','PUT','http://pergudangan.baukpoltek.net/item_outs/edit/2050','/index.php?url=item_outs/edit/2050','Mozilla/4.0 (compatible; MSIE 8.0; Windows NT 5.1; Trident/4.0; GTB6.5; .NET CLR 1.1.4322)','2010-09-07 12:44:09'),(30,'202.153.225.69','item_outs','index','GET','http://pergudangan.baukpoltek.net/item_outs/edit/2049','/index.php?url=item_outs','Mozilla/4.0 (compatible; MSIE 8.0; Windows NT 5.1; Trident/4.0; GTB6.5; .NET CLR 1.1.4322)','2010-09-07 12:44:01'),(30,'202.153.225.69','item_outs','edit','GET','http://pergudangan.baukpoltek.net/item_outs','/index.php?url=item_outs/edit/2049','Mozilla/4.0 (compatible; MSIE 8.0; Windows NT 5.1; Trident/4.0; GTB6.5; .NET CLR 1.1.4322)','2010-09-07 12:43:55'),(30,'202.153.225.69','item_outs','edit','PUT','http://pergudangan.baukpoltek.net/item_outs/edit/2049','/index.php?url=item_outs/edit/2049','Mozilla/4.0 (compatible; MSIE 8.0; Windows NT 5.1; Trident/4.0; GTB6.5; .NET CLR 1.1.4322)','2010-09-07 12:44:00'),(30,'202.153.225.69','item_outs','index','GET','http://pergudangan.baukpoltek.net/users/login','/index.php?url=item_outs','Mozilla/4.0 (compatible; MSIE 8.0; Windows NT 5.1; Trident/4.0; GTB6.5; .NET CLR 1.1.4322)','2010-09-07 12:43:50'),(17,'202.153.225.69','users','logout','GET','http://pergudangan.baukpoltek.net/item_outs','/index.php?url=users/logout','Mozilla/4.0 (compatible; MSIE 8.0; Windows NT 5.1; Trident/4.0; GTB6.5; .NET CLR 1.1.4322)','2010-09-07 12:43:35'),(17,'202.153.225.69','item_outs','add','POST','http://pergudangan.baukpoltek.net/item_outs/add','/index.php?url=item_outs/add','Mozilla/4.0 (compatible; MSIE 8.0; Windows NT 5.1; Trident/4.0; GTB6.5; .NET CLR 1.1.4322)','2010-09-07 12:43:24'),(17,'202.153.225.69','item_outs','index','GET','http://pergudangan.baukpoltek.net/item_outs/add','/index.php?url=item_outs','Mozilla/4.0 (compatible; MSIE 8.0; Windows NT 5.1; Trident/4.0; GTB6.5; .NET CLR 1.1.4322)','2010-09-07 12:43:24'),(17,'202.153.225.69','item_outs','getSatuan','GET','http://pergudangan.baukpoltek.net/item_outs/add','/index.php?url=item_outs/getSatuan/40','Mozilla/4.0 (compatible; MSIE 8.0; Windows NT 5.1; Trident/4.0; GTB6.5; .NET CLR 1.1.4322)','2010-09-07 12:43:17'),(17,'202.153.225.69','item_outs','index','GET','http://pergudangan.baukpoltek.net/item_outs/add','/index.php?url=item_outs','Mozilla/4.0 (compatible; MSIE 8.0; Windows NT 5.1; Trident/4.0; GTB6.5; .NET CLR 1.1.4322)','2010-09-07 12:42:58'),(17,'202.153.225.69','item_outs','add','GET','http://pergudangan.baukpoltek.net/item_outs','/index.php?url=item_outs/add','Mozilla/4.0 (compatible; MSIE 8.0; Windows NT 5.1; Trident/4.0; GTB6.5; .NET CLR 1.1.4322)','2010-09-07 12:43:02');
/*!40000 ALTER TABLE `user_logs` ENABLE KEYS */;
UNLOCK TABLES;

--
-- Table structure for table `user_preferences`
--

DROP TABLE IF EXISTS `user_preferences`;
SET @saved_cs_client     = @@character_set_client;
SET character_set_client = utf8;
CREATE TABLE `user_preferences` (
  `id` int(10) NOT NULL auto_increment,
  `user_id` int(10) NOT NULL,
  `param` varchar(20) NOT NULL,
  `value` varchar(100) NOT NULL,
  PRIMARY KEY  (`id`),
  KEY `user_id` (`user_id`),
  KEY `param` (`param`)
) ENGINE=MyISAM DEFAULT CHARSET=latin1;
SET character_set_client = @saved_cs_client;

--
-- Dumping data for table `user_preferences`
--

LOCK TABLES `user_preferences` WRITE;
/*!40000 ALTER TABLE `user_preferences` DISABLE KEYS */;
/*!40000 ALTER TABLE `user_preferences` ENABLE KEYS */;
UNLOCK TABLES;

--
-- Table structure for table `users`
--

DROP TABLE IF EXISTS `users`;
SET @saved_cs_client     = @@character_set_client;
SET character_set_client = utf8;
CREATE TABLE `users` (
  `id` int(10) NOT NULL auto_increment,
  `group_id` int(5) NOT NULL,
  `unit_code_id` smallint(6) default NULL,
  `username` varchar(10) NOT NULL,
  `name` varchar(30) NOT NULL,
  `password_real` varchar(20) NOT NULL,
  `password` char(40) NOT NULL,
  `sex` char(1) default NULL,
  `pob` varchar(20) default NULL,
  `dob` date default NULL,
  `address1` varchar(100) default NULL,
  `address2` varchar(100) default NULL,
  `address3` varchar(100) default NULL,
  `zipcode` varchar(5) default NULL,
  `city_id` int(11) default NULL,
  `province_id` tinyint(3) default NULL,
  `handphone` varchar(20) default NULL,
  `homephone` varchar(20) default NULL,
  `email` varchar(50) default NULL,
  `active` tinyint(1) NOT NULL default '1',
  `last_login` datetime default NULL,
  `created` datetime NOT NULL,
  `created_by` int(10) NOT NULL,
  `modified` datetime NOT NULL,
  `modified_by` int(10) NOT NULL,
  PRIMARY KEY  (`id`),
  UNIQUE KEY `email` (`email`),
  KEY `group_id` (`group_id`),
  KEY `username` (`username`,`password`),
  KEY `sex` (`sex`),
  KEY `name` (`name`),
  KEY `active` (`active`),
  KEY `unit_code_id` (`unit_code_id`)
) ENGINE=MyISAM AUTO_INCREMENT=73 DEFAULT CHARSET=latin1;
SET character_set_client = @saved_cs_client;

--
-- Dumping data for table `users`
--

LOCK TABLES `users` WRITE;
/*!40000 ALTER TABLE `users` DISABLE KEYS */;
INSERT INTO `users` VALUES (1,1,1,'admin','Heru Triyanto','123456','7c4a8d09ca3762af61e59520943dc26494f8941b','L','Bekasi','1984-07-13','JL Kepodang Blok C No. 7 RT003/RW004 Jaka Mulya Bekasi Selatan','','','17146',NULL,11,'081315528932','021-8226577','admin@gedex.web.id',1,'2010-09-18 23:30:10','2009-12-12 14:05:18',0,'2010-09-18 23:30:10',1),(2,1,2,'gedex','Gedex','123456','7c4a8d09ca3762af61e59520943dc26494f8941b','L','','1999-12-16','','','','',NULL,NULL,'','','akeda13@gmail.com',1,'2010-01-17 16:56:33','2009-12-16 17:18:09',1,'2010-01-17 16:56:33',1),(3,24,3,'purnomo','Drs.Purnomo Ananto, MM.','pudir2','106ce3c2551a565a2b600ae3f4d13c9319c46d23','L','','1999-12-17','','','','',NULL,NULL,'','','auah@netid.id',1,'2010-09-15 21:35:34','2009-12-17 09:57:05',1,'2010-09-15 21:35:34',1),(4,2,7,'sarmada','A.Sarmada','123','40bd001563085fc35165329ea1ff5c5ecbdbbeef','L','','1999-12-20','','','','',NULL,NULL,'','','sarmada@yahoo.co.id',1,'2010-07-28 15:30:07','2009-12-20 09:33:10',1,'2010-07-28 15:30:07',1),(5,2,7,'samiyo','Samiyo','123','40bd001563085fc35165329ea1ff5c5ecbdbbeef','','','1999-12-20','','','','',NULL,NULL,'','','udin@somewhere.net',1,'2010-09-07 12:26:05','2009-12-20 09:35:08',1,'2010-09-07 12:26:05',1),(6,2,7,'imron','Imron','123','40bd001563085fc35165329ea1ff5c5ecbdbbeef','L','','2000-01-03','','','','',NULL,NULL,'','','joni@baukpoltek.net',1,'2010-07-22 12:57:48','2010-01-03 22:58:59',1,'2010-07-22 12:57:49',1),(7,2,7,'heni','heni','123','40bd001563085fc35165329ea1ff5c5ecbdbbeef','P','Kuningan','2000-01-12','fasfadsf','','','12124',NULL,19,'1342132341324','414124124213','heni@yahoo.co.id',1,'2010-08-18 14:00:20','2010-01-12 10:17:41',1,'2010-08-18 14:00:20',1),(8,2,2,'agusp','Agus Priyogo','123','40bd001563085fc35165329ea1ff5c5ecbdbbeef','L','','2000-01-12','','','','',NULL,NULL,'','','aguspriyogo@yahoo.co.id',1,'2010-06-14 21:55:04','2010-01-12 12:10:31',1,'2010-06-14 21:55:04',0),(9,2,7,'ali','Ali Masdar','123','40bd001563085fc35165329ea1ff5c5ecbdbbeef','L','','2000-01-12','','','','',NULL,NULL,'','','alimasdar@yahoo.co.id',1,'2010-06-14 21:58:06','2010-01-12 12:11:47',1,'2010-06-14 21:58:06',0),(10,2,2,'yamin','M.Yamin','123','40bd001563085fc35165329ea1ff5c5ecbdbbeef','L','','2000-01-12','','','','',NULL,NULL,'','','yamin@yahoo.co.id',1,NULL,'2010-01-12 12:20:25',1,'2010-01-12 12:20:25',0),(11,2,6,'eri','Eri Sumantri','123','40bd001563085fc35165329ea1ff5c5ecbdbbeef','L','','2000-01-12','','','','',NULL,NULL,'','','eri@yahoo.co.id',1,'2010-06-16 08:40:42','2010-01-12 13:05:11',1,'2010-06-16 08:40:42',0),(12,2,9,'mulyanudin','Mulyanudin','123','40bd001563085fc35165329ea1ff5c5ecbdbbeef','L','','2000-01-12','','','','',NULL,NULL,'','','mulyanudin@yahoo.co.id',1,'2010-09-17 14:30:28','2010-01-12 14:51:41',1,'2010-09-17 14:30:28',0),(13,2,7,'wiwik','Dwi Wahyuningsih','123','40bd001563085fc35165329ea1ff5c5ecbdbbeef','P','','2000-01-12','','','','',NULL,NULL,'','','wiwi@yahoo.co.id',1,'2010-08-25 13:51:44','2010-01-12 17:07:17',1,'2010-08-25 13:51:44',0),(14,2,8,'nurjalih','Nurjalih','123','40bd001563085fc35165329ea1ff5c5ecbdbbeef','L','','2000-01-12','','','','',NULL,NULL,'','','nurjalih@yahoo.co.id',1,'2010-09-06 12:24:23','2010-01-12 18:16:03',1,'2010-09-06 12:24:23',0),(15,2,7,'yatmi','Suyatmi','123','40bd001563085fc35165329ea1ff5c5ecbdbbeef','P','','2000-01-13','','','','',NULL,NULL,'','','suyatmi@yahoo.co.id',1,'2010-09-16 13:22:40','2010-01-13 13:36:12',1,'2010-09-16 13:22:40',1),(16,2,3,'runny','Runny','123','40bd001563085fc35165329ea1ff5c5ecbdbbeef','P','','2000-01-15','','','','',NULL,NULL,'','','runny@yahoo.co.id',1,'2010-08-25 13:12:56','2010-01-15 15:09:25',1,'2010-08-25 13:12:56',1),(17,2,1,'ayu','Mukti Rahayu','123','40bd001563085fc35165329ea1ff5c5ecbdbbeef','P','','2000-01-14','','','','',NULL,NULL,'','','muktirahayu@yahoo.co.id',1,'2010-09-07 12:38:57','2010-01-17 16:35:08',1,'2010-09-07 12:38:57',1),(18,2,7,'firwan','Firwan ','123','40bd001563085fc35165329ea1ff5c5ecbdbbeef','L','','2000-01-20','','','','',NULL,NULL,'','','firwan@yahoo.com',1,'2010-06-30 19:46:45','2010-01-20 09:29:53',1,'2010-06-30 19:46:45',0),(19,2,7,'kusnadi','Kusnadi','123','40bd001563085fc35165329ea1ff5c5ecbdbbeef','L','','2000-01-20','','','','',NULL,NULL,'','','kusnadi@yahoo.co.id',1,'2010-07-21 10:59:56','2010-01-20 09:31:17',1,'2010-07-21 10:59:56',0),(20,2,7,'agus','Agus Ramdan','123','40bd001563085fc35165329ea1ff5c5ecbdbbeef','L','','2000-01-20','','','','',NULL,NULL,'','','agusramdan@yahoo.co.id',1,'2010-09-17 15:10:44','2010-01-20 09:45:18',1,'2010-09-17 15:10:44',1),(21,2,7,'sujadi','Sujadi','123','40bd001563085fc35165329ea1ff5c5ecbdbbeef','L','','2000-01-20','','','','',NULL,NULL,'','','sujadi@yahoo.co.id',1,'2010-06-30 17:54:29','2010-01-20 09:46:15',1,'2010-06-30 17:54:29',0),(22,2,10,'tiyo','Susetyo Rusyanto','123','40bd001563085fc35165329ea1ff5c5ecbdbbeef','L','','2000-01-20','','','','',NULL,NULL,'','','susetyo@yahoo.co.id',1,'2010-06-29 16:19:46','2010-01-20 09:48:18',1,'2010-06-29 16:19:46',0),(23,2,10,'sudrajat','Sudrajat, Drs.MM.','123','40bd001563085fc35165329ea1ff5c5ecbdbbeef','L','','2000-01-20','','','','',NULL,NULL,'','','sudrajat@yahoo.co.id',1,'2010-06-14 21:17:38','2010-01-20 09:57:31',1,'2010-06-14 21:17:38',0),(24,2,7,'uli','Uliana Kreni','123','40bd001563085fc35165329ea1ff5c5ecbdbbeef','P','','2000-01-20','','','','',NULL,NULL,'','','uliana@yahoo.co.id',1,'2010-06-29 20:02:08','2010-01-20 14:23:38',1,'2010-06-29 20:02:08',0),(25,2,12,'lela','Lelayati','123','40bd001563085fc35165329ea1ff5c5ecbdbbeef','P','','2000-01-21','','','','',NULL,NULL,'','','lelayati@yahoo.co.id',1,'2010-08-03 10:02:46','2010-01-21 12:01:27',1,'2010-08-03 10:02:46',0),(26,2,2,'lusi','Lusiana','123','40bd001563085fc35165329ea1ff5c5ecbdbbeef','P','','2000-01-22','','','','',NULL,NULL,'','','lusiana@yahoo.co.id',1,'2010-09-03 10:54:11','2010-01-22 13:10:26',1,'2010-09-03 10:54:11',1),(27,2,14,'kusdarajat','Kusdarajat','123','40bd001563085fc35165329ea1ff5c5ecbdbbeef','L','','2000-01-27','','','','',NULL,NULL,'','','kusdarajat@yahoo.co.id',1,'2010-06-14 10:30:03','2010-01-27 08:42:03',1,'2010-06-14 10:30:03',0),(28,2,7,'nasuroh','Nasuroh','123','40bd001563085fc35165329ea1ff5c5ecbdbbeef','P','','2000-01-27','','','','',NULL,NULL,'','','nasuroh@yahoo.co.id',1,'2010-09-08 11:51:32','2010-01-27 08:43:29',1,'2010-09-08 11:51:32',0),(29,2,7,'yuli','Yuliana, S.Kom.','123','40bd001563085fc35165329ea1ff5c5ecbdbbeef','P','','2000-03-02','','','','',NULL,NULL,'','','yuliana@yahoo.co.id',1,'2010-06-15 09:55:47','2010-03-02 11:49:21',1,'2010-06-15 09:55:47',0),(30,23,7,'azis','azis','837hu23','fe4cbc120cc653fd5e2f570240e2a39194e8e7f1','L','jakarta','2000-06-02','','','','',NULL,NULL,'','','azis@yahoo.co.id',1,'2010-09-17 15:12:01','2010-06-02 21:55:11',1,'2010-09-17 15:12:01',1),(31,2,7,'frido','Frido','123','40bd001563085fc35165329ea1ff5c5ecbdbbeef','L','Jakarta','2000-06-02','','','','',NULL,NULL,'','','frido@yahoo.co.id',1,'2010-07-20 17:08:16','2010-06-02 21:56:21',1,'2010-07-20 17:08:16',0),(32,2,7,'sarwono','Sarwono','123','40bd001563085fc35165329ea1ff5c5ecbdbbeef','L','Jakarta','2000-06-02','','','','',NULL,NULL,'','','sarwon0@yahoo.co.id',1,'2010-06-10 08:06:54','2010-06-02 21:57:21',1,'2010-06-10 08:06:54',0),(33,2,5,'yusmaini','Yusmaini','123','40bd001563085fc35165329ea1ff5c5ecbdbbeef','P','Padang','2000-06-02','','','','',NULL,NULL,'','','yusmaini@yahoo.co.id',1,'2010-09-06 12:19:00','2010-06-02 21:58:21',1,'2010-09-06 12:19:00',0),(34,2,14,'sutiyo','Sutiyo','123','40bd001563085fc35165329ea1ff5c5ecbdbbeef','P','Yogya','2000-06-02','','','','',NULL,NULL,'','','sutiyo@yahoo.co.id',1,'2010-06-30 09:16:49','2010-06-02 22:00:29',1,'2010-06-30 09:16:49',0),(35,2,2,'nurwahid','Nurwahid','123','40bd001563085fc35165329ea1ff5c5ecbdbbeef','L','Lampung','2000-06-02','','','','',NULL,NULL,'','','nurwahid@yahoo.co.id',1,'2010-06-30 13:31:24','2010-06-02 22:02:19',1,'2010-06-30 13:31:24',0),(36,2,14,'asep','Asep Dinarya','123','40bd001563085fc35165329ea1ff5c5ecbdbbeef','L','Bandung','2000-06-03','','','','',NULL,NULL,'','','asep@yahoo.co.id',1,'2010-06-14 20:07:12','2010-06-03 09:01:04',1,'2010-06-14 20:07:12',0),(37,2,13,'reni','Reni Nurmalasari','123','40bd001563085fc35165329ea1ff5c5ecbdbbeef','P','Tasik','2000-06-03','','','','',NULL,NULL,'','','reni@yahoo.co.id',1,'2010-09-02 14:27:01','2010-06-03 09:01:52',1,'2010-09-02 14:27:01',0),(38,2,10,'sentot','Sentot Marjuki','123','40bd001563085fc35165329ea1ff5c5ecbdbbeef','L','Kediri','2000-06-03','','','','',NULL,NULL,'','','sentot@yahoo.co.id',1,'2010-06-15 13:17:40','2010-06-03 12:07:45',1,'2010-06-15 13:17:40',0),(39,2,9,'sulis','Sulistiyo','123','40bd001563085fc35165329ea1ff5c5ecbdbbeef','L','Bandung','2000-06-03','','','','',NULL,NULL,'','','sulis@yahoo.co.id',1,'2010-06-14 22:59:29','2010-06-03 12:10:53',1,'2010-06-14 22:59:29',0),(40,2,14,'suprihatin','Suprihatin','123','40bd001563085fc35165329ea1ff5c5ecbdbbeef','P','Jakarta','2000-06-03','','','','',NULL,NULL,'','','suprihatin@yahoo.co.id',1,'2010-06-15 10:43:09','2010-06-03 12:11:42',1,'2010-06-15 10:43:09',0),(41,2,5,'taufik','Taufik','123','40bd001563085fc35165329ea1ff5c5ecbdbbeef','L','Sawangan','2000-06-03','','','','',NULL,NULL,'','','taufik@yahoo.co.id',1,'2010-06-15 12:35:26','2010-06-03 12:12:29',1,'2010-06-15 12:35:26',0),(42,2,7,'bernanti','Bernanti','123','40bd001563085fc35165329ea1ff5c5ecbdbbeef','L','Sumatera','2000-06-03','','','','',NULL,NULL,'','','bernanti@yahoo.co.id',1,'2010-06-15 12:41:32','2010-06-03 12:13:23',1,'2010-06-15 12:41:32',0),(43,2,8,'yunus','Yunus','123','40bd001563085fc35165329ea1ff5c5ecbdbbeef','L','Jakarta','2000-06-03','','','','',NULL,NULL,'','','yunus@yahoo.co.id',1,NULL,'2010-06-03 12:14:25',1,'2010-06-03 12:14:25',0),(44,2,7,'iis','Iis','123','40bd001563085fc35165329ea1ff5c5ecbdbbeef','L','Jakarta','2000-06-03','','','','',NULL,NULL,'','','isi@yahoo.co.id',1,'2010-06-15 13:30:25','2010-06-03 12:15:22',1,'2010-06-15 13:30:25',0),(45,2,7,'rusnoto','Rusnoto','123','40bd001563085fc35165329ea1ff5c5ecbdbbeef','L','Tegal','2000-06-03','','','','',NULL,NULL,'','','rusnoto@yahoo.co.id',1,'2010-06-15 13:46:35','2010-06-03 12:16:11',1,'2010-06-15 13:46:35',0),(46,2,6,'aka','Aka','123','40bd001563085fc35165329ea1ff5c5ecbdbbeef','L','Jakarta','2000-06-03','','','','',NULL,NULL,'','','aka@yahoo.co.id',1,'2010-09-07 12:13:50','2010-06-03 12:17:03',1,'2010-09-07 12:13:50',0),(47,2,14,'hasan','Hasan','123','40bd001563085fc35165329ea1ff5c5ecbdbbeef','L','Purworejo','2000-06-03','','','','',NULL,NULL,'','','hasan@yahoo.co.id',1,NULL,'2010-06-03 12:17:58',1,'2010-06-03 12:17:58',0),(48,2,14,'jamara','Jamara','123','40bd001563085fc35165329ea1ff5c5ecbdbbeef','L','','2000-06-03','','','','',NULL,NULL,'','','jamara@yahoo.co.id',1,'2010-06-15 18:55:21','2010-06-03 12:20:55',1,'2010-06-15 18:55:21',0),(49,2,14,'anto','Anto','123','40bd001563085fc35165329ea1ff5c5ecbdbbeef','L','Jakarta','2000-06-03','','','','',NULL,NULL,'','','anto@yahoo.co.id',1,NULL,'2010-06-03 12:22:28',1,'2010-06-03 12:22:28',0),(50,2,7,'tardi','Tardi','123','40bd001563085fc35165329ea1ff5c5ecbdbbeef','L','Jawa','2000-06-03','','','','',NULL,NULL,'','','tardi@yahoo.co.id',1,'2010-06-30 13:17:52','2010-06-03 12:23:17',1,'2010-06-30 13:17:52',0),(51,2,10,'benget','Benget Simamora','123','40bd001563085fc35165329ea1ff5c5ecbdbbeef','L','Sumatera','2000-06-03','','','','',NULL,NULL,'','','benget@yahoo.co.id',1,'2010-09-02 14:34:01','2010-06-03 12:24:08',1,'2010-09-02 14:34:01',0),(52,2,7,'aliyah','Aliyah','123','40bd001563085fc35165329ea1ff5c5ecbdbbeef','P','Jakarta','2000-06-03','','','','',NULL,NULL,'','','aliyah@yahoo.co.id',1,'2010-06-30 17:42:20','2010-06-03 12:24:50',1,'2010-06-30 17:42:20',0),(53,2,6,'raden','Raden Dani','123','40bd001563085fc35165329ea1ff5c5ecbdbbeef','','Jakarta','2000-06-03','','','','',NULL,NULL,'','','raden@yahoo.co.id',1,'2010-06-30 19:57:04','2010-06-03 13:10:26',1,'2010-06-30 19:57:04',0),(54,2,9,'dewi','Dewi Nita','123','40bd001563085fc35165329ea1ff5c5ecbdbbeef','','Jakarta','2000-06-03','','','','',NULL,NULL,'','','dewinita@yahoo.co.id',1,'2010-06-28 20:21:46','2010-06-03 13:11:38',1,'2010-06-28 20:21:46',0),(55,2,9,'juriana','Juriana','123','40bd001563085fc35165329ea1ff5c5ecbdbbeef','P','Sumatera','2000-06-03','','','','',NULL,NULL,'','','juriana@yahoo.co.id',1,'2010-06-03 20:09:51','2010-06-03 13:12:23',1,'2010-06-03 20:09:51',0),(56,2,4,'sakim','Sakim','123','40bd001563085fc35165329ea1ff5c5ecbdbbeef','','Jakarta','2000-06-03','','','','',NULL,NULL,'','','sakim@yahoo.co.id',1,'2010-08-19 10:30:06','2010-06-03 13:13:04',1,'2010-08-19 10:30:06',0),(57,2,6,'mucholid','Mucholid','123','40bd001563085fc35165329ea1ff5c5ecbdbbeef','L','Tegal','2000-06-03','','','','',NULL,NULL,'','','mucholid@yahoo.co.id',1,'2010-06-04 09:35:00','2010-06-03 13:13:52',1,'2010-06-04 09:35:00',0),(58,2,14,'lukman','Lukman Hakim','123','40bd001563085fc35165329ea1ff5c5ecbdbbeef','L','Jakarta','2000-06-03','','','','',NULL,NULL,'','','lukman@yahoo.co.id',1,'2010-06-09 16:00:21','2010-06-03 13:15:48',1,'2010-06-09 16:00:21',0),(59,2,7,'widodo','Widodo','123','40bd001563085fc35165329ea1ff5c5ecbdbbeef','L','Jawa','2000-06-03','','','','',NULL,NULL,'','','widodo@yahoo.co.id',1,'2010-06-09 16:13:25','2010-06-03 13:16:33',1,'2010-06-09 16:13:25',0),(60,2,14,'dwi','Dwi Riyono','123','40bd001563085fc35165329ea1ff5c5ecbdbbeef','L','Jakarta','2000-06-03','','','','',NULL,NULL,'','','dwi@yahoo.co.id',1,'2010-08-20 09:30:46','2010-06-03 13:17:27',1,'2010-08-20 09:30:46',0),(61,2,7,'eti','Etty Nurhayati','123','40bd001563085fc35165329ea1ff5c5ecbdbbeef','P','Bandung','2000-06-03','','','','',NULL,NULL,'','','eti@yahoo.co.id',1,'2010-06-09 16:33:25','2010-06-03 13:18:07',1,'2010-06-09 16:33:25',0),(62,2,14,'sudiyamto','Sudiyamto','123','40bd001563085fc35165329ea1ff5c5ecbdbbeef','L','Jawa','2000-06-03','','','','',NULL,NULL,'','','sudiyamto@yahoo.co.id',1,'2010-09-16 12:21:54','2010-06-03 13:18:53',1,'2010-09-16 12:21:54',0),(63,2,14,'rotua','Rotua Sirait','123','40bd001563085fc35165329ea1ff5c5ecbdbbeef','P','Sumatera','2000-06-03','','','','',NULL,NULL,'','','rotua@yahoo.co.id',1,'2010-08-03 12:53:18','2010-06-03 13:19:47',1,'2010-08-03 12:53:18',0),(64,2,6,'acong','Anshorudin','123','40bd001563085fc35165329ea1ff5c5ecbdbbeef','L','Tasik','2000-06-03','','','','',NULL,NULL,'','','anshorudin@yahoo.co.id',1,'2010-09-17 14:31:12','2010-06-03 13:20:53',1,'2010-09-17 14:31:12',1),(65,2,7,'bunga','Bunga','123','40bd001563085fc35165329ea1ff5c5ecbdbbeef','P','Jakarta','2000-06-03','','','','',NULL,NULL,'','','bunga@yahoo.co.id',1,'2010-06-30 13:15:01','2010-06-03 13:21:52',1,'2010-06-30 13:15:01',0),(66,2,11,'mawan','Mawan','123','40bd001563085fc35165329ea1ff5c5ecbdbbeef','L','Yogya','2000-06-03','','','','',NULL,NULL,'','','mawan@yahoo.co.id',1,'2010-06-14 20:41:40','2010-06-03 13:22:42',1,'2010-06-14 20:41:40',0),(67,2,7,'endang','Endang','123','40bd001563085fc35165329ea1ff5c5ecbdbbeef','L','bogor','2000-06-03','','','','',NULL,NULL,'','','endang@yahoo.co.id',1,'2010-06-15 12:32:51','2010-06-03 13:23:38',1,'2010-06-15 12:32:51',0),(68,2,2,'sumiarsih','Sumiarsih','123','40bd001563085fc35165329ea1ff5c5ecbdbbeef','P','Jakarta','2000-06-03','','','','',NULL,NULL,'','','sumiarsih@yahoo.co.id',1,'2010-06-09 20:34:46','2010-06-03 13:24:29',1,'2010-06-09 20:34:46',0),(69,2,14,'sunarto','Sunarto','123','40bd001563085fc35165329ea1ff5c5ecbdbbeef','L','Jakarta','2000-06-03','','','','',NULL,NULL,'','','sunarto@yahoo.co.id',1,'2010-07-20 20:17:15','2010-06-03 15:11:34',1,'2010-07-20 20:17:15',0),(70,2,14,'meuthia','Meuthia S','123','40bd001563085fc35165329ea1ff5c5ecbdbbeef','P','Jakarta','2000-06-14','','','','',NULL,NULL,'','','meuthia@yahoo.co.id',1,'2010-08-27 14:56:56','2010-06-14 20:14:59',1,'2010-08-27 14:56:56',0),(71,2,14,'majid','Abdul Majid','123','40bd001563085fc35165329ea1ff5c5ecbdbbeef','L','Jakarta','2000-06-30','','','','',NULL,NULL,'','','majid@yahoo.co.id',1,'2010-06-30 19:39:39','2010-06-30 19:10:22',1,'2010-06-30 19:39:39',0),(72,24,1,'bwa','Bambang Wasito Adi','123','40bd001563085fc35165329ea1ff5c5ecbdbbeef','','','2000-07-20','','','','',NULL,NULL,'','','bwa@yahoo.com',1,'2010-07-20 20:23:37','2010-07-20 20:23:25',1,'2010-07-20 20:23:37',0);
/*!40000 ALTER TABLE `users` ENABLE KEYS */;
UNLOCK TABLES;

--
-- Dumping routines for database 't38891_gudang'
--
DELIMITER ;;
DELIMITER ;
/*!40103 SET TIME_ZONE=@OLD_TIME_ZONE */;

/*!40101 SET SQL_MODE=@OLD_SQL_MODE */;
/*!40014 SET FOREIGN_KEY_CHECKS=@OLD_FOREIGN_KEY_CHECKS */;
/*!40014 SET UNIQUE_CHECKS=@OLD_UNIQUE_CHECKS */;
/*!40101 SET CHARACTER_SET_CLIENT=@OLD_CHARACTER_SET_CLIENT */;
/*!40101 SET CHARACTER_SET_RESULTS=@OLD_CHARACTER_SET_RESULTS */;
/*!40101 SET COLLATION_CONNECTION=@OLD_COLLATION_CONNECTION */;
/*!40111 SET SQL_NOTES=@OLD_SQL_NOTES */;

-- Dump completed on 2010-09-18 16:47:19
